web_scraper_order,web_scraper_start_url,data,data2,data3,title,title2,data4,title3,rating,rating2,data5,rating3,data6,data7,title4,title5,ratingvalue,data8,data9,image,image2,image3,image4,rating4,image5,image6,rating5,rating6,rating7,item_page_title,item_page_link,data_1,name_4,product_description,product_fabric,product_sleeve_length,product_pattern,product_country_of_origin,name,name_1,title_1,price_1,price,sizes_available,seller_link,seller_name,data_2,product_net_quantity,seller_product_count,seller_rating_count,delivery_pincode_check,delivery_dispatch_time,product_highlights,product_highlights_1,section_title,name_2,name_3,price_2,ratingValue,reviewCount,ratingValue_1,rating_1,title_2,data_3,image_7,image_4,image_6,image_5,image_1,image_2,image_3
"1791001524-1","https://www.meesho.com/elegant-printed-square-neck-bodycon-dress-with-wide-straps-and-frill-details-perfect-for-springsummerfall-ideal-for-dates-parties-beach-vacations/p/cfo4zp","₹391","₹365","₹726","Trendy Fashionista Women Dresses","Trendy Designer Women Dresses","4.3","Pretty Partywear Women Dresses","4685 Reviews","48 Reviews","","Supplier","","+1 More","","","4.3","3.9","4.2","https://images.meesho.com/images/products/682813217/hbo6b_512.webp?width=360","https://images.meesho.com/images/products/671660351/qmneo_512.webp?width=360","https://images.meesho.com/images/products/1108204163/29isy_512.webp?width=360","","https://www.meesho.com/assets/svgicons/starBlueBase.svg","","","https://www.meesho.com/assets/svgicons/star.svg","https://www.meesho.com/assets/svgicons/star.svg","https://www.meesho.com/assets/svgicons/star.svg","Trendy Fashionista Women Dresses₹391 4.24685 Reviews","https://www.meesho.com/a-line-baby-pink-dress/p/baj21t","Become a Supplier","Become a SupplierInvestor RelationsProfileCart2Top BrandsShimla ApplesJewelleryMen FashionKidsFootwearBeauty & Personal CareGroceryElectronicsInnerwear & NightwearKitchen & AppliancesBags & LuggageHealthcareStationery & Office SuppliesBike & CarFurnitureAll SareesGeorgette SareesChiffon SareesCotton SareesNet SareesSilk SareesNew CollectionBridal SareesAll KurtisAnarkali KurtisRayon KurtisCotton KurtisStraight KurtisLong KurtisAll Kurta SetsKurta Palazzo SetsKurta Pant SetsSharara SetsAnarkali Kurta SetsCotton Kurta SetsAll Dupatta SetsCotton SetsRayon SetsAll Dress MaterialsPakistani Dress MaterialsCotton Dress MaterialsPatiala Dress MaterialsBanarasi Dress MaterialsParty Wear Dress MaterialsAll LehengasShoppers FavouriteTrending LehengasAll BlousesShoppers FavouriteTrending BlousesAll GownsShoppers FavouriteTrending GownsEthnic Skirts & BottomwearEthnic Jackets & ShrugsIslamic FashionPetticoatsBlouse PiecesDupattasAll TopwearTops & TunicsDressesT-shirtsGownsTops & Bottom SetsShirtsJumpsuitsNew TrendsAll BottomwearJeans & JeggingsPalazzosTrousers & PantsLeggingsShorts & SkirtsJacketsSweatshirtsSweatersCapes, Shrug & PonchosCoatsBlazers & WaistcoatsPlus Size - Dresses & GownsPlus Size - Tops & TeesPlus size - BottomwearWomen BraWomen PantiesOther InnerwearWomen NightsuitsWomen NightdressOther SleepwearSports BottomwearSports BraTop & Bottom SetsKurti & TopwearFeeding BrasBriefs & BottomwearSummer T-ShirtsShirtsT-Shirts CombosJeansCargos/TrousersDhotis/LungisKurtasKurta SetsNehru JacketVestsBriefsBoxersTrackpantsTracksuitsGym TshirtsPyjamasNight ShortsNightsuitsShrugsJacketsSweatshirtsRakhi SpecialsShirts ComboInnerwear ComboAll AccessoriesWatchesWalletsJewellerySunglasses & Spectacle FramesBeltsMen FootwearMen Casual ShoesMen Sports ShoesMen Flip Flops and SandalsMen Formal ShoesLoafersGirlsBoysBabiesClothing SetsFrocks & DressesT-Shirt & PolosToys & GamesSummer PicksBest SellersBaby GearsBags & BackpacksKids AccessoriesParty ItemsView AllBaby Bedding & AccessoriesNewborn CareDiapersBaby Mosquito netsBaby Dry SheetsView AllCoversKey HoldersArtificial PlantsPooja NeedsParty SuppliesWallpapers & StickersShowpieces & IdolsClocks & Wall DecorView AllStorage & OrganizersCookwareKitchen ToolsKitchen AppliancesDinnerwareGlasses & BarwareKitchen LinenHome AppliancesView AllBedsheetsCurtains & AccessoriesDoormats & CarpetsPillow, Cushion & CoversBlankets & ComfortersAll Home EssentialsBathroom AccessoriesCleaning SuppliesGardeningHome ToolsInsect ProtectionShoe RacksStudy TablesCollapsible WardrobesWall ShelvesHome TempleHammock SwingLipstickEye Shadow and LinerFace MakeupMakeup Kits & CombosHair CurlersNail MakeupBrushes & AccessoriesHair RemovalPerfumes & MoreView AllBody LotionHair Oil & ShampooWhitening CreamsStraighteners & DryersFace Oil & SerumFace WashFace Masks & PeelsSoaps & ScrubsView AllOral CareWinter HealthcareEar CleanerHealth Monitor & MassagersFoot careSexual WellnessAyurveda & NutritionSanitary Pads & MoreView AllBaby Care EssentialsMom CareTrimmersBeard OilMen Perfumes & DeodorantHair Gels, Wax & SprayMen's Face & Body CareBudget Grooming KitsAll JewelleryJewellery SetsEarringsMangalsutrasNecklaces & ChainsBangles & BraceletsAnklets & NosepinsKamarbandh & MaangtikaAll AccessoriesMen WatchesWalletsMen JewellerySunglasses & Spectacle FramesBeltsAll AccessoriesWomen WatchesHair AccessoriesWomen BeltsSunglasses & Spectacle FramesScarves, Stoles & GlovesView AllHeels and SandalsFlatsBootsFlipflops & SlippersBellies and BallerinasView AllMen Casual ShoesMen Sports ShoesMen Flip Flops and SandalsMen Formal ShoesLoafersView AllBoys ShoesGirls ShoesCasual ShoesFlipflops & SlippersSandalsView AllBackpacksHandbagsSlingbagsWalletsClutchesBackpacksWaist BagsCrossbody Bags & Sling BagsView AllDuffel & Trolley BagsLaptop & Messenger BagsNeckbandSpeakersCases & CoversBluetooth EarbudsWired EarphoneMobile HoldersMobile Chargers & CablesPower BanksMicrophoneSelfie Stick & RinglightTripod & MonopodExtension CordScreen Expanders & MagnifiersView AllAnalog WatchesDigital WatchesSport WatchesCouple WatchBands & BoxesView AllView AllSweat BeltsExercise BandsTummy TrimmersSkipping RopesHand Grip StrengthenerYogaFitness AccessoriesFitness GearsCricketCycles & AccessoriesSkatingFootballBadmintonVolleyballFishingSwimmingView AllBike LED LightsBike CoversBike AccessoriesSafety Gear & ClothingHelmetsScooty & Activa AccessoriesInterior AccessoriesCar Care & CleaningCar Repair AssistanceCar Mobile & HoldersCar CoversCar Exterior AccessoriesView AllPens & PencilsDiaries & NotebooksArt & Craft SuppliesFiles & Desks OrganizersAdhesives & TapesDry FruitsMasala and spicesSnacks and NamkeensPicklesChocolates & CandiesBiscuit and cookiesCoffeeTeaView AllChildren's BooksMotivational BooksNovelsReligious BooksEconomics & CommerceView All BooksUPSC & Central Exam PreparationCompetitive Exams PreparationReference BooksSchool Textbooks & GuidesUniversity Books & GuidesAll Academic BooksCollars & LeashesClothes & GroomingFood & TreatsAquarium AccessoriesPet ToysPet BowlsDholaks & Drum setsPiano & KeyboardString InstrumentsWind InstrumentsMusical AccessoriesAll Musical InstrumentsPopularKurti, Saree & LehengaWomen WesternLingerieMenKids & ToysHome & KitchenBeauty & HealthJewellery & AccessoriesBags & FootwearElectronicsWatchesSports & FitnessCar & MotorbikeOffice Supplies & StationeryGroceryBooksPet SuppliesMusical InstrumentsFeatured On MeeshoTop BrandsShimla ApplesAll PopularJewelleryMen FashionKidsFootwearBeauty & Personal CareGroceryElectronicsInnerwear & NightwearKitchen & AppliancesBags & LuggageHealthcareStationery & Office SuppliesBike & CarFurnitureSareesAll SareesGeorgette SareesChiffon SareesCotton SareesNet SareesSilk SareesNew CollectionBridal SareesKurtisAll KurtisAnarkali KurtisRayon KurtisCotton KurtisStraight KurtisLong KurtisKurta SetsAll Kurta SetsKurta Palazzo SetsKurta Pant SetsSharara SetsAnarkali Kurta SetsCotton Kurta SetsDupatta SetsAll Dupatta SetsCotton SetsRayon SetsSuits & Dress MaterialAll Dress MaterialsPakistani Dress MaterialsCotton Dress MaterialsPatiala Dress MaterialsBanarasi Dress MaterialsParty Wear Dress MaterialsLehengasAll LehengasShoppers FavouriteTrending LehengasBlousesAll BlousesShoppers FavouriteTrending BlousesGownsAll GownsShoppers FavouriteTrending GownsOther Ethnic WearEthnic Skirts & BottomwearEthnic Jackets & ShrugsIslamic FashionPetticoatsBlouse PiecesDupattasTopwearAll TopwearTops & TunicsDressesT-shirtsGownsTops & Bottom SetsShirtsJumpsuitsNew TrendsBottom WearAll BottomwearJeans & JeggingsPalazzosTrousers & PantsLeggingsShorts & SkirtsWinterwearJacketsSweatshirtsSweatersCapes, Shrug & PonchosCoatsBlazers & WaistcoatsPlus SizePlus Size - Dresses & GownsPlus Size - Tops & TeesPlus size - BottomwearInnerwearWomen BraWomen PantiesOther InnerwearSleepwearWomen NightsuitsWomen NightdressOther SleepwearSports WearSports BottomwearSports BraTop & Bottom SetsMaternity WearKurti & TopwearFeeding BrasBriefs & BottomwearTop WearSummer T-ShirtsShirtsT-Shirts CombosBottom WearJeansCargos/TrousersDhotis/LungisEthnic WearKurtasKurta SetsNehru JacketInnerwearVestsBriefsBoxersSports WearTrackpantsTracksuitsGym TshirtsNight WearPyjamasNight ShortsNightsuitsWinter WearShrugsJacketsSweatshirtsCombo StoreRakhi SpecialsShirts ComboInnerwear ComboAccessoriesAll AccessoriesWatchesWalletsJewellerySunglasses & Spectacle FramesBeltsFootwearMen FootwearMen Casual ShoesMen Sports ShoesMen Flip Flops and SandalsMen Formal ShoesLoafersKids ClothingGirlsBoysBabiesClothing SetsFrocks & DressesT-Shirt & PolosKids ToysToys & GamesSummer PicksBest SellersBaby GearsKids AccessoriesBags & BackpacksKids AccessoriesParty ItemsBaby CareView AllBaby Bedding & AccessoriesNewborn CareDiapersBaby Mosquito netsBaby Dry SheetsHome DecorView AllCoversKey HoldersArtificial PlantsPooja NeedsParty SuppliesWallpapers & StickersShowpieces & IdolsClocks & Wall DecorKitchen & AppliancesView AllStorage & OrganizersCookwareKitchen ToolsKitchen AppliancesDinnerwareGlasses & BarwareKitchen LinenHome AppliancesHome TextilesView AllBedsheetsCurtains & AccessoriesDoormats & CarpetsPillow, Cushion & CoversBlankets & ComfortersHome ImprovementAll Home EssentialsBathroom AccessoriesCleaning SuppliesGardeningHome ToolsInsect ProtectionFurnitureShoe RacksStudy TablesCollapsible WardrobesWall ShelvesHome TempleHammock SwingMakeupLipstickEye Shadow and LinerFace MakeupMakeup Kits & CombosHair CurlersNail MakeupBrushes & AccessoriesHair RemovalPerfumes & MorePersonal CareView AllBody LotionHair Oil & ShampooWhitening CreamsStraighteners & DryersFace Oil & SerumFace WashFace Masks & PeelsSoaps & ScrubsHealthcareView AllOral CareWinter HealthcareEar CleanerHealth Monitor & MassagersFoot careSexual WellnessAyurveda & NutritionSanitary Pads & MoreBaby & MomView AllBaby Care EssentialsMom CareMens CareTrimmersBeard OilMen Perfumes & DeodorantHair Gels, Wax & SprayMen's Face & Body CareBudget Grooming KitsJewelleryAll JewelleryJewellery SetsEarringsMangalsutrasNecklaces & ChainsBangles & BraceletsAnklets & NosepinsKamarbandh & MaangtikaMen AccessoriesAll AccessoriesMen WatchesWalletsMen JewellerySunglasses & Spectacle FramesBeltsWomen AccessoriesAll AccessoriesWomen WatchesHair AccessoriesWomen BeltsSunglasses & Spectacle FramesScarves, Stoles & GlovesWomen FootwearView AllHeels and SandalsFlatsBootsFlipflops & SlippersBellies and BallerinasMen FootwearView AllMen Casual ShoesMen Sports ShoesMen Flip Flops and SandalsMen Formal ShoesLoafersKids FootwearView AllBoys ShoesGirls ShoesCasual ShoesFlipflops & SlippersSandalsWomen BagsView AllBackpacksHandbagsSlingbagsWalletsClutchesMen BagsBackpacksWaist BagsCrossbody Bags & Sling BagsTravel Bags, Luggage and AccessoriesView AllDuffel & Trolley BagsLaptop & Messenger BagsAudio & MobilesNeckbandSpeakersCases & CoversBluetooth EarbudsWired EarphoneAccessoriesMobile HoldersMobile Chargers & CablesPower BanksMicrophoneSelfie Stick & RinglightTripod & MonopodExtension CordScreen Expanders & MagnifiersView AllwatchesAnalog WatchesDigital WatchesSport WatchesCouple WatchBands & BoxesView AllFitnessView AllSweat BeltsExercise BandsTummy TrimmersSkipping RopesHand Grip StrengthenerYogaFitness AccessoriesFitness GearsSportsCricketCycles & AccessoriesSkatingFootballBadmintonVolleyballFishingSwimmingView AllBike & Scooty AccessoriesBike LED LightsBike CoversBike AccessoriesSafety Gear & ClothingHelmetsScooty & Activa AccessoriesCar AccessoriesInterior AccessoriesCar Care & CleaningCar Repair AssistanceCar Mobile & HoldersCar CoversCar Exterior AccessoriesOffice Supplies & StationeryView AllPens & PencilsDiaries & NotebooksArt & Craft SuppliesFiles & Desks OrganizersAdhesives & TapesFood & DrinksDry FruitsMasala and spicesSnacks and NamkeensPicklesChocolates & CandiesBiscuit and cookiesCoffeeTeaView AllFiction & Non FictionChildren's BooksMotivational BooksNovelsReligious BooksEconomics & CommerceView All BooksAcademic BooksUPSC & Central Exam PreparationCompetitive Exams PreparationReference BooksSchool Textbooks & GuidesUniversity Books & GuidesAll Academic BooksPet SuppliesCollars & LeashesClothes & GroomingFood & TreatsAquarium AccessoriesPet ToysPet BowlsMusical InstrumentsDholaks & Drum setsPiano & KeyboardString InstrumentsWind InstrumentsMusical AccessoriesAll Musical InstrumentsHomeWomenWomen Western WearWomen DressesA-LINE BABY PINK DRESSAdd to CartBuy Now1 Similar ProductsA-LINE BABY PINK DRESS₹3914.24685 Ratings, 1995 ReviewsSelect SizeXXSXSSMLXLXXLProduct HighlightsCOPYColorMulticolorFabricLycraFit/ ShapeFit and FlareLengthMaxiAdditional DetailsNeckRound NeckPrint or Pattern TypeFloralSurface StylingPleated or GatheredOcassionCasualSleeve LengthThree-Quarter SleevesSleeve StylingRegularPatternPrintedNet Quantity (N)1Add OnNo Add onCharacterNot ApplicableTYPEOne PieceGeneric NameDressesCountry of OriginIndiaMore InformationProduct DetailsName : A-LINE BABY PINK DRESSFabric : LycraSleeve Length : Three-Quarter SleevesPattern : PrintedNet Quantity (N) : 1Sizes :  XS (Bust Size : 34 in, Length Size: 45 in)S (Bust Size : 36 in, Length Size: 45 in)M (Bust Size : 38 in, Length Size: 47 in)L (Bust Size : 40 in, Length Size: 47 in)XL (Bust Size : 42 in, Length Size: 49 in)XXL (Bust Size : 44 in, Length Size: 49 in) Country of Origin : IndiaMore InformationSold ByMAHALAXMI_FASHIONView Shop4.033,820 Ratings14ProductsCheck Delivery Date  Enter Delivery PincodeCHECK Enter Pincode for Estimated Delivery DateDispatch in 1 dayProduct Ratings & Reviews4.24685  Ratings,1995  ReviewsPoor271Average159Good513Very Good1160Excellent2582ABDUL KAREEM SHAIK5.0Posted on 18 May 2026Yes the product is very but the problem is about the length of the dress actually my size is M by mistake I ordered L then the product after receiving me the fitting good but the only problem is about the length of the dress... So butter you order one more extra sizee... Overall the dress is super cool vintage look and pintrest vibes gurlss.. buy itHelpful (120)Chhaya Bajaj5.0Posted on 26 June 2026Kpda design mst he mgr size ka problem he Exchange ke bad prfect he size👍👍👍color thoda dull he mgr thik he...Helpful (48)View all reviews  Lowest PriceCash on DeliveryCreator-Exclusive
  14 Days ReturnsPeople also viewedTrendy Feminine Women Dresses₹384 4.12606 ReviewsTrendy Fashionable Women Dresses₹373 4.1560 ReviewsComfy Sensational Women Dresses₹377₹4047% off4.011219 ReviewsStylish Fabulous Women Dresses₹391 4.0932 ReviewsComfy Fashionista Women Dresses₹417 3.9680 Reviews+2 MoreClassic Elegant Women Dresses₹537 4.31341 Reviews+3 MorePretty Partywear Women Dresses₹570 3.9Supplier+8 MoreStylish Retro Women Dresses₹570 3.7436 ReviewsClassic Graceful Women Dresses₹445 4.2257 ReviewsClassy Sensational Women Dresses₹344 4.21809 ReviewsStylish Glamorous Women Dresses₹555 4.1Supplier+4 MoreTrendy Modern Women Dresses₹361 4.42241 ReviewsTrendy Designer Women Dresses₹365 4.348 ReviewsPretty Partywear Women Dresses₹342 4.0176 ReviewsStylish Partywear Women Dresses₹475 3.9SupplierPretty Fabulous Women Dresses₹362 4.3Supplier+1 MoreClassy Modern Women Dresses₹363 3.3Supplier+6 MoreFancy Designer Women Dresses₹382 4.2101 ReviewsUrbane Glamorous Women Dresses₹378 4.036 ReviewsStylish Retro Women Dresses₹324 4.01018 Reviews","XXL (Bust Size : 44 in, Length Size: 49 in)","Fabric : Lycra","Sleeve Length : Three-Quarter Sleeves","Pattern : Printed","","A-LINE BABY PINK DRESS","Home

Women

Women Western Wear

Women Dresses","A-LINE BABY PINK DRESS","₹391","₹391","XS

S

M

L

XL

XXL","View Shop","MAHALAXMI_FASHION","4.0","14","14Products","33,820 Ratings","CHECK","Dispatch in 1 day","Product Ratings & Reviews4.24685  Ratings,1995  ReviewsPoor271Average159Good513Very Good1160Excellent2582ABDUL KAREEM SHAIK5.0Posted on 18 May 2026Yes the product is very but the problem is about the length of the dress actually my size is M by mistake I ordered L then the product after receiving me the fitting good but the only problem is about the length of the dress... So butter you order one more extra sizee... Overall the dress is super cool vintage look and pintrest vibes gurlss.. buy itHelpful (120)Chhaya Bajaj5.0Posted on 26 June 2026Kpda design mst he mgr size ka problem he Exchange ke bad prfect he size👍👍👍color thoda dull he mgr thik he...Helpful (48)View all reviews  Lowest PriceCash on DeliveryCreator-Exclusive
  14 Days Returns","Lowest Price

Cash on Delivery

Creator-Exclusive
  14 Days Returns","People also viewed","","","","4.2","4685 Ratings, 1995 Reviews","","","","","https://www.meesho.com/assets/svgicons/meeshoLogo.svg","https://images.meesho.com/images/products/682813217/hbo6b_512.webp?width=64
https://images.meesho.com/images/products/682813217/lmheb_512.webp?width=64
https://images.meesho.com/images/products/682813217/fd3es_512.webp?width=64
https://images.meesho.com/images/products/682813217/umard_512.webp?width=64","https://images.meesho.com/images/products/682813217/hbo6b_512.webp?width=64","https://images.meesho.com/images/products/682813217/hbo6b_128.webp?width=128","https://images.meesho.com/images/products/642565629/7omhc_512.webp?width=360
https://images.meesho.com/images/products/957783815/bmi65_512.webp?width=360
https://images.meesho.com/images/products/585441965/p2lln_512.webp?width=360
https://images.meesho.com/images/products/682756698/5olrf_512.webp?width=360
https://images.meesho.com/images/products/918498561/ak4f6_512.webp?width=360","https://images.meesho.com/images/products/1095077987/qmgjl_512.webp?width=360
https://images.meesho.com/images/products/982074239/w7fi1_512.webp?width=360
https://images.meesho.com/images/products/671660351/qmneo_512.webp?width=360
https://images.meesho.com/images/products/1070473312/f8iv0_512.webp?width=360
https://images.meesho.com/images/products/1103870732/r22lm_512.webp?width=360","https://images.meesho.com/images/products/1099608434/4dmnp_512.webp?width=360
https://images.meesho.com/images/products/1096073907/eczgv_512.webp?width=360
https://images.meesho.com/images/products/1048506333/ivzyz_512.webp?width=360
https://images.meesho.com/images/products/1090995480/uv7lx_512.webp?width=360
https://images.meesho.com/images/products/714513164/f1x40_512.webp?width=360"
"1791001526-2","https://www.meesho.com/elegant-printed-square-neck-bodycon-dress-with-wide-straps-and-frill-details-perfect-for-springsummerfall-ideal-for-dates-parties-beach-vacations/p/cfo4zp","₹267","₹358","₹370","Comfy Elegant Women Dresses","Classy Fashionista Women Dresses","4.3","Fancy Ravishing Women Dresses","1856 Reviews","12139 Reviews","","360 Reviews","","+1 More","","","4.3","3.9","","https://images.meesho.com/images/products/593290236/3a3fs_512.webp?width=360","https://images.meesho.com/images/products/609307262/66cq3_512.webp?width=360","https://images.meesho.com/images/products/984881990/lezbd_512.webp?width=360","","https://www.meesho.com/assets/svgicons/star.svg","","","https://www.meesho.com/assets/svgicons/star.svg","","https://www.meesho.com/assets/svgicons/star.svg","Comfy Elegant Women Dresses₹267 4.41856 Reviews","https://www.meesho.com/black-printed-flower-dress/p/9t89oc","Become a Supplier","Become a SupplierInvestor RelationsProfileCart2Top BrandsShimla ApplesJewelleryMen FashionKidsFootwearBeauty & Personal CareGroceryElectronicsInnerwear & NightwearKitchen & AppliancesBags & LuggageHealthcareStationery & Office SuppliesBike & CarFurnitureAll SareesGeorgette SareesChiffon SareesCotton SareesNet SareesSilk SareesNew CollectionBridal SareesAll KurtisAnarkali KurtisRayon KurtisCotton KurtisStraight KurtisLong KurtisAll Kurta SetsKurta Palazzo SetsKurta Pant SetsSharara SetsAnarkali Kurta SetsCotton Kurta SetsAll Dupatta SetsCotton SetsRayon SetsAll Dress MaterialsPakistani Dress MaterialsCotton Dress MaterialsPatiala Dress MaterialsBanarasi Dress MaterialsParty Wear Dress MaterialsAll LehengasShoppers FavouriteTrending LehengasAll BlousesShoppers FavouriteTrending BlousesAll GownsShoppers FavouriteTrending GownsEthnic Skirts & BottomwearEthnic Jackets & ShrugsIslamic FashionPetticoatsBlouse PiecesDupattasAll TopwearTops & TunicsDressesT-shirtsGownsTops & Bottom SetsShirtsJumpsuitsNew TrendsAll BottomwearJeans & JeggingsPalazzosTrousers & PantsLeggingsShorts & SkirtsJacketsSweatshirtsSweatersCapes, Shrug & PonchosCoatsBlazers & WaistcoatsPlus Size - Dresses & GownsPlus Size - Tops & TeesPlus size - BottomwearWomen BraWomen PantiesOther InnerwearWomen NightsuitsWomen NightdressOther SleepwearSports BottomwearSports BraTop & Bottom SetsKurti & TopwearFeeding BrasBriefs & BottomwearSummer T-ShirtsShirtsT-Shirts CombosJeansCargos/TrousersDhotis/LungisKurtasKurta SetsNehru JacketVestsBriefsBoxersTrackpantsTracksuitsGym TshirtsPyjamasNight ShortsNightsuitsShrugsJacketsSweatshirtsRakhi SpecialsShirts ComboInnerwear ComboAll AccessoriesWatchesWalletsJewellerySunglasses & Spectacle FramesBeltsMen FootwearMen Casual ShoesMen Sports ShoesMen Flip Flops and SandalsMen Formal ShoesLoafersGirlsBoysBabiesClothing SetsFrocks & DressesT-Shirt & PolosToys & GamesSummer PicksBest SellersBaby GearsBags & BackpacksKids AccessoriesParty ItemsView AllBaby Bedding & AccessoriesNewborn CareDiapersBaby Mosquito netsBaby Dry SheetsView AllCoversKey HoldersArtificial PlantsPooja NeedsParty SuppliesWallpapers & StickersShowpieces & IdolsClocks & Wall DecorView AllStorage & OrganizersCookwareKitchen ToolsKitchen AppliancesDinnerwareGlasses & BarwareKitchen LinenHome AppliancesView AllBedsheetsCurtains & AccessoriesDoormats & CarpetsPillow, Cushion & CoversBlankets & ComfortersAll Home EssentialsBathroom AccessoriesCleaning SuppliesGardeningHome ToolsInsect ProtectionShoe RacksStudy TablesCollapsible WardrobesWall ShelvesHome TempleHammock SwingLipstickEye Shadow and LinerFace MakeupMakeup Kits & CombosHair CurlersNail MakeupBrushes & AccessoriesHair RemovalPerfumes & MoreView AllBody LotionHair Oil & ShampooWhitening CreamsStraighteners & DryersFace Oil & SerumFace WashFace Masks & PeelsSoaps & ScrubsView AllOral CareWinter HealthcareEar CleanerHealth Monitor & MassagersFoot careSexual WellnessAyurveda & NutritionSanitary Pads & MoreView AllBaby Care EssentialsMom CareTrimmersBeard OilMen Perfumes & DeodorantHair Gels, Wax & SprayMen's Face & Body CareBudget Grooming KitsAll JewelleryJewellery SetsEarringsMangalsutrasNecklaces & ChainsBangles & BraceletsAnklets & NosepinsKamarbandh & MaangtikaAll AccessoriesMen WatchesWalletsMen JewellerySunglasses & Spectacle FramesBeltsAll AccessoriesWomen WatchesHair AccessoriesWomen BeltsSunglasses & Spectacle FramesScarves, Stoles & GlovesView AllHeels and SandalsFlatsBootsFlipflops & SlippersBellies and BallerinasView AllMen Casual ShoesMen Sports ShoesMen Flip Flops and SandalsMen Formal ShoesLoafersView AllBoys ShoesGirls ShoesCasual ShoesFlipflops & SlippersSandalsView AllBackpacksHandbagsSlingbagsWalletsClutchesBackpacksWaist BagsCrossbody Bags & Sling BagsView AllDuffel & Trolley BagsLaptop & Messenger BagsNeckbandSpeakersCases & CoversBluetooth EarbudsWired EarphoneMobile HoldersMobile Chargers & CablesPower BanksMicrophoneSelfie Stick & RinglightTripod & MonopodExtension CordScreen Expanders & MagnifiersView AllAnalog WatchesDigital WatchesSport WatchesCouple WatchBands & BoxesView AllView AllSweat BeltsExercise BandsTummy TrimmersSkipping RopesHand Grip StrengthenerYogaFitness AccessoriesFitness GearsCricketCycles & AccessoriesSkatingFootballBadmintonVolleyballFishingSwimmingView AllBike LED LightsBike CoversBike AccessoriesSafety Gear & ClothingHelmetsScooty & Activa AccessoriesInterior AccessoriesCar Care & CleaningCar Repair AssistanceCar Mobile & HoldersCar CoversCar Exterior AccessoriesView AllPens & PencilsDiaries & NotebooksArt & Craft SuppliesFiles & Desks OrganizersAdhesives & TapesDry FruitsMasala and spicesSnacks and NamkeensPicklesChocolates & CandiesBiscuit and cookiesCoffeeTeaView AllChildren's BooksMotivational BooksNovelsReligious BooksEconomics & CommerceView All BooksUPSC & Central Exam PreparationCompetitive Exams PreparationReference BooksSchool Textbooks & GuidesUniversity Books & GuidesAll Academic BooksCollars & LeashesClothes & GroomingFood & TreatsAquarium AccessoriesPet ToysPet BowlsDholaks & Drum setsPiano & KeyboardString InstrumentsWind InstrumentsMusical AccessoriesAll Musical InstrumentsPopularKurti, Saree & LehengaWomen WesternLingerieMenKids & ToysHome & KitchenBeauty & HealthJewellery & AccessoriesBags & FootwearElectronicsWatchesSports & FitnessCar & MotorbikeOffice Supplies & StationeryGroceryBooksPet SuppliesMusical InstrumentsFeatured On MeeshoTop BrandsShimla ApplesAll PopularJewelleryMen FashionKidsFootwearBeauty & Personal CareGroceryElectronicsInnerwear & NightwearKitchen & AppliancesBags & LuggageHealthcareStationery & Office SuppliesBike & CarFurnitureSareesAll SareesGeorgette SareesChiffon SareesCotton SareesNet SareesSilk SareesNew CollectionBridal SareesKurtisAll KurtisAnarkali KurtisRayon KurtisCotton KurtisStraight KurtisLong KurtisKurta SetsAll Kurta SetsKurta Palazzo SetsKurta Pant SetsSharara SetsAnarkali Kurta SetsCotton Kurta SetsDupatta SetsAll Dupatta SetsCotton SetsRayon SetsSuits & Dress MaterialAll Dress MaterialsPakistani Dress MaterialsCotton Dress MaterialsPatiala Dress MaterialsBanarasi Dress MaterialsParty Wear Dress MaterialsLehengasAll LehengasShoppers FavouriteTrending LehengasBlousesAll BlousesShoppers FavouriteTrending BlousesGownsAll GownsShoppers FavouriteTrending GownsOther Ethnic WearEthnic Skirts & BottomwearEthnic Jackets & ShrugsIslamic FashionPetticoatsBlouse PiecesDupattasTopwearAll TopwearTops & TunicsDressesT-shirtsGownsTops & Bottom SetsShirtsJumpsuitsNew TrendsBottom WearAll BottomwearJeans & JeggingsPalazzosTrousers & PantsLeggingsShorts & SkirtsWinterwearJacketsSweatshirtsSweatersCapes, Shrug & PonchosCoatsBlazers & WaistcoatsPlus SizePlus Size - Dresses & GownsPlus Size - Tops & TeesPlus size - BottomwearInnerwearWomen BraWomen PantiesOther InnerwearSleepwearWomen NightsuitsWomen NightdressOther SleepwearSports WearSports BottomwearSports BraTop & Bottom SetsMaternity WearKurti & TopwearFeeding BrasBriefs & BottomwearTop WearSummer T-ShirtsShirtsT-Shirts CombosBottom WearJeansCargos/TrousersDhotis/LungisEthnic WearKurtasKurta SetsNehru JacketInnerwearVestsBriefsBoxersSports WearTrackpantsTracksuitsGym TshirtsNight WearPyjamasNight ShortsNightsuitsWinter WearShrugsJacketsSweatshirtsCombo StoreRakhi SpecialsShirts ComboInnerwear ComboAccessoriesAll AccessoriesWatchesWalletsJewellerySunglasses & Spectacle FramesBeltsFootwearMen FootwearMen Casual ShoesMen Sports ShoesMen Flip Flops and SandalsMen Formal ShoesLoafersKids ClothingGirlsBoysBabiesClothing SetsFrocks & DressesT-Shirt & PolosKids ToysToys & GamesSummer PicksBest SellersBaby GearsKids AccessoriesBags & BackpacksKids AccessoriesParty ItemsBaby CareView AllBaby Bedding & AccessoriesNewborn CareDiapersBaby Mosquito netsBaby Dry SheetsHome DecorView AllCoversKey HoldersArtificial PlantsPooja NeedsParty SuppliesWallpapers & StickersShowpieces & IdolsClocks & Wall DecorKitchen & AppliancesView AllStorage & OrganizersCookwareKitchen ToolsKitchen AppliancesDinnerwareGlasses & BarwareKitchen LinenHome AppliancesHome TextilesView AllBedsheetsCurtains & AccessoriesDoormats & CarpetsPillow, Cushion & CoversBlankets & ComfortersHome ImprovementAll Home EssentialsBathroom AccessoriesCleaning SuppliesGardeningHome ToolsInsect ProtectionFurnitureShoe RacksStudy TablesCollapsible WardrobesWall ShelvesHome TempleHammock SwingMakeupLipstickEye Shadow and LinerFace MakeupMakeup Kits & CombosHair CurlersNail MakeupBrushes & AccessoriesHair RemovalPerfumes & MorePersonal CareView AllBody LotionHair Oil & ShampooWhitening CreamsStraighteners & DryersFace Oil & SerumFace WashFace Masks & PeelsSoaps & ScrubsHealthcareView AllOral CareWinter HealthcareEar CleanerHealth Monitor & MassagersFoot careSexual WellnessAyurveda & NutritionSanitary Pads & MoreBaby & MomView AllBaby Care EssentialsMom CareMens CareTrimmersBeard OilMen Perfumes & DeodorantHair Gels, Wax & SprayMen's Face & Body CareBudget Grooming KitsJewelleryAll JewelleryJewellery SetsEarringsMangalsutrasNecklaces & ChainsBangles & BraceletsAnklets & NosepinsKamarbandh & MaangtikaMen AccessoriesAll AccessoriesMen WatchesWalletsMen JewellerySunglasses & Spectacle FramesBeltsWomen AccessoriesAll AccessoriesWomen WatchesHair AccessoriesWomen BeltsSunglasses & Spectacle FramesScarves, Stoles & GlovesWomen FootwearView AllHeels and SandalsFlatsBootsFlipflops & SlippersBellies and BallerinasMen FootwearView AllMen Casual ShoesMen Sports ShoesMen Flip Flops and SandalsMen Formal ShoesLoafersKids FootwearView AllBoys ShoesGirls ShoesCasual ShoesFlipflops & SlippersSandalsWomen BagsView AllBackpacksHandbagsSlingbagsWalletsClutchesMen BagsBackpacksWaist BagsCrossbody Bags & Sling BagsTravel Bags, Luggage and AccessoriesView AllDuffel & Trolley BagsLaptop & Messenger BagsAudio & MobilesNeckbandSpeakersCases & CoversBluetooth EarbudsWired EarphoneAccessoriesMobile HoldersMobile Chargers & CablesPower BanksMicrophoneSelfie Stick & RinglightTripod & MonopodExtension CordScreen Expanders & MagnifiersView AllwatchesAnalog WatchesDigital WatchesSport WatchesCouple WatchBands & BoxesView AllFitnessView AllSweat BeltsExercise BandsTummy TrimmersSkipping RopesHand Grip StrengthenerYogaFitness AccessoriesFitness GearsSportsCricketCycles & AccessoriesSkatingFootballBadmintonVolleyballFishingSwimmingView AllBike & Scooty AccessoriesBike LED LightsBike CoversBike AccessoriesSafety Gear & ClothingHelmetsScooty & Activa AccessoriesCar AccessoriesInterior AccessoriesCar Care & CleaningCar Repair AssistanceCar Mobile & HoldersCar CoversCar Exterior AccessoriesOffice Supplies & StationeryView AllPens & PencilsDiaries & NotebooksArt & Craft SuppliesFiles & Desks OrganizersAdhesives & TapesFood & DrinksDry FruitsMasala and spicesSnacks and NamkeensPicklesChocolates & CandiesBiscuit and cookiesCoffeeTeaView AllFiction & Non FictionChildren's BooksMotivational BooksNovelsReligious BooksEconomics & CommerceView All BooksAcademic BooksUPSC & Central Exam PreparationCompetitive Exams PreparationReference BooksSchool Textbooks & GuidesUniversity Books & GuidesAll Academic BooksPet SuppliesCollars & LeashesClothes & GroomingFood & TreatsAquarium AccessoriesPet ToysPet BowlsMusical InstrumentsDholaks & Drum setsPiano & KeyboardString InstrumentsWind InstrumentsMusical AccessoriesAll Musical InstrumentsHomeWomenWomen Western WearWomen DressesBlack printed flower dressAdd to CartBuy Now1 Similar ProductsBlack printed flower dress₹2674.41856 Ratings, 780 ReviewsSelect SizeXSSMLXLXXLProduct HighlightsCOPYColorBlackFabricLycraFit/ ShapeFit and FlareLengthCalf-LengthAdditional DetailsNeckShoulder StrapsPrint or Pattern TypeFloralSurface StylingPleated or GatheredOcassionCasualSleeve LengthSleevelessSleeve StylingSleevelessPatternPrintedNet Quantity (N)1BrandSPIVOZCharacterNot ApplicableTYPEOne PieceGeneric NameDressesCountry of OriginIndiaMore InformationProduct DetailsName : Black printed flower dressFabric : LycraSleeve Length : SleevelessPattern : PrintedNet Quantity (N) : 1Sizes :  XS (Bust Size : 34 in, Length Size: 46 in)S (Bust Size : 36 in, Length Size: 46 in)M (Bust Size : 38 in, Length Size: 46 in)L (Bust Size : 40 in, Length Size: 46 in)XL (Bust Size : 42 in, Length Size: 46 in)XXL (Bust Size : 44 in, Length Size: 46 in) Country of Origin : IndiaMore InformationSold Byaaditri_fashionView Shop4.1200,454 Ratings30ProductsCheck Delivery Date  Enter Delivery PincodeCHECK Enter Pincode for Estimated Delivery DateDispatch in 2 dayProduct Ratings & Reviews4.41856  Ratings,780  ReviewsPoor115Average48Good155Very Good401Excellent1137Meesho User5.0Posted on 20 June 2026Fabric of the dress is good fitting is perfect... stretchable material... I'm wearing M size...Helpful (23)Pooja Thakur5.0Posted on 14 Aug 2026Nice dress, then good service and good stuffingHelpful (10)View all reviews  Lowest PriceCash on Delivery7-day ReturnsPeople also viewed+5 MoreComfy Sensational Women Dresses₹393 4.1180 ReviewsComfy Feminine Women Dresses₹295 4.25447 Reviews+3 MoreClassic Designer Women Dresses₹464 4.47043 ReviewsTrendy Glamorous Women Dresses₹281 4.26927 ReviewsFancy Sensational Women Dresses₹304 4.31327 ReviewsPretty Elegant Women Dresses₹291 4.310080 ReviewsPretty Sensational Women Dresses₹322 3.7Supplier+2 MoreClassic Elegant Women Dresses₹537 4.31341 ReviewsComfy Partywear Women Dresses₹342 4.175 ReviewsComfy Designer Women Dresses₹426 4.1SupplierDresses₹220 4.1SupplierFancy Elegant Women Dresses₹425₹4281% off4.211541 ReviewsPretty Fashionista Women Dresses₹426₹4291% off4.25851 ReviewsComfy Partywear Women Dresses₹363 4.31109 ReviewsTrendy Sensational Women Dresses₹362 3.8SupplierUrbane Sensational Women Dresses₹301 4.13651 ReviewsStylish Designer Women Dresses₹362 3.8SupplierPretty Designer Women Dresses₹340 4.39173 Reviews+2 MoreTrendy Ravishing Women Dresses₹477 4.0SupplierUrbane Fashionable Women Dresses₹269 Delivery ₹63₹704.84 Reviews","XXL (Bust Size : 44 in, Length Size: 46 in)","Fabric : Lycra","Sleeve Length : Sleeveless","Pattern : Printed","","Black printed flower dress","Home

Women

Women Western Wear

Women Dresses","Black printed flower dress","₹267","₹267","XS

S

M

L

XL

XXL","View Shop","aaditri_fashion","4.1","30","30Products","200,454 Ratings","CHECK","Dispatch in 2 day","Product Ratings & Reviews4.41856  Ratings,780  ReviewsPoor115Average48Good155Very Good401Excellent1137Meesho User5.0Posted on 20 June 2026Fabric of the dress is good fitting is perfect... stretchable material... I'm wearing M size...Helpful (23)Pooja Thakur5.0Posted on 14 Aug 2026Nice dress, then good service and good stuffingHelpful (10)View all reviews  Lowest PriceCash on Delivery7-day Returns","Lowest Price

Cash on Delivery

7-day Returns","People also viewed","","","","4.4","1856 Ratings, 780 Reviews","","","","","https://www.meesho.com/assets/svgicons/meeshoLogo.svg","https://images.meesho.com/images/products/593290236/3a3fs_512.webp?width=64
https://images.meesho.com/images/products/593290236/9gfnh_512.webp?width=64
https://images.meesho.com/images/products/593290236/nkpui_512.webp?width=64","https://images.meesho.com/images/products/593290236/3a3fs_512.webp?width=64","https://images.meesho.com/images/products/593290236/3a3fs_128.webp?width=128","https://images.meesho.com/images/products/1060787135/cha8h_512.webp?width=360
https://images.meesho.com/images/products/449283828/o4seb_512.webp?width=360
https://images.meesho.com/images/products/933210159/k5ovc_512.webp?width=360
https://images.meesho.com/images/products/429196976/oz6dp_512.webp?width=360
https://images.meesho.com/images/products/450876727/owv43_512.webp?width=360","https://images.meesho.com/images/products/1097448822/icwe5_512.webp?width=360
https://images.meesho.com/images/products/723275843/roanu_512.webp?width=360
https://images.meesho.com/images/products/795773611/hphf8_512.webp?width=360
https://images.meesho.com/images/products/751914565/0bjiz_512.webp?width=360
https://images.meesho.com/images/products/1108524386/7be9j_512.webp?width=360","https://images.meesho.com/images/products/568269979/0ytv3_512.webp?width=360
https://images.meesho.com/images/products/1108546349/07vsh_512.webp?width=360
https://images.meesho.com/images/products/697622043/6ulza_512.webp?width=360
https://images.meesho.com/images/products/1095895839/aud8g_512.webp?width=360
https://images.meesho.com/images/products/702171283/bdgde_512.webp?width=360"
"1791001529-3","https://www.meesho.com/elegant-printed-square-neck-bodycon-dress-with-wide-straps-and-frill-details-perfect-for-springsummerfall-ideal-for-dates-parties-beach-vacations/p/cfo4zp","₹342","₹350","₹342","Comfy Modern Women Dresses","Stylish Feminine Women Dresses","","Classy Ravishing Women Dresses","18 Reviews","","","12 Reviews","₹359","+4 More","","3% off","","","","https://images.meesho.com/images/products/1082818632/hd66e_512.webp?width=360","https://images.meesho.com/images/products/1109802771/hmeye_512.webp?width=360","https://images.meesho.com/images/products/1082806150/xf6aw_512.webp?width=360","https://www.meesho.com/assets/svgicons/mtrusted.svg","","https://www.meesho.com/assets/svgicons/mtrusted.svg","","","","","Comfy Modern Women Dresses₹342 4.418 Reviews","https://www.meesho.com/trendy-pink-marble-design-maxi-dress-womens-long-party-wear-dress-party-evening-wear/p/hwok7c","Become a Supplier","Become a SupplierInvestor RelationsProfileCart2Top BrandsShimla ApplesJewelleryMen FashionKidsFootwearBeauty & Personal CareGroceryElectronicsInnerwear & NightwearKitchen & AppliancesBags & LuggageHealthcareStationery & Office SuppliesBike & CarFurnitureAll SareesGeorgette SareesChiffon SareesCotton SareesNet SareesSilk SareesNew CollectionBridal SareesAll KurtisAnarkali KurtisRayon KurtisCotton KurtisStraight KurtisLong KurtisAll Kurta SetsKurta Palazzo SetsKurta Pant SetsSharara SetsAnarkali Kurta SetsCotton Kurta SetsAll Dupatta SetsCotton SetsRayon SetsAll Dress MaterialsPakistani Dress MaterialsCotton Dress MaterialsPatiala Dress MaterialsBanarasi Dress MaterialsParty Wear Dress MaterialsAll LehengasShoppers FavouriteTrending LehengasAll BlousesShoppers FavouriteTrending BlousesAll GownsShoppers FavouriteTrending GownsEthnic Skirts & BottomwearEthnic Jackets & ShrugsIslamic FashionPetticoatsBlouse PiecesDupattasAll TopwearTops & TunicsDressesT-shirtsGownsTops & Bottom SetsShirtsJumpsuitsNew TrendsAll BottomwearJeans & JeggingsPalazzosTrousers & PantsLeggingsShorts & SkirtsJacketsSweatshirtsSweatersCapes, Shrug & PonchosCoatsBlazers & WaistcoatsPlus Size - Dresses & GownsPlus Size - Tops & TeesPlus size - BottomwearWomen BraWomen PantiesOther InnerwearWomen NightsuitsWomen NightdressOther SleepwearSports BottomwearSports BraTop & Bottom SetsKurti & TopwearFeeding BrasBriefs & BottomwearSummer T-ShirtsShirtsT-Shirts CombosJeansCargos/TrousersDhotis/LungisKurtasKurta SetsNehru JacketVestsBriefsBoxersTrackpantsTracksuitsGym TshirtsPyjamasNight ShortsNightsuitsShrugsJacketsSweatshirtsRakhi SpecialsShirts ComboInnerwear ComboAll AccessoriesWatchesWalletsJewellerySunglasses & Spectacle FramesBeltsMen FootwearMen Casual ShoesMen Sports ShoesMen Flip Flops and SandalsMen Formal ShoesLoafersGirlsBoysBabiesClothing SetsFrocks & DressesT-Shirt & PolosToys & GamesSummer PicksBest SellersBaby GearsBags & BackpacksKids AccessoriesParty ItemsView AllBaby Bedding & AccessoriesNewborn CareDiapersBaby Mosquito netsBaby Dry SheetsView AllCoversKey HoldersArtificial PlantsPooja NeedsParty SuppliesWallpapers & StickersShowpieces & IdolsClocks & Wall DecorView AllStorage & OrganizersCookwareKitchen ToolsKitchen AppliancesDinnerwareGlasses & BarwareKitchen LinenHome AppliancesView AllBedsheetsCurtains & AccessoriesDoormats & CarpetsPillow, Cushion & CoversBlankets & ComfortersAll Home EssentialsBathroom AccessoriesCleaning SuppliesGardeningHome ToolsInsect ProtectionShoe RacksStudy TablesCollapsible WardrobesWall ShelvesHome TempleHammock SwingLipstickEye Shadow and LinerFace MakeupMakeup Kits & CombosHair CurlersNail MakeupBrushes & AccessoriesHair RemovalPerfumes & MoreView AllBody LotionHair Oil & ShampooWhitening CreamsStraighteners & DryersFace Oil & SerumFace WashFace Masks & PeelsSoaps & ScrubsView AllOral CareWinter HealthcareEar CleanerHealth Monitor & MassagersFoot careSexual WellnessAyurveda & NutritionSanitary Pads & MoreView AllBaby Care EssentialsMom CareTrimmersBeard OilMen Perfumes & DeodorantHair Gels, Wax & SprayMen's Face & Body CareBudget Grooming KitsAll JewelleryJewellery SetsEarringsMangalsutrasNecklaces & ChainsBangles & BraceletsAnklets & NosepinsKamarbandh & MaangtikaAll AccessoriesMen WatchesWalletsMen JewellerySunglasses & Spectacle FramesBeltsAll AccessoriesWomen WatchesHair AccessoriesWomen BeltsSunglasses & Spectacle FramesScarves, Stoles & GlovesView AllHeels and SandalsFlatsBootsFlipflops & SlippersBellies and BallerinasView AllMen Casual ShoesMen Sports ShoesMen Flip Flops and SandalsMen Formal ShoesLoafersView AllBoys ShoesGirls ShoesCasual ShoesFlipflops & SlippersSandalsView AllBackpacksHandbagsSlingbagsWalletsClutchesBackpacksWaist BagsCrossbody Bags & Sling BagsView AllDuffel & Trolley BagsLaptop & Messenger BagsNeckbandSpeakersCases & CoversBluetooth EarbudsWired EarphoneMobile HoldersMobile Chargers & CablesPower BanksMicrophoneSelfie Stick & RinglightTripod & MonopodExtension CordScreen Expanders & MagnifiersView AllAnalog WatchesDigital WatchesSport WatchesCouple WatchBands & BoxesView AllView AllSweat BeltsExercise BandsTummy TrimmersSkipping RopesHand Grip StrengthenerYogaFitness AccessoriesFitness GearsCricketCycles & AccessoriesSkatingFootballBadmintonVolleyballFishingSwimmingView AllBike LED LightsBike CoversBike AccessoriesSafety Gear & ClothingHelmetsScooty & Activa AccessoriesInterior AccessoriesCar Care & CleaningCar Repair AssistanceCar Mobile & HoldersCar CoversCar Exterior AccessoriesView AllPens & PencilsDiaries & NotebooksArt & Craft SuppliesFiles & Desks OrganizersAdhesives & TapesDry FruitsMasala and spicesSnacks and NamkeensPicklesChocolates & CandiesBiscuit and cookiesCoffeeTeaView AllChildren's BooksMotivational BooksNovelsReligious BooksEconomics & CommerceView All BooksUPSC & Central Exam PreparationCompetitive Exams PreparationReference BooksSchool Textbooks & GuidesUniversity Books & GuidesAll Academic BooksCollars & LeashesClothes & GroomingFood & TreatsAquarium AccessoriesPet ToysPet BowlsDholaks & Drum setsPiano & KeyboardString InstrumentsWind InstrumentsMusical AccessoriesAll Musical InstrumentsPopularKurti, Saree & LehengaWomen WesternLingerieMenKids & ToysHome & KitchenBeauty & HealthJewellery & AccessoriesBags & FootwearElectronicsWatchesSports & FitnessCar & MotorbikeOffice Supplies & StationeryGroceryBooksPet SuppliesMusical InstrumentsFeatured On MeeshoTop BrandsShimla ApplesAll PopularJewelleryMen FashionKidsFootwearBeauty & Personal CareGroceryElectronicsInnerwear & NightwearKitchen & AppliancesBags & LuggageHealthcareStationery & Office SuppliesBike & CarFurnitureSareesAll SareesGeorgette SareesChiffon SareesCotton SareesNet SareesSilk SareesNew CollectionBridal SareesKurtisAll KurtisAnarkali KurtisRayon KurtisCotton KurtisStraight KurtisLong KurtisKurta SetsAll Kurta SetsKurta Palazzo SetsKurta Pant SetsSharara SetsAnarkali Kurta SetsCotton Kurta SetsDupatta SetsAll Dupatta SetsCotton SetsRayon SetsSuits & Dress MaterialAll Dress MaterialsPakistani Dress MaterialsCotton Dress MaterialsPatiala Dress MaterialsBanarasi Dress MaterialsParty Wear Dress MaterialsLehengasAll LehengasShoppers FavouriteTrending LehengasBlousesAll BlousesShoppers FavouriteTrending BlousesGownsAll GownsShoppers FavouriteTrending GownsOther Ethnic WearEthnic Skirts & BottomwearEthnic Jackets & ShrugsIslamic FashionPetticoatsBlouse PiecesDupattasTopwearAll TopwearTops & TunicsDressesT-shirtsGownsTops & Bottom SetsShirtsJumpsuitsNew TrendsBottom WearAll BottomwearJeans & JeggingsPalazzosTrousers & PantsLeggingsShorts & SkirtsWinterwearJacketsSweatshirtsSweatersCapes, Shrug & PonchosCoatsBlazers & WaistcoatsPlus SizePlus Size - Dresses & GownsPlus Size - Tops & TeesPlus size - BottomwearInnerwearWomen BraWomen PantiesOther InnerwearSleepwearWomen NightsuitsWomen NightdressOther SleepwearSports WearSports BottomwearSports BraTop & Bottom SetsMaternity WearKurti & TopwearFeeding BrasBriefs & BottomwearTop WearSummer T-ShirtsShirtsT-Shirts CombosBottom WearJeansCargos/TrousersDhotis/LungisEthnic WearKurtasKurta SetsNehru JacketInnerwearVestsBriefsBoxersSports WearTrackpantsTracksuitsGym TshirtsNight WearPyjamasNight ShortsNightsuitsWinter WearShrugsJacketsSweatshirtsCombo StoreRakhi SpecialsShirts ComboInnerwear ComboAccessoriesAll AccessoriesWatchesWalletsJewellerySunglasses & Spectacle FramesBeltsFootwearMen FootwearMen Casual ShoesMen Sports ShoesMen Flip Flops and SandalsMen Formal ShoesLoafersKids ClothingGirlsBoysBabiesClothing SetsFrocks & DressesT-Shirt & PolosKids ToysToys & GamesSummer PicksBest SellersBaby GearsKids AccessoriesBags & BackpacksKids AccessoriesParty ItemsBaby CareView AllBaby Bedding & AccessoriesNewborn CareDiapersBaby Mosquito netsBaby Dry SheetsHome DecorView AllCoversKey HoldersArtificial PlantsPooja NeedsParty SuppliesWallpapers & StickersShowpieces & IdolsClocks & Wall DecorKitchen & AppliancesView AllStorage & OrganizersCookwareKitchen ToolsKitchen AppliancesDinnerwareGlasses & BarwareKitchen LinenHome AppliancesHome TextilesView AllBedsheetsCurtains & AccessoriesDoormats & CarpetsPillow, Cushion & CoversBlankets & ComfortersHome ImprovementAll Home EssentialsBathroom AccessoriesCleaning SuppliesGardeningHome ToolsInsect ProtectionFurnitureShoe RacksStudy TablesCollapsible WardrobesWall ShelvesHome TempleHammock SwingMakeupLipstickEye Shadow and LinerFace MakeupMakeup Kits & CombosHair CurlersNail MakeupBrushes & AccessoriesHair RemovalPerfumes & MorePersonal CareView AllBody LotionHair Oil & ShampooWhitening CreamsStraighteners & DryersFace Oil & SerumFace WashFace Masks & PeelsSoaps & ScrubsHealthcareView AllOral CareWinter HealthcareEar CleanerHealth Monitor & MassagersFoot careSexual WellnessAyurveda & NutritionSanitary Pads & MoreBaby & MomView AllBaby Care EssentialsMom CareMens CareTrimmersBeard OilMen Perfumes & DeodorantHair Gels, Wax & SprayMen's Face & Body CareBudget Grooming KitsJewelleryAll JewelleryJewellery SetsEarringsMangalsutrasNecklaces & ChainsBangles & BraceletsAnklets & NosepinsKamarbandh & MaangtikaMen AccessoriesAll AccessoriesMen WatchesWalletsMen JewellerySunglasses & Spectacle FramesBeltsWomen AccessoriesAll AccessoriesWomen WatchesHair AccessoriesWomen BeltsSunglasses & Spectacle FramesScarves, Stoles & GlovesWomen FootwearView AllHeels and SandalsFlatsBootsFlipflops & SlippersBellies and BallerinasMen FootwearView AllMen Casual ShoesMen Sports ShoesMen Flip Flops and SandalsMen Formal ShoesLoafersKids FootwearView AllBoys ShoesGirls ShoesCasual ShoesFlipflops & SlippersSandalsWomen BagsView AllBackpacksHandbagsSlingbagsWalletsClutchesMen BagsBackpacksWaist BagsCrossbody Bags & Sling BagsTravel Bags, Luggage and AccessoriesView AllDuffel & Trolley BagsLaptop & Messenger BagsAudio & MobilesNeckbandSpeakersCases & CoversBluetooth EarbudsWired EarphoneAccessoriesMobile HoldersMobile Chargers & CablesPower BanksMicrophoneSelfie Stick & RinglightTripod & MonopodExtension CordScreen Expanders & MagnifiersView AllwatchesAnalog WatchesDigital WatchesSport WatchesCouple WatchBands & BoxesView AllFitnessView AllSweat BeltsExercise BandsTummy TrimmersSkipping RopesHand Grip StrengthenerYogaFitness AccessoriesFitness GearsSportsCricketCycles & AccessoriesSkatingFootballBadmintonVolleyballFishingSwimmingView AllBike & Scooty AccessoriesBike LED LightsBike CoversBike AccessoriesSafety Gear & ClothingHelmetsScooty & Activa AccessoriesCar AccessoriesInterior AccessoriesCar Care & CleaningCar Repair AssistanceCar Mobile & HoldersCar CoversCar Exterior AccessoriesOffice Supplies & StationeryView AllPens & PencilsDiaries & NotebooksArt & Craft SuppliesFiles & Desks OrganizersAdhesives & TapesFood & DrinksDry FruitsMasala and spicesSnacks and NamkeensPicklesChocolates & CandiesBiscuit and cookiesCoffeeTeaView AllFiction & Non FictionChildren's BooksMotivational BooksNovelsReligious BooksEconomics & CommerceView All BooksAcademic BooksUPSC & Central Exam PreparationCompetitive Exams PreparationReference BooksSchool Textbooks & GuidesUniversity Books & GuidesAll Academic BooksPet SuppliesCollars & LeashesClothes & GroomingFood & TreatsAquarium AccessoriesPet ToysPet BowlsMusical InstrumentsDholaks & Drum setsPiano & KeyboardString InstrumentsWind InstrumentsMusical AccessoriesAll Musical InstrumentsHomeWomenWomen Western WearWomen DressesTrendy Pink Marble Design Maxi Dress Women’s Long Party Wear Dress Party & Evening WearAdd to CartBuy Now1 Similar ProductsTrendy Pink Marble Design Maxi Dress Women’s Long Party Wear Dress Party & Evening Wear₹3424.418 Ratings, 5 ReviewsSelect SizeXSSMLXLXXLProduct HighlightsCOPYColorPinkFabricLycraFit/ ShapeBodyconLengthMaxiAdditional DetailsNeckShoulder StrapsPrint or Pattern TypeFloralSurface StylingPleated or GatheredOcassionPartySleeve LengthSleevelessSleeve StylingSleevelessPatternPrintedNet Quantity (N)1Add OnNo Add onCharacterNot ApplicableTYPEOne PieceGeneric NameDressesCountry of OriginIndiaMore InformationProduct DetailsName : Trendy Pink Marble Design Maxi Dress Women’s Long Party Wear Dress Party & Evening WearFabric : LycraSleeve Length : SleevelessPattern : PrintedNet Quantity (N) : 1Sizes :  XS (Bust Size : 34 in, Length Size: 50 in)S (Bust Size : 36 in, Length Size: 50 in)M (Bust Size : 38 in, Length Size: 50 in)L (Bust Size : 40 in, Length Size: 50 in)XL (Bust Size : 42 in, Length Size: 50 in)XXL (Bust Size : 44 in, Length Size: 50 in) Elevate your style with this stunning pink marble print maxi dress, designed for a chic and elegant look. Featuring a flattering square neckline, sleeveless design, bodycon silhouette, and floor-length fit, this dress is perfect for parties, date nights, vacations, festive occasions, and special events.Country of Origin : IndiaMore InformationSold BySTARKView Shop4.0219,525 Ratings39ProductsCheck Delivery Date  Enter Delivery PincodeCHECK Enter Pincode for Estimated Delivery DateDispatch in 2 dayProduct Ratings & Reviews4.418  Ratings,5  ReviewsPoor1Average1Good0Very Good3Excellent13Arpita Dutta5.0Posted on 2 Oct 2026Nicee color nice size and comfortable to wearHelpful (0)Meesho User5.0Posted on 1 Oct 2026very useful and effortable price..Helpful (0)View all reviews  Lowest PriceCash on Delivery7-day ReturnsBest quality products from trusted suppliersPeople also viewedClassy Ravishing Women Dresses₹342 3.612 ReviewsPretty Partywear Women Dresses₹342 4.0176 ReviewsEdible Oils & Ghee Combo₹327₹3455% off3.04 ReviewsComfy Latest Women Dresses₹342 3.8136 ReviewsComfy Designer Women Dresses₹342 4.311 ReviewsStylish Modern Women Dresses₹342 4.213 Reviews+3 MorePretty Partywear Women Dresses₹570 3.9SupplierStylish Graceful Women Dresses₹342 2.84 ReviewsUrbane Feminine Women Dresses₹342 4.216 Reviews+2 MoreClassic Elegant Women Dresses₹537 4.31341 ReviewsPretty Partywear Women Dresses₹475 Comfy Ravishing Women Dresses₹342 3.9SupplierStylish Sensational Women Dresses₹342 4.118 ReviewsClassic Fashionable Women Dresses₹342 4.146 ReviewsTrendy Ravishing Women Dresses₹464 4.0SupplierClassy Sensational Women Dresses₹344 4.21809 ReviewsClassic Latest Women Dresses₹342 3.8120 ReviewsTrendy Feminine Women Dresses₹384 4.12606 ReviewsClassic Ravishing Women Dresses₹342 4.07 ReviewsClassic Sensational Women Dresses₹369₹3762% off4.15395 Reviews","XXL (Bust Size : 44 in, Length Size: 50 in)","Fabric : Lycra","Sleeve Length : Sleeveless","Pattern : Printed","","Trendy Pink Marble Design Maxi Dress Women’s Long Party Wear Dress Party & Evening Wear","Home

Women

Women Western Wear

Women Dresses","Trendy Pink Marble Design Maxi Dress Women’s Long Party Wear Dress Party & Evening Wear","₹342","₹342","XS

S

M

L

XL

XXL","View Shop","STARK","4.0","39","39Products","219,525 Ratings","CHECK","Dispatch in 2 day","Product Ratings & Reviews4.418  Ratings,5  ReviewsPoor1Average1Good0Very Good3Excellent13Arpita Dutta5.0Posted on 2 Oct 2026Nicee color nice size and comfortable to wearHelpful (0)Meesho User5.0Posted on 1 Oct 2026very useful and effortable price..Helpful (0)View all reviews  Lowest PriceCash on Delivery7-day ReturnsBest quality products from trusted suppliers","Lowest Price

Cash on Delivery

7-day Returns","People also viewed","","","","4.4","18 Ratings, 5 Reviews","","","","","https://www.meesho.com/assets/svgicons/meeshoLogo.svg","https://images.meesho.com/images/products/1082818632/hd66e_512.webp?width=64
https://images.meesho.com/images/products/1082818632/dezzn_512.webp?width=64
https://images.meesho.com/images/products/1082818632/cdzbv_512.webp?width=64
https://images.meesho.com/images/products/1082818632/knopz_512.webp?width=64","https://images.meesho.com/images/products/1082818632/hd66e_512.webp?width=64","https://images.meesho.com/images/products/1082818632/hd66e_128.webp?width=128","https://images.meesho.com/images/products/1082806150/xf6aw_512.webp?width=360
https://images.meesho.com/images/products/1070473312/f8iv0_512.webp?width=360
https://images.meesho.com/images/products/1075638417/poeh2_512.webp?width=360
https://images.meesho.com/images/products/1068981548/uw1ou_512.webp?width=360
https://images.meesho.com/images/products/1077406950/v50zc_512.webp?width=360","https://images.meesho.com/images/products/1111138130/67ife_512.webp?width=360
https://images.meesho.com/images/products/1093992026/54jat_512.webp?width=360
https://images.meesho.com/images/products/1082830762/tfytm_512.webp?width=360
https://images.meesho.com/images/products/1075386905/maxwy_512.webp?width=360
https://images.meesho.com/images/products/1111163434/7kj6r_512.webp?width=360","https://images.meesho.com/images/products/643406991/70l5a_512.webp?width=360
https://images.meesho.com/images/products/1070298255/f7fsa_512.webp?width=360
https://images.meesho.com/images/products/642565629/7omhc_512.webp?width=360
https://images.meesho.com/images/products/1075996808/qmbtc_512.webp?width=360
https://images.meesho.com/images/products/715755717/gu8wp_512.webp?width=360"
"1791001531-4","https://www.meesho.com/elegant-printed-square-neck-bodycon-dress-with-wide-straps-and-frill-details-perfect-for-springsummerfall-ideal-for-dates-parties-beach-vacations/p/cfo4zp","₹353","₹373","₹634","Trendy Graceful Women Dresses","Trendy Fashionable Women Dresses","4.1","Trendy Fashionable Women Dresses","134 Reviews","560 Reviews","","413 Reviews","","","","","","","","https://images.meesho.com/images/products/716325363/pip2n_512.webp?width=360","https://images.meesho.com/images/products/957783815/bmi65_512.webp?width=360","https://images.meesho.com/images/products/1065515258/82sca_512.webp?width=360","","","","","","","https://www.meesho.com/assets/svgicons/star.svg","Trendy Graceful Women Dresses₹353 3.8134 Reviews","https://www.meesho.com/pre-three-folwer-white-dress/p/buhc6r","Become a Supplier","Become a SupplierInvestor RelationsProfileCart2Top BrandsShimla ApplesJewelleryMen FashionKidsFootwearBeauty & Personal CareGroceryElectronicsInnerwear & NightwearKitchen & AppliancesBags & LuggageHealthcareStationery & Office SuppliesBike & CarFurnitureAll SareesGeorgette SareesChiffon SareesCotton SareesNet SareesSilk SareesNew CollectionBridal SareesAll KurtisAnarkali KurtisRayon KurtisCotton KurtisStraight KurtisLong KurtisAll Kurta SetsKurta Palazzo SetsKurta Pant SetsSharara SetsAnarkali Kurta SetsCotton Kurta SetsAll Dupatta SetsCotton SetsRayon SetsAll Dress MaterialsPakistani Dress MaterialsCotton Dress MaterialsPatiala Dress MaterialsBanarasi Dress MaterialsParty Wear Dress MaterialsAll LehengasShoppers FavouriteTrending LehengasAll BlousesShoppers FavouriteTrending BlousesAll GownsShoppers FavouriteTrending GownsEthnic Skirts & BottomwearEthnic Jackets & ShrugsIslamic FashionPetticoatsBlouse PiecesDupattasAll TopwearTops & TunicsDressesT-shirtsGownsTops & Bottom SetsShirtsJumpsuitsNew TrendsAll BottomwearJeans & JeggingsPalazzosTrousers & PantsLeggingsShorts & SkirtsJacketsSweatshirtsSweatersCapes, Shrug & PonchosCoatsBlazers & WaistcoatsPlus Size - Dresses & GownsPlus Size - Tops & TeesPlus size - BottomwearWomen BraWomen PantiesOther InnerwearWomen NightsuitsWomen NightdressOther SleepwearSports BottomwearSports BraTop & Bottom SetsKurti & TopwearFeeding BrasBriefs & BottomwearSummer T-ShirtsShirtsT-Shirts CombosJeansCargos/TrousersDhotis/LungisKurtasKurta SetsNehru JacketVestsBriefsBoxersTrackpantsTracksuitsGym TshirtsPyjamasNight ShortsNightsuitsShrugsJacketsSweatshirtsRakhi SpecialsShirts ComboInnerwear ComboAll AccessoriesWatchesWalletsJewellerySunglasses & Spectacle FramesBeltsMen FootwearMen Casual ShoesMen Sports ShoesMen Flip Flops and SandalsMen Formal ShoesLoafersGirlsBoysBabiesClothing SetsFrocks & DressesT-Shirt & PolosToys & GamesSummer PicksBest SellersBaby GearsBags & BackpacksKids AccessoriesParty ItemsView AllBaby Bedding & AccessoriesNewborn CareDiapersBaby Mosquito netsBaby Dry SheetsView AllCoversKey HoldersArtificial PlantsPooja NeedsParty SuppliesWallpapers & StickersShowpieces & IdolsClocks & Wall DecorView AllStorage & OrganizersCookwareKitchen ToolsKitchen AppliancesDinnerwareGlasses & BarwareKitchen LinenHome AppliancesView AllBedsheetsCurtains & AccessoriesDoormats & CarpetsPillow, Cushion & CoversBlankets & ComfortersAll Home EssentialsBathroom AccessoriesCleaning SuppliesGardeningHome ToolsInsect ProtectionShoe RacksStudy TablesCollapsible WardrobesWall ShelvesHome TempleHammock SwingLipstickEye Shadow and LinerFace MakeupMakeup Kits & CombosHair CurlersNail MakeupBrushes & AccessoriesHair RemovalPerfumes & MoreView AllBody LotionHair Oil & ShampooWhitening CreamsStraighteners & DryersFace Oil & SerumFace WashFace Masks & PeelsSoaps & ScrubsView AllOral CareWinter HealthcareEar CleanerHealth Monitor & MassagersFoot careSexual WellnessAyurveda & NutritionSanitary Pads & MoreView AllBaby Care EssentialsMom CareTrimmersBeard OilMen Perfumes & DeodorantHair Gels, Wax & SprayMen's Face & Body CareBudget Grooming KitsAll JewelleryJewellery SetsEarringsMangalsutrasNecklaces & ChainsBangles & BraceletsAnklets & NosepinsKamarbandh & MaangtikaAll AccessoriesMen WatchesWalletsMen JewellerySunglasses & Spectacle FramesBeltsAll AccessoriesWomen WatchesHair AccessoriesWomen BeltsSunglasses & Spectacle FramesScarves, Stoles & GlovesView AllHeels and SandalsFlatsBootsFlipflops & SlippersBellies and BallerinasView AllMen Casual ShoesMen Sports ShoesMen Flip Flops and SandalsMen Formal ShoesLoafersView AllBoys ShoesGirls ShoesCasual ShoesFlipflops & SlippersSandalsView AllBackpacksHandbagsSlingbagsWalletsClutchesBackpacksWaist BagsCrossbody Bags & Sling BagsView AllDuffel & Trolley BagsLaptop & Messenger BagsNeckbandSpeakersCases & CoversBluetooth EarbudsWired EarphoneMobile HoldersMobile Chargers & CablesPower BanksMicrophoneSelfie Stick & RinglightTripod & MonopodExtension CordScreen Expanders & MagnifiersView AllAnalog WatchesDigital WatchesSport WatchesCouple WatchBands & BoxesView AllView AllSweat BeltsExercise BandsTummy TrimmersSkipping RopesHand Grip StrengthenerYogaFitness AccessoriesFitness GearsCricketCycles & AccessoriesSkatingFootballBadmintonVolleyballFishingSwimmingView AllBike LED LightsBike CoversBike AccessoriesSafety Gear & ClothingHelmetsScooty & Activa AccessoriesInterior AccessoriesCar Care & CleaningCar Repair AssistanceCar Mobile & HoldersCar CoversCar Exterior AccessoriesView AllPens & PencilsDiaries & NotebooksArt & Craft SuppliesFiles & Desks OrganizersAdhesives & TapesDry FruitsMasala and spicesSnacks and NamkeensPicklesChocolates & CandiesBiscuit and cookiesCoffeeTeaView AllChildren's BooksMotivational BooksNovelsReligious BooksEconomics & CommerceView All BooksUPSC & Central Exam PreparationCompetitive Exams PreparationReference BooksSchool Textbooks & GuidesUniversity Books & GuidesAll Academic BooksCollars & LeashesClothes & GroomingFood & TreatsAquarium AccessoriesPet ToysPet BowlsDholaks & Drum setsPiano & KeyboardString InstrumentsWind InstrumentsMusical AccessoriesAll Musical InstrumentsPopularKurti, Saree & LehengaWomen WesternLingerieMenKids & ToysHome & KitchenBeauty & HealthJewellery & AccessoriesBags & FootwearElectronicsWatchesSports & FitnessCar & MotorbikeOffice Supplies & StationeryGroceryBooksPet SuppliesMusical InstrumentsFeatured On MeeshoTop BrandsShimla ApplesAll PopularJewelleryMen FashionKidsFootwearBeauty & Personal CareGroceryElectronicsInnerwear & NightwearKitchen & AppliancesBags & LuggageHealthcareStationery & Office SuppliesBike & CarFurnitureSareesAll SareesGeorgette SareesChiffon SareesCotton SareesNet SareesSilk SareesNew CollectionBridal SareesKurtisAll KurtisAnarkali KurtisRayon KurtisCotton KurtisStraight KurtisLong KurtisKurta SetsAll Kurta SetsKurta Palazzo SetsKurta Pant SetsSharara SetsAnarkali Kurta SetsCotton Kurta SetsDupatta SetsAll Dupatta SetsCotton SetsRayon SetsSuits & Dress MaterialAll Dress MaterialsPakistani Dress MaterialsCotton Dress MaterialsPatiala Dress MaterialsBanarasi Dress MaterialsParty Wear Dress MaterialsLehengasAll LehengasShoppers FavouriteTrending LehengasBlousesAll BlousesShoppers FavouriteTrending BlousesGownsAll GownsShoppers FavouriteTrending GownsOther Ethnic WearEthnic Skirts & BottomwearEthnic Jackets & ShrugsIslamic FashionPetticoatsBlouse PiecesDupattasTopwearAll TopwearTops & TunicsDressesT-shirtsGownsTops & Bottom SetsShirtsJumpsuitsNew TrendsBottom WearAll BottomwearJeans & JeggingsPalazzosTrousers & PantsLeggingsShorts & SkirtsWinterwearJacketsSweatshirtsSweatersCapes, Shrug & PonchosCoatsBlazers & WaistcoatsPlus SizePlus Size - Dresses & GownsPlus Size - Tops & TeesPlus size - BottomwearInnerwearWomen BraWomen PantiesOther InnerwearSleepwearWomen NightsuitsWomen NightdressOther SleepwearSports WearSports BottomwearSports BraTop & Bottom SetsMaternity WearKurti & TopwearFeeding BrasBriefs & BottomwearTop WearSummer T-ShirtsShirtsT-Shirts CombosBottom WearJeansCargos/TrousersDhotis/LungisEthnic WearKurtasKurta SetsNehru JacketInnerwearVestsBriefsBoxersSports WearTrackpantsTracksuitsGym TshirtsNight WearPyjamasNight ShortsNightsuitsWinter WearShrugsJacketsSweatshirtsCombo StoreRakhi SpecialsShirts ComboInnerwear ComboAccessoriesAll AccessoriesWatchesWalletsJewellerySunglasses & Spectacle FramesBeltsFootwearMen FootwearMen Casual ShoesMen Sports ShoesMen Flip Flops and SandalsMen Formal ShoesLoafersKids ClothingGirlsBoysBabiesClothing SetsFrocks & DressesT-Shirt & PolosKids ToysToys & GamesSummer PicksBest SellersBaby GearsKids AccessoriesBags & BackpacksKids AccessoriesParty ItemsBaby CareView AllBaby Bedding & AccessoriesNewborn CareDiapersBaby Mosquito netsBaby Dry SheetsHome DecorView AllCoversKey HoldersArtificial PlantsPooja NeedsParty SuppliesWallpapers & StickersShowpieces & IdolsClocks & Wall DecorKitchen & AppliancesView AllStorage & OrganizersCookwareKitchen ToolsKitchen AppliancesDinnerwareGlasses & BarwareKitchen LinenHome AppliancesHome TextilesView AllBedsheetsCurtains & AccessoriesDoormats & CarpetsPillow, Cushion & CoversBlankets & ComfortersHome ImprovementAll Home EssentialsBathroom AccessoriesCleaning SuppliesGardeningHome ToolsInsect ProtectionFurnitureShoe RacksStudy TablesCollapsible WardrobesWall ShelvesHome TempleHammock SwingMakeupLipstickEye Shadow and LinerFace MakeupMakeup Kits & CombosHair CurlersNail MakeupBrushes & AccessoriesHair RemovalPerfumes & MorePersonal CareView AllBody LotionHair Oil & ShampooWhitening CreamsStraighteners & DryersFace Oil & SerumFace WashFace Masks & PeelsSoaps & ScrubsHealthcareView AllOral CareWinter HealthcareEar CleanerHealth Monitor & MassagersFoot careSexual WellnessAyurveda & NutritionSanitary Pads & MoreBaby & MomView AllBaby Care EssentialsMom CareMens CareTrimmersBeard OilMen Perfumes & DeodorantHair Gels, Wax & SprayMen's Face & Body CareBudget Grooming KitsJewelleryAll JewelleryJewellery SetsEarringsMangalsutrasNecklaces & ChainsBangles & BraceletsAnklets & NosepinsKamarbandh & MaangtikaMen AccessoriesAll AccessoriesMen WatchesWalletsMen JewellerySunglasses & Spectacle FramesBeltsWomen AccessoriesAll AccessoriesWomen WatchesHair AccessoriesWomen BeltsSunglasses & Spectacle FramesScarves, Stoles & GlovesWomen FootwearView AllHeels and SandalsFlatsBootsFlipflops & SlippersBellies and BallerinasMen FootwearView AllMen Casual ShoesMen Sports ShoesMen Flip Flops and SandalsMen Formal ShoesLoafersKids FootwearView AllBoys ShoesGirls ShoesCasual ShoesFlipflops & SlippersSandalsWomen BagsView AllBackpacksHandbagsSlingbagsWalletsClutchesMen BagsBackpacksWaist BagsCrossbody Bags & Sling BagsTravel Bags, Luggage and AccessoriesView AllDuffel & Trolley BagsLaptop & Messenger BagsAudio & MobilesNeckbandSpeakersCases & CoversBluetooth EarbudsWired EarphoneAccessoriesMobile HoldersMobile Chargers & CablesPower BanksMicrophoneSelfie Stick & RinglightTripod & MonopodExtension CordScreen Expanders & MagnifiersView AllwatchesAnalog WatchesDigital WatchesSport WatchesCouple WatchBands & BoxesView AllFitnessView AllSweat BeltsExercise BandsTummy TrimmersSkipping RopesHand Grip StrengthenerYogaFitness AccessoriesFitness GearsSportsCricketCycles & AccessoriesSkatingFootballBadmintonVolleyballFishingSwimmingView AllBike & Scooty AccessoriesBike LED LightsBike CoversBike AccessoriesSafety Gear & ClothingHelmetsScooty & Activa AccessoriesCar AccessoriesInterior AccessoriesCar Care & CleaningCar Repair AssistanceCar Mobile & HoldersCar CoversCar Exterior AccessoriesOffice Supplies & StationeryView AllPens & PencilsDiaries & NotebooksArt & Craft SuppliesFiles & Desks OrganizersAdhesives & TapesFood & DrinksDry FruitsMasala and spicesSnacks and NamkeensPicklesChocolates & CandiesBiscuit and cookiesCoffeeTeaView AllFiction & Non FictionChildren's BooksMotivational BooksNovelsReligious BooksEconomics & CommerceView All BooksAcademic BooksUPSC & Central Exam PreparationCompetitive Exams PreparationReference BooksSchool Textbooks & GuidesUniversity Books & GuidesAll Academic BooksPet SuppliesCollars & LeashesClothes & GroomingFood & TreatsAquarium AccessoriesPet ToysPet BowlsMusical InstrumentsDholaks & Drum setsPiano & KeyboardString InstrumentsWind InstrumentsMusical AccessoriesAll Musical InstrumentsHomeWomenWomen Western WearWomen DressesPRE THREE FOLWER  WHITE  DRESSAdd to CartBuy Now1 Similar ProductsPRE THREE FOLWER  WHITE  DRESS₹3533.8134 Ratings, 50 ReviewsSelect SizeXSSMLXLProduct HighlightsCOPYColorBlueFabricLycraFit/ ShapeFit and FlareLengthMaxiAdditional DetailsNeckShoulder StrapsPrint or Pattern TypeFloralSurface StylingNot ApplicableOcassionPartySleeve LengthSleevelessSleeve StylingShoulder StrapPatternPrintedNet Quantity (N)4CharacterNot ApplicableTYPEOne PieceGeneric NameDressesCountry of OriginIndiaMore InformationProduct DetailsName : PRE THREE FOLWER  WHITE  DRESSFabric : LycraSleeve Length : SleevelessPattern : PrintedNet Quantity (N) : 4Sizes :  XS (Bust Size : 32 in, Length Size: 48 in)S (Bust Size : 34 in, Length Size: 48 in)M (Bust Size : 36 in, Length Size: 48 in)L (Bust Size : 38 in, Length Size: 48 in)XL (Bust Size : 40 in, Length Size: 48 in) Country of Origin : IndiaMore InformationSold ByKRUSHNAM_FASHIONView Shop3.99,998 Ratings25ProductsCheck Delivery Date  Enter Delivery PincodeCHECK Enter Pincode for Estimated Delivery DateDispatch in 1 dayProduct Ratings & Reviews3.8134  Ratings,50  ReviewsPoor15Average13Good18Very Good22Excellent66Riya Sathe4.0Posted on 14 May 2026See through Hai thodasa lekin badhiya lagaHelpful (7)Mahima Jadhav5.0Posted on 31 Mar 2026According to price worth it go for it ladies you can take it 😁✌🏻Helpful (9)View all reviews  Lowest PriceCash on DeliveryCreator-Exclusive
  14 Days ReturnsPeople also viewedTrendy Feminine Women Dresses₹384 4.12606 ReviewsStylish Retro Women Dresses₹353 3.8119 ReviewsClassy Sensational Women Dresses₹344 4.21809 ReviewsComfy Partywear Women Dresses₹342 4.175 ReviewsFancy Fashionista Women Dresses₹353 4.2131 ReviewsClassic Partywear Women Dresses₹342 3.915 ReviewsPretty Sensational Women Dresses₹322 3.7SupplierUrbane Elegant Women Dresses₹363 4.22575 Reviews+3 MoreStylish Sensational Women Dresses₹501₹5112% off4.0SupplierComfy Partywear Women Dresses₹363 4.31109 ReviewsTrendy Glamorous Women Dresses₹850 4.4SupplierEdible Oils & Ghee Combo₹327₹3455% off3.04 Reviews+2 MoreClassic Elegant Women Dresses₹537 4.31341 ReviewsComfy Feminine Women Dresses₹295 4.25447 ReviewsPretty Sensational Women Dresses₹341 4.2SupplierTrendy Graceful Women Dresses₹342 3.9SupplierFancy Ravishing Women Dresses₹370₹3731% off4.0360 ReviewsTrendy Fashionista Women Dresses₹391 4.24685 ReviewsPretty Fabulous Women Dresses₹362 4.3SupplierFancy Partywear Women Dresses₹351₹3531% off4.32210 Reviews","","Fabric : Lycra","Sleeve Length : Sleeveless","Pattern : Printed","Country of Origin : India","PRE THREE FOLWER  WHITE  DRESS","Home

Women

Women Western Wear

Women Dresses","PRE THREE FOLWER  WHITE  DRESS","₹353","₹353","XS

S

M

L

XL","View Shop","KRUSHNAM_FASHION","3.9","25","25Products","9,998 Ratings","CHECK","Dispatch in 1 day","Product Ratings & Reviews3.8134  Ratings,50  ReviewsPoor15Average13Good18Very Good22Excellent66Riya Sathe4.0Posted on 14 May 2026See through Hai thodasa lekin badhiya lagaHelpful (7)Mahima Jadhav5.0Posted on 31 Mar 2026According to price worth it go for it ladies you can take it 😁✌🏻Helpful (9)View all reviews  Lowest PriceCash on DeliveryCreator-Exclusive
  14 Days Returns","Lowest Price

Cash on Delivery

Creator-Exclusive
  14 Days Returns","People also viewed","","","","","134 Ratings, 50 Reviews","","","","","https://www.meesho.com/assets/svgicons/meeshoLogo.svg","https://images.meesho.com/images/products/716325363/pip2n_512.webp?width=64
https://images.meesho.com/images/products/716325363/hmhf6_512.webp?width=64
https://images.meesho.com/images/products/716325363/dn6i7_512.webp?width=64
https://images.meesho.com/images/products/716325363/qxtim_512.webp?width=64","https://images.meesho.com/images/products/716325363/pip2n_512.webp?width=64","https://images.meesho.com/images/products/716325363/pip2n_128.webp?width=128","https://images.meesho.com/images/products/642565629/7omhc_512.webp?width=360
https://images.meesho.com/images/products/682695141/bjd5j_512.webp?width=360
https://images.meesho.com/images/products/643406991/70l5a_512.webp?width=360
https://images.meesho.com/images/products/1075358200/tbvvy_512.webp?width=360
https://images.meesho.com/images/products/605666389/yn6ia_512.webp?width=360","https://images.meesho.com/images/products/1111092933/57sv4_512.webp?width=360
https://images.meesho.com/images/products/1075638417/poeh2_512.webp?width=360
https://images.meesho.com/images/products/318952702/hsbpn_512.webp?width=360
https://images.meesho.com/images/products/449283828/o4seb_512.webp?width=360
https://images.meesho.com/images/products/1110984715/3pjwp_512.webp?width=360","https://images.meesho.com/images/products/1093981516/evwjv_512.webp?width=360
https://images.meesho.com/images/products/984881990/lezbd_512.webp?width=360
https://images.meesho.com/images/products/682813217/hbo6b_512.webp?width=360
https://images.meesho.com/images/products/1099608434/4dmnp_512.webp?width=360
https://images.meesho.com/images/products/505320565/dxaj1_512.webp?width=360"
"1791001534-5","https://www.meesho.com/elegant-printed-square-neck-bodycon-dress-with-wide-straps-and-frill-details-perfect-for-springsummerfall-ideal-for-dates-parties-beach-vacations/p/cfo4zp","₹551","₹571","₹220","Classic Modern Women Dresses","Urbane Graceful Women Dresses","4.4","Dresses","313 Reviews","184 Reviews","","Supplier","","","","","","","","https://images.meesho.com/images/products/1020588366/hchkt_512.webp?width=360","https://images.meesho.com/images/products/1056959160/torsf_512.webp?width=360","https://images.meesho.com/images/products/1097448822/icwe5_512.webp?width=360","","","","","","","https://www.meesho.com/assets/svgicons/star.svg","Classic Modern Women Dresses₹551 4.4313 Reviews","https://www.meesho.com/sunpernet-dresses/p/gvmr0u","Become a Supplier","Become a SupplierInvestor RelationsProfileCart2Top BrandsShimla ApplesJewelleryMen FashionKidsFootwearBeauty & Personal CareGroceryElectronicsInnerwear & NightwearKitchen & AppliancesBags & LuggageHealthcareStationery & Office SuppliesBike & CarFurnitureAll SareesGeorgette SareesChiffon SareesCotton SareesNet SareesSilk SareesNew CollectionBridal SareesAll KurtisAnarkali KurtisRayon KurtisCotton KurtisStraight KurtisLong KurtisAll Kurta SetsKurta Palazzo SetsKurta Pant SetsSharara SetsAnarkali Kurta SetsCotton Kurta SetsAll Dupatta SetsCotton SetsRayon SetsAll Dress MaterialsPakistani Dress MaterialsCotton Dress MaterialsPatiala Dress MaterialsBanarasi Dress MaterialsParty Wear Dress MaterialsAll LehengasShoppers FavouriteTrending LehengasAll BlousesShoppers FavouriteTrending BlousesAll GownsShoppers FavouriteTrending GownsEthnic Skirts & BottomwearEthnic Jackets & ShrugsIslamic FashionPetticoatsBlouse PiecesDupattasAll TopwearTops & TunicsDressesT-shirtsGownsTops & Bottom SetsShirtsJumpsuitsNew TrendsAll BottomwearJeans & JeggingsPalazzosTrousers & PantsLeggingsShorts & SkirtsJacketsSweatshirtsSweatersCapes, Shrug & PonchosCoatsBlazers & WaistcoatsPlus Size - Dresses & GownsPlus Size - Tops & TeesPlus size - BottomwearWomen BraWomen PantiesOther InnerwearWomen NightsuitsWomen NightdressOther SleepwearSports BottomwearSports BraTop & Bottom SetsKurti & TopwearFeeding BrasBriefs & BottomwearSummer T-ShirtsShirtsT-Shirts CombosJeansCargos/TrousersDhotis/LungisKurtasKurta SetsNehru JacketVestsBriefsBoxersTrackpantsTracksuitsGym TshirtsPyjamasNight ShortsNightsuitsShrugsJacketsSweatshirtsRakhi SpecialsShirts ComboInnerwear ComboAll AccessoriesWatchesWalletsJewellerySunglasses & Spectacle FramesBeltsMen FootwearMen Casual ShoesMen Sports ShoesMen Flip Flops and SandalsMen Formal ShoesLoafersGirlsBoysBabiesClothing SetsFrocks & DressesT-Shirt & PolosToys & GamesSummer PicksBest SellersBaby GearsBags & BackpacksKids AccessoriesParty ItemsView AllBaby Bedding & AccessoriesNewborn CareDiapersBaby Mosquito netsBaby Dry SheetsView AllCoversKey HoldersArtificial PlantsPooja NeedsParty SuppliesWallpapers & StickersShowpieces & IdolsClocks & Wall DecorView AllStorage & OrganizersCookwareKitchen ToolsKitchen AppliancesDinnerwareGlasses & BarwareKitchen LinenHome AppliancesView AllBedsheetsCurtains & AccessoriesDoormats & CarpetsPillow, Cushion & CoversBlankets & ComfortersAll Home EssentialsBathroom AccessoriesCleaning SuppliesGardeningHome ToolsInsect ProtectionShoe RacksStudy TablesCollapsible WardrobesWall ShelvesHome TempleHammock SwingLipstickEye Shadow and LinerFace MakeupMakeup Kits & CombosHair CurlersNail MakeupBrushes & AccessoriesHair RemovalPerfumes & MoreView AllBody LotionHair Oil & ShampooWhitening CreamsStraighteners & DryersFace Oil & SerumFace WashFace Masks & PeelsSoaps & ScrubsView AllOral CareWinter HealthcareEar CleanerHealth Monitor & MassagersFoot careSexual WellnessAyurveda & NutritionSanitary Pads & MoreView AllBaby Care EssentialsMom CareTrimmersBeard OilMen Perfumes & DeodorantHair Gels, Wax & SprayMen's Face & Body CareBudget Grooming KitsAll JewelleryJewellery SetsEarringsMangalsutrasNecklaces & ChainsBangles & BraceletsAnklets & NosepinsKamarbandh & MaangtikaAll AccessoriesMen WatchesWalletsMen JewellerySunglasses & Spectacle FramesBeltsAll AccessoriesWomen WatchesHair AccessoriesWomen BeltsSunglasses & Spectacle FramesScarves, Stoles & GlovesView AllHeels and SandalsFlatsBootsFlipflops & SlippersBellies and BallerinasView AllMen Casual ShoesMen Sports ShoesMen Flip Flops and SandalsMen Formal ShoesLoafersView AllBoys ShoesGirls ShoesCasual ShoesFlipflops & SlippersSandalsView AllBackpacksHandbagsSlingbagsWalletsClutchesBackpacksWaist BagsCrossbody Bags & Sling BagsView AllDuffel & Trolley BagsLaptop & Messenger BagsNeckbandSpeakersCases & CoversBluetooth EarbudsWired EarphoneMobile HoldersMobile Chargers & CablesPower BanksMicrophoneSelfie Stick & RinglightTripod & MonopodExtension CordScreen Expanders & MagnifiersView AllAnalog WatchesDigital WatchesSport WatchesCouple WatchBands & BoxesView AllView AllSweat BeltsExercise BandsTummy TrimmersSkipping RopesHand Grip StrengthenerYogaFitness AccessoriesFitness GearsCricketCycles & AccessoriesSkatingFootballBadmintonVolleyballFishingSwimmingView AllBike LED LightsBike CoversBike AccessoriesSafety Gear & ClothingHelmetsScooty & Activa AccessoriesInterior AccessoriesCar Care & CleaningCar Repair AssistanceCar Mobile & HoldersCar CoversCar Exterior AccessoriesView AllPens & PencilsDiaries & NotebooksArt & Craft SuppliesFiles & Desks OrganizersAdhesives & TapesDry FruitsMasala and spicesSnacks and NamkeensPicklesChocolates & CandiesBiscuit and cookiesCoffeeTeaView AllChildren's BooksMotivational BooksNovelsReligious BooksEconomics & CommerceView All BooksUPSC & Central Exam PreparationCompetitive Exams PreparationReference BooksSchool Textbooks & GuidesUniversity Books & GuidesAll Academic BooksCollars & LeashesClothes & GroomingFood & TreatsAquarium AccessoriesPet ToysPet BowlsDholaks & Drum setsPiano & KeyboardString InstrumentsWind InstrumentsMusical AccessoriesAll Musical InstrumentsPopularKurti, Saree & LehengaWomen WesternLingerieMenKids & ToysHome & KitchenBeauty & HealthJewellery & AccessoriesBags & FootwearElectronicsWatchesSports & FitnessCar & MotorbikeOffice Supplies & StationeryGroceryBooksPet SuppliesMusical InstrumentsFeatured On MeeshoTop BrandsShimla ApplesAll PopularJewelleryMen FashionKidsFootwearBeauty & Personal CareGroceryElectronicsInnerwear & NightwearKitchen & AppliancesBags & LuggageHealthcareStationery & Office SuppliesBike & CarFurnitureSareesAll SareesGeorgette SareesChiffon SareesCotton SareesNet SareesSilk SareesNew CollectionBridal SareesKurtisAll KurtisAnarkali KurtisRayon KurtisCotton KurtisStraight KurtisLong KurtisKurta SetsAll Kurta SetsKurta Palazzo SetsKurta Pant SetsSharara SetsAnarkali Kurta SetsCotton Kurta SetsDupatta SetsAll Dupatta SetsCotton SetsRayon SetsSuits & Dress MaterialAll Dress MaterialsPakistani Dress MaterialsCotton Dress MaterialsPatiala Dress MaterialsBanarasi Dress MaterialsParty Wear Dress MaterialsLehengasAll LehengasShoppers FavouriteTrending LehengasBlousesAll BlousesShoppers FavouriteTrending BlousesGownsAll GownsShoppers FavouriteTrending GownsOther Ethnic WearEthnic Skirts & BottomwearEthnic Jackets & ShrugsIslamic FashionPetticoatsBlouse PiecesDupattasTopwearAll TopwearTops & TunicsDressesT-shirtsGownsTops & Bottom SetsShirtsJumpsuitsNew TrendsBottom WearAll BottomwearJeans & JeggingsPalazzosTrousers & PantsLeggingsShorts & SkirtsWinterwearJacketsSweatshirtsSweatersCapes, Shrug & PonchosCoatsBlazers & WaistcoatsPlus SizePlus Size - Dresses & GownsPlus Size - Tops & TeesPlus size - BottomwearInnerwearWomen BraWomen PantiesOther InnerwearSleepwearWomen NightsuitsWomen NightdressOther SleepwearSports WearSports BottomwearSports BraTop & Bottom SetsMaternity WearKurti & TopwearFeeding BrasBriefs & BottomwearTop WearSummer T-ShirtsShirtsT-Shirts CombosBottom WearJeansCargos/TrousersDhotis/LungisEthnic WearKurtasKurta SetsNehru JacketInnerwearVestsBriefsBoxersSports WearTrackpantsTracksuitsGym TshirtsNight WearPyjamasNight ShortsNightsuitsWinter WearShrugsJacketsSweatshirtsCombo StoreRakhi SpecialsShirts ComboInnerwear ComboAccessoriesAll AccessoriesWatchesWalletsJewellerySunglasses & Spectacle FramesBeltsFootwearMen FootwearMen Casual ShoesMen Sports ShoesMen Flip Flops and SandalsMen Formal ShoesLoafersKids ClothingGirlsBoysBabiesClothing SetsFrocks & DressesT-Shirt & PolosKids ToysToys & GamesSummer PicksBest SellersBaby GearsKids AccessoriesBags & BackpacksKids AccessoriesParty ItemsBaby CareView AllBaby Bedding & AccessoriesNewborn CareDiapersBaby Mosquito netsBaby Dry SheetsHome DecorView AllCoversKey HoldersArtificial PlantsPooja NeedsParty SuppliesWallpapers & StickersShowpieces & IdolsClocks & Wall DecorKitchen & AppliancesView AllStorage & OrganizersCookwareKitchen ToolsKitchen AppliancesDinnerwareGlasses & BarwareKitchen LinenHome AppliancesHome TextilesView AllBedsheetsCurtains & AccessoriesDoormats & CarpetsPillow, Cushion & CoversBlankets & ComfortersHome ImprovementAll Home EssentialsBathroom AccessoriesCleaning SuppliesGardeningHome ToolsInsect ProtectionFurnitureShoe RacksStudy TablesCollapsible WardrobesWall ShelvesHome TempleHammock SwingMakeupLipstickEye Shadow and LinerFace MakeupMakeup Kits & CombosHair CurlersNail MakeupBrushes & AccessoriesHair RemovalPerfumes & MorePersonal CareView AllBody LotionHair Oil & ShampooWhitening CreamsStraighteners & DryersFace Oil & SerumFace WashFace Masks & PeelsSoaps & ScrubsHealthcareView AllOral CareWinter HealthcareEar CleanerHealth Monitor & MassagersFoot careSexual WellnessAyurveda & NutritionSanitary Pads & MoreBaby & MomView AllBaby Care EssentialsMom CareMens CareTrimmersBeard OilMen Perfumes & DeodorantHair Gels, Wax & SprayMen's Face & Body CareBudget Grooming KitsJewelleryAll JewelleryJewellery SetsEarringsMangalsutrasNecklaces & ChainsBangles & BraceletsAnklets & NosepinsKamarbandh & MaangtikaMen AccessoriesAll AccessoriesMen WatchesWalletsMen JewellerySunglasses & Spectacle FramesBeltsWomen AccessoriesAll AccessoriesWomen WatchesHair AccessoriesWomen BeltsSunglasses & Spectacle FramesScarves, Stoles & GlovesWomen FootwearView AllHeels and SandalsFlatsBootsFlipflops & SlippersBellies and BallerinasMen FootwearView AllMen Casual ShoesMen Sports ShoesMen Flip Flops and SandalsMen Formal ShoesLoafersKids FootwearView AllBoys ShoesGirls ShoesCasual ShoesFlipflops & SlippersSandalsWomen BagsView AllBackpacksHandbagsSlingbagsWalletsClutchesMen BagsBackpacksWaist BagsCrossbody Bags & Sling BagsTravel Bags, Luggage and AccessoriesView AllDuffel & Trolley BagsLaptop & Messenger BagsAudio & MobilesNeckbandSpeakersCases & CoversBluetooth EarbudsWired EarphoneAccessoriesMobile HoldersMobile Chargers & CablesPower BanksMicrophoneSelfie Stick & RinglightTripod & MonopodExtension CordScreen Expanders & MagnifiersView AllwatchesAnalog WatchesDigital WatchesSport WatchesCouple WatchBands & BoxesView AllFitnessView AllSweat BeltsExercise BandsTummy TrimmersSkipping RopesHand Grip StrengthenerYogaFitness AccessoriesFitness GearsSportsCricketCycles & AccessoriesSkatingFootballBadmintonVolleyballFishingSwimmingView AllBike & Scooty AccessoriesBike LED LightsBike CoversBike AccessoriesSafety Gear & ClothingHelmetsScooty & Activa AccessoriesCar AccessoriesInterior AccessoriesCar Care & CleaningCar Repair AssistanceCar Mobile & HoldersCar CoversCar Exterior AccessoriesOffice Supplies & StationeryView AllPens & PencilsDiaries & NotebooksArt & Craft SuppliesFiles & Desks OrganizersAdhesives & TapesFood & DrinksDry FruitsMasala and spicesSnacks and NamkeensPicklesChocolates & CandiesBiscuit and cookiesCoffeeTeaView AllFiction & Non FictionChildren's BooksMotivational BooksNovelsReligious BooksEconomics & CommerceView All BooksAcademic BooksUPSC & Central Exam PreparationCompetitive Exams PreparationReference BooksSchool Textbooks & GuidesUniversity Books & GuidesAll Academic BooksPet SuppliesCollars & LeashesClothes & GroomingFood & TreatsAquarium AccessoriesPet ToysPet BowlsMusical InstrumentsDholaks & Drum setsPiano & KeyboardString InstrumentsWind InstrumentsMusical AccessoriesAll Musical InstrumentsHomeWomenWomen Western WearWomen Dressessunpernet dressesAdd to CartBuy Now1 Similar Productssunpernet dresses₹5514.4313 Ratings, 123 ReviewsSelect SizeXSSMLXLXXLProduct HighlightsCOPYColorBeigeFabricSuper NetFit/ ShapeFit and FlareLengthMaxiAdditional DetailsNeckRound NeckPrint or Pattern TypeFloralSurface StylingPleated or GatheredOcassionCasualSleeve LengthShort SleevesSleeve StylingSleevelessPatternPrintedNet Quantity (N)1BrandSPIVOZTYPEOne PieceGeneric NameDressesCountry of OriginIndiaMore InformationProduct DetailsName : sunpernet dressesFabric : Super NetSleeve Length : Short SleevesPattern : PrintedNet Quantity (N) : 1Sizes :  XS (Bust Size : 32 in, Length Size: 48 in)S (Bust Size : 34 in, Length Size: 48 in)M (Bust Size : 36 in, Length Size: 48 in)L (Bust Size : 38 in, Length Size: 48 in)XL (Bust Size : 40 in, Length Size: 48 in)XXL (Bust Size : 42 in, Length Size: 48 in) Country of Origin : IndiaMore InformationSold ByANAYA FASHION by SpivozView Shop4.43,121 Ratings10ProductsCheck Delivery Date  Enter Delivery PincodeCHECK Enter Pincode for Estimated Delivery DateDispatch in 2 dayProduct Ratings & Reviews4.4313  Ratings,123  ReviewsPoor8Average12Good24Very Good78Excellent191Siya Collections5.0Posted on 3 Aug 2026So happy with my purchase! 🥹💕 The dress hugs the body beautifully and feels really comfortable.Helpful (36)Meesho User5.0Posted on 26 Aug 2026Absolutely gorgeous 😭✨ The dress, the elegance, the whole vibe—everything looks PERFECT on you! Literally serving beauty and grace effortlessly 🫶🏻💫”Helpful (3)View all reviews  Lowest PriceCash on Delivery7-day ReturnsPeople also viewedFancy Glamorous Women Dresses₹591 4.4896 ReviewsPretty Retro Women Dresses₹541 4.4818 Reviews+3 MoreClassic Designer Women Dresses₹464 4.47043 ReviewsClassic Fashionista Women Dresses₹551 4.0275 ReviewsPretty Modern Women Dresses₹571 4.3149 Reviews+4 MoreTrendy Modern Women Dresses₹361 4.42241 Reviews+3 MorePretty Partywear Women Dresses₹570 3.9SupplierTrendy Feminine Women Dresses₹384 4.12606 ReviewsTrendy Sensational Women Dresses₹490 4.2829 ReviewsPretty Fashionista Women Dresses₹426₹4291% off4.25851 Reviews+1 MorePretty Partywear Women Dresses₹726₹7341% off4.3Supplier+2 MoreClassic Elegant Women Dresses₹537 4.31341 ReviewsFancy Elegant Women Dresses₹425₹4281% off4.211541 ReviewsTrendy Latest Women Dresses₹554 3.91826 Reviews+4 MoreUrbane Latest Women Dresses₹502 4.2SupplierPretty Elegant Women Dresses₹291 4.310080 ReviewsFancy Graceful Women Dresses₹564 4.4727 ReviewsUrbane Graceful Women Dresses₹571 4.4184 ReviewsStylish Fabulous Women Dresses₹522 4.4489 ReviewsUrbane Modern Women Dresses₹551 4.0210 Reviews","XXL (Bust Size : 42 in, Length Size: 48 in)","Fabric : Super Net","Sleeve Length : Short Sleeves","Pattern : Printed","","sunpernet dresses","Home

Women

Women Western Wear

Women Dresses","sunpernet dresses","₹551","₹551","XS

S

M

L

XL

XXL","View Shop","ANAYA FASHION by Spivoz","4.4","10","10Products","3,121 Ratings","CHECK","Dispatch in 2 day","Product Ratings & Reviews4.4313  Ratings,123  ReviewsPoor8Average12Good24Very Good78Excellent191Siya Collections5.0Posted on 3 Aug 2026So happy with my purchase! 🥹💕 The dress hugs the body beautifully and feels really comfortable.Helpful (36)Meesho User5.0Posted on 26 Aug 2026Absolutely gorgeous 😭✨ The dress, the elegance, the whole vibe—everything looks PERFECT on you! Literally serving beauty and grace effortlessly 🫶🏻💫”Helpful (3)View all reviews  Lowest PriceCash on Delivery7-day Returns","Lowest Price

Cash on Delivery

7-day Returns","People also viewed","","","","4.4","313 Ratings, 123 Reviews","","","","","https://www.meesho.com/assets/svgicons/meeshoLogo.svg","https://images.meesho.com/images/products/1020588366/hchkt_512.webp?width=64
https://images.meesho.com/images/products/1020588366/hokiy_512.webp?width=64
https://images.meesho.com/images/products/1020588366/adamt_512.webp?width=64
https://images.meesho.com/images/products/1020588366/ufgg7_512.webp?width=64","https://images.meesho.com/images/products/1020588366/hchkt_512.webp?width=64","https://images.meesho.com/images/products/1020588366/hchkt_128.webp?width=128","https://images.meesho.com/images/products/1056980701/crkkq_512.webp?width=360
https://images.meesho.com/images/products/993398825/bzsfr_512.webp?width=360
https://images.meesho.com/images/products/933210159/k5ovc_512.webp?width=360
https://images.meesho.com/images/products/1020598349/9mfww_512.webp?width=360
https://images.meesho.com/images/products/1056969307/gwpm3_512.webp?width=360","https://images.meesho.com/images/products/1108204163/29isy_512.webp?width=360
https://images.meesho.com/images/products/318952702/hsbpn_512.webp?width=360
https://images.meesho.com/images/products/723275843/roanu_512.webp?width=360
https://images.meesho.com/images/products/637146786/e99cs_512.webp?width=360
https://images.meesho.com/images/products/1106292219/3tgwh_512.webp?width=360","https://images.meesho.com/images/products/628484661/y00mx_512.webp?width=360
https://images.meesho.com/images/products/667270494/sjyvl_512.webp?width=360
https://images.meesho.com/images/products/1056959160/torsf_512.webp?width=360
https://images.meesho.com/images/products/1020658508/o4onc_512.webp?width=360
https://images.meesho.com/images/products/1057005766/dzn6x_512.webp?width=360"
"1791001537-6","https://www.meesho.com/elegant-printed-square-neck-bodycon-dress-with-wide-straps-and-frill-details-perfect-for-springsummerfall-ideal-for-dates-parties-beach-vacations/p/cfo4zp","₹342","₹473","₹347","Comfy Ravishing Women Dresses","Urbane Fabulous Women Dresses","3.0","Classic Modern Women Dresses","Supplier","21 Reviews","","308 Reviews","","+2 More","","","","3.9","","https://images.meesho.com/images/products/1093992026/54jat_512.webp?width=360","https://images.meesho.com/images/products/1087497961/sahao_512.webp?width=360","https://images.meesho.com/images/products/735247578/lhjbx_512.webp?width=360","","https://www.meesho.com/assets/svgicons/starBlueBase.svg","","","","","https://www.meesho.com/assets/svgicons/star.svg","Comfy Ravishing Women Dresses₹342 3.9Supplier","https://www.meesho.com/womens-pink-floral-printed-party-wear-maxi-dress-sleeveless-fitted-long-dress-with-feminine-floral-pattern/p/i3c1ne","Become a Supplier","Become a SupplierInvestor RelationsProfileCart2Top BrandsShimla ApplesJewelleryMen FashionKidsFootwearBeauty & Personal CareGroceryElectronicsInnerwear & NightwearKitchen & AppliancesBags & LuggageHealthcareStationery & Office SuppliesBike & CarFurnitureAll SareesGeorgette SareesChiffon SareesCotton SareesNet SareesSilk SareesNew CollectionBridal SareesAll KurtisAnarkali KurtisRayon KurtisCotton KurtisStraight KurtisLong KurtisAll Kurta SetsKurta Palazzo SetsKurta Pant SetsSharara SetsAnarkali Kurta SetsCotton Kurta SetsAll Dupatta SetsCotton SetsRayon SetsAll Dress MaterialsPakistani Dress MaterialsCotton Dress MaterialsPatiala Dress MaterialsBanarasi Dress MaterialsParty Wear Dress MaterialsAll LehengasShoppers FavouriteTrending LehengasAll BlousesShoppers FavouriteTrending BlousesAll GownsShoppers FavouriteTrending GownsEthnic Skirts & BottomwearEthnic Jackets & ShrugsIslamic FashionPetticoatsBlouse PiecesDupattasAll TopwearTops & TunicsDressesT-shirtsGownsTops & Bottom SetsShirtsJumpsuitsNew TrendsAll BottomwearJeans & JeggingsPalazzosTrousers & PantsLeggingsShorts & SkirtsJacketsSweatshirtsSweatersCapes, Shrug & PonchosCoatsBlazers & WaistcoatsPlus Size - Dresses & GownsPlus Size - Tops & TeesPlus size - BottomwearWomen BraWomen PantiesOther InnerwearWomen NightsuitsWomen NightdressOther SleepwearSports BottomwearSports BraTop & Bottom SetsKurti & TopwearFeeding BrasBriefs & BottomwearSummer T-ShirtsShirtsT-Shirts CombosJeansCargos/TrousersDhotis/LungisKurtasKurta SetsNehru JacketVestsBriefsBoxersTrackpantsTracksuitsGym TshirtsPyjamasNight ShortsNightsuitsShrugsJacketsSweatshirtsRakhi SpecialsShirts ComboInnerwear ComboAll AccessoriesWatchesWalletsJewellerySunglasses & Spectacle FramesBeltsMen FootwearMen Casual ShoesMen Sports ShoesMen Flip Flops and SandalsMen Formal ShoesLoafersGirlsBoysBabiesClothing SetsFrocks & DressesT-Shirt & PolosToys & GamesSummer PicksBest SellersBaby GearsBags & BackpacksKids AccessoriesParty ItemsView AllBaby Bedding & AccessoriesNewborn CareDiapersBaby Mosquito netsBaby Dry SheetsView AllCoversKey HoldersArtificial PlantsPooja NeedsParty SuppliesWallpapers & StickersShowpieces & IdolsClocks & Wall DecorView AllStorage & OrganizersCookwareKitchen ToolsKitchen AppliancesDinnerwareGlasses & BarwareKitchen LinenHome AppliancesView AllBedsheetsCurtains & AccessoriesDoormats & CarpetsPillow, Cushion & CoversBlankets & ComfortersAll Home EssentialsBathroom AccessoriesCleaning SuppliesGardeningHome ToolsInsect ProtectionShoe RacksStudy TablesCollapsible WardrobesWall ShelvesHome TempleHammock SwingLipstickEye Shadow and LinerFace MakeupMakeup Kits & CombosHair CurlersNail MakeupBrushes & AccessoriesHair RemovalPerfumes & MoreView AllBody LotionHair Oil & ShampooWhitening CreamsStraighteners & DryersFace Oil & SerumFace WashFace Masks & PeelsSoaps & ScrubsView AllOral CareWinter HealthcareEar CleanerHealth Monitor & MassagersFoot careSexual WellnessAyurveda & NutritionSanitary Pads & MoreView AllBaby Care EssentialsMom CareTrimmersBeard OilMen Perfumes & DeodorantHair Gels, Wax & SprayMen's Face & Body CareBudget Grooming KitsAll JewelleryJewellery SetsEarringsMangalsutrasNecklaces & ChainsBangles & BraceletsAnklets & NosepinsKamarbandh & MaangtikaAll AccessoriesMen WatchesWalletsMen JewellerySunglasses & Spectacle FramesBeltsAll AccessoriesWomen WatchesHair AccessoriesWomen BeltsSunglasses & Spectacle FramesScarves, Stoles & GlovesView AllHeels and SandalsFlatsBootsFlipflops & SlippersBellies and BallerinasView AllMen Casual ShoesMen Sports ShoesMen Flip Flops and SandalsMen Formal ShoesLoafersView AllBoys ShoesGirls ShoesCasual ShoesFlipflops & SlippersSandalsView AllBackpacksHandbagsSlingbagsWalletsClutchesBackpacksWaist BagsCrossbody Bags & Sling BagsView AllDuffel & Trolley BagsLaptop & Messenger BagsNeckbandSpeakersCases & CoversBluetooth EarbudsWired EarphoneMobile HoldersMobile Chargers & CablesPower BanksMicrophoneSelfie Stick & RinglightTripod & MonopodExtension CordScreen Expanders & MagnifiersView AllAnalog WatchesDigital WatchesSport WatchesCouple WatchBands & BoxesView AllView AllSweat BeltsExercise BandsTummy TrimmersSkipping RopesHand Grip StrengthenerYogaFitness AccessoriesFitness GearsCricketCycles & AccessoriesSkatingFootballBadmintonVolleyballFishingSwimmingView AllBike LED LightsBike CoversBike AccessoriesSafety Gear & ClothingHelmetsScooty & Activa AccessoriesInterior AccessoriesCar Care & CleaningCar Repair AssistanceCar Mobile & HoldersCar CoversCar Exterior AccessoriesView AllPens & PencilsDiaries & NotebooksArt & Craft SuppliesFiles & Desks OrganizersAdhesives & TapesDry FruitsMasala and spicesSnacks and NamkeensPicklesChocolates & CandiesBiscuit and cookiesCoffeeTeaView AllChildren's BooksMotivational BooksNovelsReligious BooksEconomics & CommerceView All BooksUPSC & Central Exam PreparationCompetitive Exams PreparationReference BooksSchool Textbooks & GuidesUniversity Books & GuidesAll Academic BooksCollars & LeashesClothes & GroomingFood & TreatsAquarium AccessoriesPet ToysPet BowlsDholaks & Drum setsPiano & KeyboardString InstrumentsWind InstrumentsMusical AccessoriesAll Musical InstrumentsPopularKurti, Saree & LehengaWomen WesternLingerieMenKids & ToysHome & KitchenBeauty & HealthJewellery & AccessoriesBags & FootwearElectronicsWatchesSports & FitnessCar & MotorbikeOffice Supplies & StationeryGroceryBooksPet SuppliesMusical InstrumentsFeatured On MeeshoTop BrandsShimla ApplesAll PopularJewelleryMen FashionKidsFootwearBeauty & Personal CareGroceryElectronicsInnerwear & NightwearKitchen & AppliancesBags & LuggageHealthcareStationery & Office SuppliesBike & CarFurnitureSareesAll SareesGeorgette SareesChiffon SareesCotton SareesNet SareesSilk SareesNew CollectionBridal SareesKurtisAll KurtisAnarkali KurtisRayon KurtisCotton KurtisStraight KurtisLong KurtisKurta SetsAll Kurta SetsKurta Palazzo SetsKurta Pant SetsSharara SetsAnarkali Kurta SetsCotton Kurta SetsDupatta SetsAll Dupatta SetsCotton SetsRayon SetsSuits & Dress MaterialAll Dress MaterialsPakistani Dress MaterialsCotton Dress MaterialsPatiala Dress MaterialsBanarasi Dress MaterialsParty Wear Dress MaterialsLehengasAll LehengasShoppers FavouriteTrending LehengasBlousesAll BlousesShoppers FavouriteTrending BlousesGownsAll GownsShoppers FavouriteTrending GownsOther Ethnic WearEthnic Skirts & BottomwearEthnic Jackets & ShrugsIslamic FashionPetticoatsBlouse PiecesDupattasTopwearAll TopwearTops & TunicsDressesT-shirtsGownsTops & Bottom SetsShirtsJumpsuitsNew TrendsBottom WearAll BottomwearJeans & JeggingsPalazzosTrousers & PantsLeggingsShorts & SkirtsWinterwearJacketsSweatshirtsSweatersCapes, Shrug & PonchosCoatsBlazers & WaistcoatsPlus SizePlus Size - Dresses & GownsPlus Size - Tops & TeesPlus size - BottomwearInnerwearWomen BraWomen PantiesOther InnerwearSleepwearWomen NightsuitsWomen NightdressOther SleepwearSports WearSports BottomwearSports BraTop & Bottom SetsMaternity WearKurti & TopwearFeeding BrasBriefs & BottomwearTop WearSummer T-ShirtsShirtsT-Shirts CombosBottom WearJeansCargos/TrousersDhotis/LungisEthnic WearKurtasKurta SetsNehru JacketInnerwearVestsBriefsBoxersSports WearTrackpantsTracksuitsGym TshirtsNight WearPyjamasNight ShortsNightsuitsWinter WearShrugsJacketsSweatshirtsCombo StoreRakhi SpecialsShirts ComboInnerwear ComboAccessoriesAll AccessoriesWatchesWalletsJewellerySunglasses & Spectacle FramesBeltsFootwearMen FootwearMen Casual ShoesMen Sports ShoesMen Flip Flops and SandalsMen Formal ShoesLoafersKids ClothingGirlsBoysBabiesClothing SetsFrocks & DressesT-Shirt & PolosKids ToysToys & GamesSummer PicksBest SellersBaby GearsKids AccessoriesBags & BackpacksKids AccessoriesParty ItemsBaby CareView AllBaby Bedding & AccessoriesNewborn CareDiapersBaby Mosquito netsBaby Dry SheetsHome DecorView AllCoversKey HoldersArtificial PlantsPooja NeedsParty SuppliesWallpapers & StickersShowpieces & IdolsClocks & Wall DecorKitchen & AppliancesView AllStorage & OrganizersCookwareKitchen ToolsKitchen AppliancesDinnerwareGlasses & BarwareKitchen LinenHome AppliancesHome TextilesView AllBedsheetsCurtains & AccessoriesDoormats & CarpetsPillow, Cushion & CoversBlankets & ComfortersHome ImprovementAll Home EssentialsBathroom AccessoriesCleaning SuppliesGardeningHome ToolsInsect ProtectionFurnitureShoe RacksStudy TablesCollapsible WardrobesWall ShelvesHome TempleHammock SwingMakeupLipstickEye Shadow and LinerFace MakeupMakeup Kits & CombosHair CurlersNail MakeupBrushes & AccessoriesHair RemovalPerfumes & MorePersonal CareView AllBody LotionHair Oil & ShampooWhitening CreamsStraighteners & DryersFace Oil & SerumFace WashFace Masks & PeelsSoaps & ScrubsHealthcareView AllOral CareWinter HealthcareEar CleanerHealth Monitor & MassagersFoot careSexual WellnessAyurveda & NutritionSanitary Pads & MoreBaby & MomView AllBaby Care EssentialsMom CareMens CareTrimmersBeard OilMen Perfumes & DeodorantHair Gels, Wax & SprayMen's Face & Body CareBudget Grooming KitsJewelleryAll JewelleryJewellery SetsEarringsMangalsutrasNecklaces & ChainsBangles & BraceletsAnklets & NosepinsKamarbandh & MaangtikaMen AccessoriesAll AccessoriesMen WatchesWalletsMen JewellerySunglasses & Spectacle FramesBeltsWomen AccessoriesAll AccessoriesWomen WatchesHair AccessoriesWomen BeltsSunglasses & Spectacle FramesScarves, Stoles & GlovesWomen FootwearView AllHeels and SandalsFlatsBootsFlipflops & SlippersBellies and BallerinasMen FootwearView AllMen Casual ShoesMen Sports ShoesMen Flip Flops and SandalsMen Formal ShoesLoafersKids FootwearView AllBoys ShoesGirls ShoesCasual ShoesFlipflops & SlippersSandalsWomen BagsView AllBackpacksHandbagsSlingbagsWalletsClutchesMen BagsBackpacksWaist BagsCrossbody Bags & Sling BagsTravel Bags, Luggage and AccessoriesView AllDuffel & Trolley BagsLaptop & Messenger BagsAudio & MobilesNeckbandSpeakersCases & CoversBluetooth EarbudsWired EarphoneAccessoriesMobile HoldersMobile Chargers & CablesPower BanksMicrophoneSelfie Stick & RinglightTripod & MonopodExtension CordScreen Expanders & MagnifiersView AllwatchesAnalog WatchesDigital WatchesSport WatchesCouple WatchBands & BoxesView AllFitnessView AllSweat BeltsExercise BandsTummy TrimmersSkipping RopesHand Grip StrengthenerYogaFitness AccessoriesFitness GearsSportsCricketCycles & AccessoriesSkatingFootballBadmintonVolleyballFishingSwimmingView AllBike & Scooty AccessoriesBike LED LightsBike CoversBike AccessoriesSafety Gear & ClothingHelmetsScooty & Activa AccessoriesCar AccessoriesInterior AccessoriesCar Care & CleaningCar Repair AssistanceCar Mobile & HoldersCar CoversCar Exterior AccessoriesOffice Supplies & StationeryView AllPens & PencilsDiaries & NotebooksArt & Craft SuppliesFiles & Desks OrganizersAdhesives & TapesFood & DrinksDry FruitsMasala and spicesSnacks and NamkeensPicklesChocolates & CandiesBiscuit and cookiesCoffeeTeaView AllFiction & Non FictionChildren's BooksMotivational BooksNovelsReligious BooksEconomics & CommerceView All BooksAcademic BooksUPSC & Central Exam PreparationCompetitive Exams PreparationReference BooksSchool Textbooks & GuidesUniversity Books & GuidesAll Academic BooksPet SuppliesCollars & LeashesClothes & GroomingFood & TreatsAquarium AccessoriesPet ToysPet BowlsMusical InstrumentsDholaks & Drum setsPiano & KeyboardString InstrumentsWind InstrumentsMusical AccessoriesAll Musical InstrumentsHomeWomenWomen Western WearWomen DressesWomen’s Pink Floral Printed Party Wear Maxi Dress Sleeveless Fitted Long Dress with Feminine Floral Pattern Add to CartBuy Now1 Similar ProductsWomen’s Pink Floral Printed Party Wear Maxi Dress Sleeveless Fitted Long Dress with Feminine Floral Pattern ₹342Select SizeXSSMLXLXXLProduct HighlightsCOPYColorPinkFabricLycraFit/ ShapeFit and FlareLengthMaxiAdditional DetailsNeckV-neckPrint or Pattern TypeFloralSurface StylingAppliqueOcassionPartySleeve LengthSleevelessSleeve StylingSleevelessPatternPrintedNet Quantity (N)1Add OnNo Add onTYPEOne PieceGeneric NameDressesCountry of OriginIndiaMore InformationProduct DetailsName : Women’s Pink Floral Printed Party Wear Maxi Dress Sleeveless Fitted Long Dress with Feminine Floral PatternFabric : LycraSleeve Length : SleevelessPattern : PrintedNet Quantity (N) : 1Sizes :  XS (Bust Size : 34 in, Length Size: 50 in)S (Bust Size : 36 in, Length Size: 50 in)M (Bust Size : 38 in, Length Size: 50 in)L (Bust Size : 40 in, Length Size: 50 in)XL (Bust Size : 42 in, Length Size: 50 in)XXL (Bust Size : 44 in, Length Size: 50 in) Elevate your wardrobe with this stylish pink floral printed maxi dress, designed for a feminine and elegant look. The dress features a beautiful floral print, sleeveless design, cowl-style neckline and flattering bodycon silhouette that creates a graceful, sophisticated appearance. The ruched detailing through the body adds texture and enhances the overall fitted look. Perfect for parties, date nights, evening outings, vacations, dinners, celebrations and special occasions, this long dress pairs beautifully with heels, sandals or minimal accessories. The soft pink floral pattern gives the outfit a fresh and fashionable appeal, making it a versatile addition to your seasonal wardrobe.Country of Origin : IndiaMore InformationSold Byalz_fashionView Shop3.954,928 Ratings28ProductsCheck Delivery Date  Enter Delivery PincodeCHECK Enter Pincode for Estimated Delivery DateDispatch in 2 dayLowest PriceCash on Delivery7-day ReturnsPeople also viewedStylish Graceful Women Dresses₹342 2.84 ReviewsPretty Partywear Women Dresses₹342 4.0176 ReviewsClassy Ravishing Women Dresses₹342 3.612 ReviewsUrbane Feminine Women Dresses₹342 4.216 ReviewsComfy Latest Women Dresses₹342 3.8136 ReviewsEdible Oils & Ghee Combo₹327₹3455% off3.04 ReviewsTrendy Latest Women Dresses₹470 4.1SupplierStylish Modern Women Dresses₹342 4.213 ReviewsComfy Designer Women Dresses₹342 4.311 Reviews+5 MoreComfy Sensational Women Dresses₹393 4.1180 ReviewsFancy Fashionable Women Dresses₹470 3.9Supplier+2 MoreClassic Elegant Women Dresses₹537 4.31341 Reviews+3 MoreClassic Designer Women Dresses₹464 4.47043 ReviewsClassic Fashionable Women Dresses₹342 4.146 ReviewsComfy Sensational Women Dresses₹375₹3822% offComfy Modern Women Dresses₹342 4.418 ReviewsClassic Latest Women Dresses₹342 3.8120 ReviewsTrendy Feminine Women Dresses₹384 4.12606 ReviewsClassic Partywear Women Dresses₹342 3.915 ReviewsPretty Glamorous Women Dresses₹342 4.45 Reviews","XXL (Bust Size : 44 in, Length Size: 50 in)","Fabric : Lycra","Sleeve Length : Sleeveless","Pattern : Printed","","Women’s Pink Floral Printed Party Wear Maxi Dress Sleeveless Fitted Long Dress with Feminine Floral Pattern","Home

Women

Women Western Wear

Women Dresses","Women’s Pink Floral Printed Party Wear Maxi Dress Sleeveless Fitted Long Dress with Feminine Floral Pattern","₹342","₹342","XS

S

M

L

XL

XXL","View Shop","alz_fashion","3.9","28","28Products","54,928 Ratings","CHECK","Dispatch in 2 day","Lowest PriceCash on Delivery7-day Returns","Lowest Price

Cash on Delivery

7-day Returns","People also viewed","","","","","","","","","","https://www.meesho.com/assets/svgicons/meeshoLogo.svg","https://images.meesho.com/images/products/1093992026/54jat_512.webp?width=64
https://images.meesho.com/images/products/1093992026/px1ro_512.webp?width=64
https://images.meesho.com/images/products/1093992026/7rfg9_512.webp?width=64
https://images.meesho.com/images/products/1093992026/pyzot_512.webp?width=64","https://images.meesho.com/images/products/1093992026/54jat_512.webp?width=64","https://images.meesho.com/images/products/1093992026/54jat_128.webp?width=128","https://images.meesho.com/images/products/1090292536/fnf5d_512.webp?width=360
https://images.meesho.com/images/products/1070473312/f8iv0_512.webp?width=360
https://images.meesho.com/images/products/1082806150/xf6aw_512.webp?width=360
https://images.meesho.com/images/products/1077081816/krufl_512.webp?width=360
https://images.meesho.com/images/products/1068981548/uw1ou_512.webp?width=360","https://images.meesho.com/images/products/1111174429/wghte_512.webp?width=360
https://images.meesho.com/images/products/318952702/hsbpn_512.webp?width=360
https://images.meesho.com/images/products/933210159/k5ovc_512.webp?width=360
https://images.meesho.com/images/products/1075386905/maxwy_512.webp?width=360
https://images.meesho.com/images/products/1110839238/xs8ws_512.webp?width=360","https://images.meesho.com/images/products/1082818632/hd66e_512.webp?width=360
https://images.meesho.com/images/products/1070298255/f7fsa_512.webp?width=360
https://images.meesho.com/images/products/642565629/7omhc_512.webp?width=360
https://images.meesho.com/images/products/1077371275/nh5co_512.webp?width=360
https://images.meesho.com/images/products/1090223387/iwxnn_512.webp?width=360"
"1791001539-7","https://www.meesho.com/elegant-printed-square-neck-bodycon-dress-with-wide-straps-and-frill-details-perfect-for-springsummerfall-ideal-for-dates-parties-beach-vacations/p/cfo4zp","₹420","₹461","₹493","Urbane Partywear Women Dresses","Trendy Graceful Women Dresses","4.2","Comfy Latest Women Dresses","Supplier","4533 Reviews","","Supplier","","","","","","3.9","","https://images.meesho.com/images/products/1110668669/jgtkv_512.webp?width=360","https://images.meesho.com/images/products/678247844/pvmwd_512.webp?width=360","https://images.meesho.com/images/products/1101116669/m07cb_512.webp?width=360","","https://www.meesho.com/assets/svgicons/starBlueBase.svg","","","","","https://www.meesho.com/assets/svgicons/star.svg","Urbane Partywear Women Dresses₹420 4.8Supplier","https://www.meesho.com/women-black-floral-print-flared-maxi-dress/p/id9hfh","Become a Supplier","Become a SupplierInvestor RelationsProfileCart2Top BrandsShimla ApplesJewelleryMen FashionKidsFootwearBeauty & Personal CareGroceryElectronicsInnerwear & NightwearKitchen & AppliancesBags & LuggageHealthcareStationery & Office SuppliesBike & CarFurnitureAll SareesGeorgette SareesChiffon SareesCotton SareesNet SareesSilk SareesNew CollectionBridal SareesAll KurtisAnarkali KurtisRayon KurtisCotton KurtisStraight KurtisLong KurtisAll Kurta SetsKurta Palazzo SetsKurta Pant SetsSharara SetsAnarkali Kurta SetsCotton Kurta SetsAll Dupatta SetsCotton SetsRayon SetsAll Dress MaterialsPakistani Dress MaterialsCotton Dress MaterialsPatiala Dress MaterialsBanarasi Dress MaterialsParty Wear Dress MaterialsAll LehengasShoppers FavouriteTrending LehengasAll BlousesShoppers FavouriteTrending BlousesAll GownsShoppers FavouriteTrending GownsEthnic Skirts & BottomwearEthnic Jackets & ShrugsIslamic FashionPetticoatsBlouse PiecesDupattasAll TopwearTops & TunicsDressesT-shirtsGownsTops & Bottom SetsShirtsJumpsuitsNew TrendsAll BottomwearJeans & JeggingsPalazzosTrousers & PantsLeggingsShorts & SkirtsJacketsSweatshirtsSweatersCapes, Shrug & PonchosCoatsBlazers & WaistcoatsPlus Size - Dresses & GownsPlus Size - Tops & TeesPlus size - BottomwearWomen BraWomen PantiesOther InnerwearWomen NightsuitsWomen NightdressOther SleepwearSports BottomwearSports BraTop & Bottom SetsKurti & TopwearFeeding BrasBriefs & BottomwearSummer T-ShirtsShirtsT-Shirts CombosJeansCargos/TrousersDhotis/LungisKurtasKurta SetsNehru JacketVestsBriefsBoxersTrackpantsTracksuitsGym TshirtsPyjamasNight ShortsNightsuitsShrugsJacketsSweatshirtsRakhi SpecialsShirts ComboInnerwear ComboAll AccessoriesWatchesWalletsJewellerySunglasses & Spectacle FramesBeltsMen FootwearMen Casual ShoesMen Sports ShoesMen Flip Flops and SandalsMen Formal ShoesLoafersGirlsBoysBabiesClothing SetsFrocks & DressesT-Shirt & PolosToys & GamesSummer PicksBest SellersBaby GearsBags & BackpacksKids AccessoriesParty ItemsView AllBaby Bedding & AccessoriesNewborn CareDiapersBaby Mosquito netsBaby Dry SheetsView AllCoversKey HoldersArtificial PlantsPooja NeedsParty SuppliesWallpapers & StickersShowpieces & IdolsClocks & Wall DecorView AllStorage & OrganizersCookwareKitchen ToolsKitchen AppliancesDinnerwareGlasses & BarwareKitchen LinenHome AppliancesView AllBedsheetsCurtains & AccessoriesDoormats & CarpetsPillow, Cushion & CoversBlankets & ComfortersAll Home EssentialsBathroom AccessoriesCleaning SuppliesGardeningHome ToolsInsect ProtectionShoe RacksStudy TablesCollapsible WardrobesWall ShelvesHome TempleHammock SwingLipstickEye Shadow and LinerFace MakeupMakeup Kits & CombosHair CurlersNail MakeupBrushes & AccessoriesHair RemovalPerfumes & MoreView AllBody LotionHair Oil & ShampooWhitening CreamsStraighteners & DryersFace Oil & SerumFace WashFace Masks & PeelsSoaps & ScrubsView AllOral CareWinter HealthcareEar CleanerHealth Monitor & MassagersFoot careSexual WellnessAyurveda & NutritionSanitary Pads & MoreView AllBaby Care EssentialsMom CareTrimmersBeard OilMen Perfumes & DeodorantHair Gels, Wax & SprayMen's Face & Body CareBudget Grooming KitsAll JewelleryJewellery SetsEarringsMangalsutrasNecklaces & ChainsBangles & BraceletsAnklets & NosepinsKamarbandh & MaangtikaAll AccessoriesMen WatchesWalletsMen JewellerySunglasses & Spectacle FramesBeltsAll AccessoriesWomen WatchesHair AccessoriesWomen BeltsSunglasses & Spectacle FramesScarves, Stoles & GlovesView AllHeels and SandalsFlatsBootsFlipflops & SlippersBellies and BallerinasView AllMen Casual ShoesMen Sports ShoesMen Flip Flops and SandalsMen Formal ShoesLoafersView AllBoys ShoesGirls ShoesCasual ShoesFlipflops & SlippersSandalsView AllBackpacksHandbagsSlingbagsWalletsClutchesBackpacksWaist BagsCrossbody Bags & Sling BagsView AllDuffel & Trolley BagsLaptop & Messenger BagsNeckbandSpeakersCases & CoversBluetooth EarbudsWired EarphoneMobile HoldersMobile Chargers & CablesPower BanksMicrophoneSelfie Stick & RinglightTripod & MonopodExtension CordScreen Expanders & MagnifiersView AllAnalog WatchesDigital WatchesSport WatchesCouple WatchBands & BoxesView AllView AllSweat BeltsExercise BandsTummy TrimmersSkipping RopesHand Grip StrengthenerYogaFitness AccessoriesFitness GearsCricketCycles & AccessoriesSkatingFootballBadmintonVolleyballFishingSwimmingView AllBike LED LightsBike CoversBike AccessoriesSafety Gear & ClothingHelmetsScooty & Activa AccessoriesInterior AccessoriesCar Care & CleaningCar Repair AssistanceCar Mobile & HoldersCar CoversCar Exterior AccessoriesView AllPens & PencilsDiaries & NotebooksArt & Craft SuppliesFiles & Desks OrganizersAdhesives & TapesDry FruitsMasala and spicesSnacks and NamkeensPicklesChocolates & CandiesBiscuit and cookiesCoffeeTeaView AllChildren's BooksMotivational BooksNovelsReligious BooksEconomics & CommerceView All BooksUPSC & Central Exam PreparationCompetitive Exams PreparationReference BooksSchool Textbooks & GuidesUniversity Books & GuidesAll Academic BooksCollars & LeashesClothes & GroomingFood & TreatsAquarium AccessoriesPet ToysPet BowlsDholaks & Drum setsPiano & KeyboardString InstrumentsWind InstrumentsMusical AccessoriesAll Musical InstrumentsPopularKurti, Saree & LehengaWomen WesternLingerieMenKids & ToysHome & KitchenBeauty & HealthJewellery & AccessoriesBags & FootwearElectronicsWatchesSports & FitnessCar & MotorbikeOffice Supplies & StationeryGroceryBooksPet SuppliesMusical InstrumentsFeatured On MeeshoTop BrandsShimla ApplesAll PopularJewelleryMen FashionKidsFootwearBeauty & Personal CareGroceryElectronicsInnerwear & NightwearKitchen & AppliancesBags & LuggageHealthcareStationery & Office SuppliesBike & CarFurnitureSareesAll SareesGeorgette SareesChiffon SareesCotton SareesNet SareesSilk SareesNew CollectionBridal SareesKurtisAll KurtisAnarkali KurtisRayon KurtisCotton KurtisStraight KurtisLong KurtisKurta SetsAll Kurta SetsKurta Palazzo SetsKurta Pant SetsSharara SetsAnarkali Kurta SetsCotton Kurta SetsDupatta SetsAll Dupatta SetsCotton SetsRayon SetsSuits & Dress MaterialAll Dress MaterialsPakistani Dress MaterialsCotton Dress MaterialsPatiala Dress MaterialsBanarasi Dress MaterialsParty Wear Dress MaterialsLehengasAll LehengasShoppers FavouriteTrending LehengasBlousesAll BlousesShoppers FavouriteTrending BlousesGownsAll GownsShoppers FavouriteTrending GownsOther Ethnic WearEthnic Skirts & BottomwearEthnic Jackets & ShrugsIslamic FashionPetticoatsBlouse PiecesDupattasTopwearAll TopwearTops & TunicsDressesT-shirtsGownsTops & Bottom SetsShirtsJumpsuitsNew TrendsBottom WearAll BottomwearJeans & JeggingsPalazzosTrousers & PantsLeggingsShorts & SkirtsWinterwearJacketsSweatshirtsSweatersCapes, Shrug & PonchosCoatsBlazers & WaistcoatsPlus SizePlus Size - Dresses & GownsPlus Size - Tops & TeesPlus size - BottomwearInnerwearWomen BraWomen PantiesOther InnerwearSleepwearWomen NightsuitsWomen NightdressOther SleepwearSports WearSports BottomwearSports BraTop & Bottom SetsMaternity WearKurti & TopwearFeeding BrasBriefs & BottomwearTop WearSummer T-ShirtsShirtsT-Shirts CombosBottom WearJeansCargos/TrousersDhotis/LungisEthnic WearKurtasKurta SetsNehru JacketInnerwearVestsBriefsBoxersSports WearTrackpantsTracksuitsGym TshirtsNight WearPyjamasNight ShortsNightsuitsWinter WearShrugsJacketsSweatshirtsCombo StoreRakhi SpecialsShirts ComboInnerwear ComboAccessoriesAll AccessoriesWatchesWalletsJewellerySunglasses & Spectacle FramesBeltsFootwearMen FootwearMen Casual ShoesMen Sports ShoesMen Flip Flops and SandalsMen Formal ShoesLoafersKids ClothingGirlsBoysBabiesClothing SetsFrocks & DressesT-Shirt & PolosKids ToysToys & GamesSummer PicksBest SellersBaby GearsKids AccessoriesBags & BackpacksKids AccessoriesParty ItemsBaby CareView AllBaby Bedding & AccessoriesNewborn CareDiapersBaby Mosquito netsBaby Dry SheetsHome DecorView AllCoversKey HoldersArtificial PlantsPooja NeedsParty SuppliesWallpapers & StickersShowpieces & IdolsClocks & Wall DecorKitchen & AppliancesView AllStorage & OrganizersCookwareKitchen ToolsKitchen AppliancesDinnerwareGlasses & BarwareKitchen LinenHome AppliancesHome TextilesView AllBedsheetsCurtains & AccessoriesDoormats & CarpetsPillow, Cushion & CoversBlankets & ComfortersHome ImprovementAll Home EssentialsBathroom AccessoriesCleaning SuppliesGardeningHome ToolsInsect ProtectionFurnitureShoe RacksStudy TablesCollapsible WardrobesWall ShelvesHome TempleHammock SwingMakeupLipstickEye Shadow and LinerFace MakeupMakeup Kits & CombosHair CurlersNail MakeupBrushes & AccessoriesHair RemovalPerfumes & MorePersonal CareView AllBody LotionHair Oil & ShampooWhitening CreamsStraighteners & DryersFace Oil & SerumFace WashFace Masks & PeelsSoaps & ScrubsHealthcareView AllOral CareWinter HealthcareEar CleanerHealth Monitor & MassagersFoot careSexual WellnessAyurveda & NutritionSanitary Pads & MoreBaby & MomView AllBaby Care EssentialsMom CareMens CareTrimmersBeard OilMen Perfumes & DeodorantHair Gels, Wax & SprayMen's Face & Body CareBudget Grooming KitsJewelleryAll JewelleryJewellery SetsEarringsMangalsutrasNecklaces & ChainsBangles & BraceletsAnklets & NosepinsKamarbandh & MaangtikaMen AccessoriesAll AccessoriesMen WatchesWalletsMen JewellerySunglasses & Spectacle FramesBeltsWomen AccessoriesAll AccessoriesWomen WatchesHair AccessoriesWomen BeltsSunglasses & Spectacle FramesScarves, Stoles & GlovesWomen FootwearView AllHeels and SandalsFlatsBootsFlipflops & SlippersBellies and BallerinasMen FootwearView AllMen Casual ShoesMen Sports ShoesMen Flip Flops and SandalsMen Formal ShoesLoafersKids FootwearView AllBoys ShoesGirls ShoesCasual ShoesFlipflops & SlippersSandalsWomen BagsView AllBackpacksHandbagsSlingbagsWalletsClutchesMen BagsBackpacksWaist BagsCrossbody Bags & Sling BagsTravel Bags, Luggage and AccessoriesView AllDuffel & Trolley BagsLaptop & Messenger BagsAudio & MobilesNeckbandSpeakersCases & CoversBluetooth EarbudsWired EarphoneAccessoriesMobile HoldersMobile Chargers & CablesPower BanksMicrophoneSelfie Stick & RinglightTripod & MonopodExtension CordScreen Expanders & MagnifiersView AllwatchesAnalog WatchesDigital WatchesSport WatchesCouple WatchBands & BoxesView AllFitnessView AllSweat BeltsExercise BandsTummy TrimmersSkipping RopesHand Grip StrengthenerYogaFitness AccessoriesFitness GearsSportsCricketCycles & AccessoriesSkatingFootballBadmintonVolleyballFishingSwimmingView AllBike & Scooty AccessoriesBike LED LightsBike CoversBike AccessoriesSafety Gear & ClothingHelmetsScooty & Activa AccessoriesCar AccessoriesInterior AccessoriesCar Care & CleaningCar Repair AssistanceCar Mobile & HoldersCar CoversCar Exterior AccessoriesOffice Supplies & StationeryView AllPens & PencilsDiaries & NotebooksArt & Craft SuppliesFiles & Desks OrganizersAdhesives & TapesFood & DrinksDry FruitsMasala and spicesSnacks and NamkeensPicklesChocolates & CandiesBiscuit and cookiesCoffeeTeaView AllFiction & Non FictionChildren's BooksMotivational BooksNovelsReligious BooksEconomics & CommerceView All BooksAcademic BooksUPSC & Central Exam PreparationCompetitive Exams PreparationReference BooksSchool Textbooks & GuidesUniversity Books & GuidesAll Academic BooksPet SuppliesCollars & LeashesClothes & GroomingFood & TreatsAquarium AccessoriesPet ToysPet BowlsMusical InstrumentsDholaks & Drum setsPiano & KeyboardString InstrumentsWind InstrumentsMusical AccessoriesAll Musical InstrumentsHomeWomenWomen Western WearWomen DressesWomen Black Floral Print Flared Maxi DressAdd to CartBuy Now1 Similar ProductsWomen Black Floral Print Flared Maxi Dress₹420Select SizeXSMXLXXLXXXLProduct HighlightsCOPYColorBlackFabricCotton BlendFit/ ShapeFit and FlareLengthMaxiAdditional DetailsNeckRound NeckPrint or Pattern TypeFloralSurface StylingPleated or GatheredOcassionCasualSleeve LengthShort SleevesSleeve StylingPuffPatternPrintedNet Quantity (N)1Add OnBeltTYPEOne PieceGeneric NameDressesCountry of OriginIndiaMore InformationProduct DetailsName : Women Black Floral Print Flared Maxi DressFabric : Cotton BlendSleeve Length : Short SleevesPattern : PrintedNet Quantity (N) : 1Sizes :  XS (Bust Size : 34 in, Length Size: 52 in)M (Bust Size : 38 in, Length Size: 55 in)XL (Bust Size : 42 in, Length Size: 56 in)XXL (Bust Size : 44 in, Length Size: 56 in)XXXL (Bust Size : 46 in, Length Size: 57 in) Stylish Black and Cream Floral Print Maxi Dress with a round neck and puff sleeves. Designed with a comfortable fit and flared silhouette.Country of Origin : IndiaMore InformationSold ByKAYRA _ENTERPRISEView Shop4.86 Ratings39ProductsCheck Delivery Date  Enter Delivery PincodeCHECK Enter Pincode for Estimated Delivery DateDispatch in 1 dayLowest PriceCash on Delivery7-day ReturnsPeople also viewed+3 MoreStylish Glamorous Women Dresses₹343 2.56 Reviews+3 MoreComfy Latest Women Dresses₹455₹4642% off4.0Supplier+5 MoreDresses₹403₹4112% off3.9SupplierPretty Fashionista Women Dresses₹327₹3291% off4.23816 ReviewsComfy Partywear Women Dresses₹342 4.175 Reviews+3 MorePretty Latest Women Dresses₹348 4.041 Reviews+4 MoreUrbane Graceful Women Dresses₹502 4.1Supplier+8 MorePretty Glamorous Women  Gowns₹335 4.012150 Reviews+3 MoreFancy Designer Women Dresses₹560₹5702% off4.0SupplierClassic Graceful Women Dresses₹256 3.796 ReviewsComfy Latest Women Dresses₹466 4.1Supplier+8 MoreStylish Fashionista Women Dresses₹546 3.9Supplier+3 MorePretty Graceful Women Dresses₹333 3.6SupplierTrendy Partywear Women Dresses₹414 4.8SupplierFancy Fashionable Women Dresses₹454₹4612% off4.1SupplierClassic Fashionable Women Dresses₹252 4.02923 ReviewsTrendy Fabulous Women Dresses₹362 3.45 Reviews+10 MoreDresses₹250 3.9166 ReviewsClassy Elegant Women Dresses₹281 4.02345 Reviews+1 MoreFancy Fashionista Women Dresses₹425 4.31953 Reviews","","Fabric : Cotton Blend","Sleeve Length : Short Sleeves","Pattern : Printed","Stylish Black and Cream Floral Print Maxi Dress with a round neck and puff sleeves. Designed with a comfortable fit and flared silhouette.","Women Black Floral Print Flared Maxi Dress","Home

Women

Women Western Wear

Women Dresses","Women Black Floral Print Flared Maxi Dress","₹420","₹420","XS

M

XL

XXL

XXXL","View Shop","KAYRA _ENTERPRISE","4.8","39","39Products","6 Ratings","CHECK","Dispatch in 1 day","Lowest PriceCash on Delivery7-day Returns","Lowest Price

Cash on Delivery

7-day Returns","People also viewed","","","","","","","","","","https://www.meesho.com/assets/svgicons/meeshoLogo.svg","https://images.meesho.com/images/products/1110668669/jgtkv_512.webp?width=64
https://images.meesho.com/images/products/1110668669/yl5ge_512.webp?width=64
https://images.meesho.com/images/products/1110668669/ugozi_512.webp?width=64
https://images.meesho.com/images/products/1110668669/j8cwx_512.webp?width=64","https://images.meesho.com/images/products/1110668669/jgtkv_512.webp?width=64","https://images.meesho.com/images/products/1110668669/jgtkv_128.webp?width=128","https://images.meesho.com/images/products/1086109074/w26mz_512.webp?width=360
https://images.meesho.com/images/products/1108419938/8md0x_512.webp?width=360
https://images.meesho.com/images/products/700879305/ipxeh_512.webp?width=360
https://images.meesho.com/images/products/525591028/bgg5a_512.webp?width=360
https://images.meesho.com/images/products/1075358200/tbvvy_512.webp?width=360","https://images.meesho.com/images/products/1110540896/oj7hw_512.webp?width=360
https://images.meesho.com/images/products/1093032914/amejz_512.webp?width=360
https://images.meesho.com/images/products/1068897993/sif5q_512.webp?width=360
https://images.meesho.com/images/products/1109224571/o2nmt_512.webp?width=360
https://images.meesho.com/images/products/1111057422/eqou0_512.webp?width=360","https://images.meesho.com/images/products/619737321/5emdh_512.webp?width=360
https://images.meesho.com/images/products/936488186/py2s2_512.webp?width=360
https://images.meesho.com/images/products/970375458/9s4v8_512.webp?width=360
https://images.meesho.com/images/products/619608577/ua3jk_512.webp?width=360
https://images.meesho.com/images/products/494512940/7yi7s_512.webp?width=360"
"1791001542-8","https://www.meesho.com/elegant-printed-square-neck-bodycon-dress-with-wide-straps-and-frill-details-perfect-for-springsummerfall-ideal-for-dates-parties-beach-vacations/p/cfo4zp","₹318","₹342","₹425","Classic Glamorous Women Dresses","Comfy Feminine Women Dresses","4.2","Fancy Elegant Women Dresses","Supplier","50 Reviews","","11541 Reviews","","+3 More","","","4.3","","","https://images.meesho.com/images/products/1110613914/xbhwv_512.webp?width=360","https://images.meesho.com/images/products/1077043053/pt5h5_512.webp?width=360","https://images.meesho.com/images/products/723275843/roanu_512.webp?width=360","","","https://www.meesho.com/assets/svgicons/mtrusted.svg","https://www.meesho.com/assets/svgicons/mtrusted.svg","https://www.meesho.com/assets/svgicons/star.svg","","https://www.meesho.com/assets/svgicons/star.svg","+3 MoreClassic Glamorous Women Dresses₹318 4.1Supplier","https://www.meesho.com/womens-cotton-blend-fit-and-flare-dress/p/id8b6i","Become a Supplier","Become a SupplierInvestor RelationsProfileCart2Top BrandsShimla ApplesJewelleryMen FashionKidsFootwearBeauty & Personal CareGroceryElectronicsInnerwear & NightwearKitchen & AppliancesBags & LuggageHealthcareStationery & Office SuppliesBike & CarFurnitureAll SareesGeorgette SareesChiffon SareesCotton SareesNet SareesSilk SareesNew CollectionBridal SareesAll KurtisAnarkali KurtisRayon KurtisCotton KurtisStraight KurtisLong KurtisAll Kurta SetsKurta Palazzo SetsKurta Pant SetsSharara SetsAnarkali Kurta SetsCotton Kurta SetsAll Dupatta SetsCotton SetsRayon SetsAll Dress MaterialsPakistani Dress MaterialsCotton Dress MaterialsPatiala Dress MaterialsBanarasi Dress MaterialsParty Wear Dress MaterialsAll LehengasShoppers FavouriteTrending LehengasAll BlousesShoppers FavouriteTrending BlousesAll GownsShoppers FavouriteTrending GownsEthnic Skirts & BottomwearEthnic Jackets & ShrugsIslamic FashionPetticoatsBlouse PiecesDupattasAll TopwearTops & TunicsDressesT-shirtsGownsTops & Bottom SetsShirtsJumpsuitsNew TrendsAll BottomwearJeans & JeggingsPalazzosTrousers & PantsLeggingsShorts & SkirtsJacketsSweatshirtsSweatersCapes, Shrug & PonchosCoatsBlazers & WaistcoatsPlus Size - Dresses & GownsPlus Size - Tops & TeesPlus size - BottomwearWomen BraWomen PantiesOther InnerwearWomen NightsuitsWomen NightdressOther SleepwearSports BottomwearSports BraTop & Bottom SetsKurti & TopwearFeeding BrasBriefs & BottomwearSummer T-ShirtsShirtsT-Shirts CombosJeansCargos/TrousersDhotis/LungisKurtasKurta SetsNehru JacketVestsBriefsBoxersTrackpantsTracksuitsGym TshirtsPyjamasNight ShortsNightsuitsShrugsJacketsSweatshirtsRakhi SpecialsShirts ComboInnerwear ComboAll AccessoriesWatchesWalletsJewellerySunglasses & Spectacle FramesBeltsMen FootwearMen Casual ShoesMen Sports ShoesMen Flip Flops and SandalsMen Formal ShoesLoafersGirlsBoysBabiesClothing SetsFrocks & DressesT-Shirt & PolosToys & GamesSummer PicksBest SellersBaby GearsBags & BackpacksKids AccessoriesParty ItemsView AllBaby Bedding & AccessoriesNewborn CareDiapersBaby Mosquito netsBaby Dry SheetsView AllCoversKey HoldersArtificial PlantsPooja NeedsParty SuppliesWallpapers & StickersShowpieces & IdolsClocks & Wall DecorView AllStorage & OrganizersCookwareKitchen ToolsKitchen AppliancesDinnerwareGlasses & BarwareKitchen LinenHome AppliancesView AllBedsheetsCurtains & AccessoriesDoormats & CarpetsPillow, Cushion & CoversBlankets & ComfortersAll Home EssentialsBathroom AccessoriesCleaning SuppliesGardeningHome ToolsInsect ProtectionShoe RacksStudy TablesCollapsible WardrobesWall ShelvesHome TempleHammock SwingLipstickEye Shadow and LinerFace MakeupMakeup Kits & CombosHair CurlersNail MakeupBrushes & AccessoriesHair RemovalPerfumes & MoreView AllBody LotionHair Oil & ShampooWhitening CreamsStraighteners & DryersFace Oil & SerumFace WashFace Masks & PeelsSoaps & ScrubsView AllOral CareWinter HealthcareEar CleanerHealth Monitor & MassagersFoot careSexual WellnessAyurveda & NutritionSanitary Pads & MoreView AllBaby Care EssentialsMom CareTrimmersBeard OilMen Perfumes & DeodorantHair Gels, Wax & SprayMen's Face & Body CareBudget Grooming KitsAll JewelleryJewellery SetsEarringsMangalsutrasNecklaces & ChainsBangles & BraceletsAnklets & NosepinsKamarbandh & MaangtikaAll AccessoriesMen WatchesWalletsMen JewellerySunglasses & Spectacle FramesBeltsAll AccessoriesWomen WatchesHair AccessoriesWomen BeltsSunglasses & Spectacle FramesScarves, Stoles & GlovesView AllHeels and SandalsFlatsBootsFlipflops & SlippersBellies and BallerinasView AllMen Casual ShoesMen Sports ShoesMen Flip Flops and SandalsMen Formal ShoesLoafersView AllBoys ShoesGirls ShoesCasual ShoesFlipflops & SlippersSandalsView AllBackpacksHandbagsSlingbagsWalletsClutchesBackpacksWaist BagsCrossbody Bags & Sling BagsView AllDuffel & Trolley BagsLaptop & Messenger BagsNeckbandSpeakersCases & CoversBluetooth EarbudsWired EarphoneMobile HoldersMobile Chargers & CablesPower BanksMicrophoneSelfie Stick & RinglightTripod & MonopodExtension CordScreen Expanders & MagnifiersView AllAnalog WatchesDigital WatchesSport WatchesCouple WatchBands & BoxesView AllView AllSweat BeltsExercise BandsTummy TrimmersSkipping RopesHand Grip StrengthenerYogaFitness AccessoriesFitness GearsCricketCycles & AccessoriesSkatingFootballBadmintonVolleyballFishingSwimmingView AllBike LED LightsBike CoversBike AccessoriesSafety Gear & ClothingHelmetsScooty & Activa AccessoriesInterior AccessoriesCar Care & CleaningCar Repair AssistanceCar Mobile & HoldersCar CoversCar Exterior AccessoriesView AllPens & PencilsDiaries & NotebooksArt & Craft SuppliesFiles & Desks OrganizersAdhesives & TapesDry FruitsMasala and spicesSnacks and NamkeensPicklesChocolates & CandiesBiscuit and cookiesCoffeeTeaView AllChildren's BooksMotivational BooksNovelsReligious BooksEconomics & CommerceView All BooksUPSC & Central Exam PreparationCompetitive Exams PreparationReference BooksSchool Textbooks & GuidesUniversity Books & GuidesAll Academic BooksCollars & LeashesClothes & GroomingFood & TreatsAquarium AccessoriesPet ToysPet BowlsDholaks & Drum setsPiano & KeyboardString InstrumentsWind InstrumentsMusical AccessoriesAll Musical InstrumentsPopularKurti, Saree & LehengaWomen WesternLingerieMenKids & ToysHome & KitchenBeauty & HealthJewellery & AccessoriesBags & FootwearElectronicsWatchesSports & FitnessCar & MotorbikeOffice Supplies & StationeryGroceryBooksPet SuppliesMusical InstrumentsFeatured On MeeshoTop BrandsShimla ApplesAll PopularJewelleryMen FashionKidsFootwearBeauty & Personal CareGroceryElectronicsInnerwear & NightwearKitchen & AppliancesBags & LuggageHealthcareStationery & Office SuppliesBike & CarFurnitureSareesAll SareesGeorgette SareesChiffon SareesCotton SareesNet SareesSilk SareesNew CollectionBridal SareesKurtisAll KurtisAnarkali KurtisRayon KurtisCotton KurtisStraight KurtisLong KurtisKurta SetsAll Kurta SetsKurta Palazzo SetsKurta Pant SetsSharara SetsAnarkali Kurta SetsCotton Kurta SetsDupatta SetsAll Dupatta SetsCotton SetsRayon SetsSuits & Dress MaterialAll Dress MaterialsPakistani Dress MaterialsCotton Dress MaterialsPatiala Dress MaterialsBanarasi Dress MaterialsParty Wear Dress MaterialsLehengasAll LehengasShoppers FavouriteTrending LehengasBlousesAll BlousesShoppers FavouriteTrending BlousesGownsAll GownsShoppers FavouriteTrending GownsOther Ethnic WearEthnic Skirts & BottomwearEthnic Jackets & ShrugsIslamic FashionPetticoatsBlouse PiecesDupattasTopwearAll TopwearTops & TunicsDressesT-shirtsGownsTops & Bottom SetsShirtsJumpsuitsNew TrendsBottom WearAll BottomwearJeans & JeggingsPalazzosTrousers & PantsLeggingsShorts & SkirtsWinterwearJacketsSweatshirtsSweatersCapes, Shrug & PonchosCoatsBlazers & WaistcoatsPlus SizePlus Size - Dresses & GownsPlus Size - Tops & TeesPlus size - BottomwearInnerwearWomen BraWomen PantiesOther InnerwearSleepwearWomen NightsuitsWomen NightdressOther SleepwearSports WearSports BottomwearSports BraTop & Bottom SetsMaternity WearKurti & TopwearFeeding BrasBriefs & BottomwearTop WearSummer T-ShirtsShirtsT-Shirts CombosBottom WearJeansCargos/TrousersDhotis/LungisEthnic WearKurtasKurta SetsNehru JacketInnerwearVestsBriefsBoxersSports WearTrackpantsTracksuitsGym TshirtsNight WearPyjamasNight ShortsNightsuitsWinter WearShrugsJacketsSweatshirtsCombo StoreRakhi SpecialsShirts ComboInnerwear ComboAccessoriesAll AccessoriesWatchesWalletsJewellerySunglasses & Spectacle FramesBeltsFootwearMen FootwearMen Casual ShoesMen Sports ShoesMen Flip Flops and SandalsMen Formal ShoesLoafersKids ClothingGirlsBoysBabiesClothing SetsFrocks & DressesT-Shirt & PolosKids ToysToys & GamesSummer PicksBest SellersBaby GearsKids AccessoriesBags & BackpacksKids AccessoriesParty ItemsBaby CareView AllBaby Bedding & AccessoriesNewborn CareDiapersBaby Mosquito netsBaby Dry SheetsHome DecorView AllCoversKey HoldersArtificial PlantsPooja NeedsParty SuppliesWallpapers & StickersShowpieces & IdolsClocks & Wall DecorKitchen & AppliancesView AllStorage & OrganizersCookwareKitchen ToolsKitchen AppliancesDinnerwareGlasses & BarwareKitchen LinenHome AppliancesHome TextilesView AllBedsheetsCurtains & AccessoriesDoormats & CarpetsPillow, Cushion & CoversBlankets & ComfortersHome ImprovementAll Home EssentialsBathroom AccessoriesCleaning SuppliesGardeningHome ToolsInsect ProtectionFurnitureShoe RacksStudy TablesCollapsible WardrobesWall ShelvesHome TempleHammock SwingMakeupLipstickEye Shadow and LinerFace MakeupMakeup Kits & CombosHair CurlersNail MakeupBrushes & AccessoriesHair RemovalPerfumes & MorePersonal CareView AllBody LotionHair Oil & ShampooWhitening CreamsStraighteners & DryersFace Oil & SerumFace WashFace Masks & PeelsSoaps & ScrubsHealthcareView AllOral CareWinter HealthcareEar CleanerHealth Monitor & MassagersFoot careSexual WellnessAyurveda & NutritionSanitary Pads & MoreBaby & MomView AllBaby Care EssentialsMom CareMens CareTrimmersBeard OilMen Perfumes & DeodorantHair Gels, Wax & SprayMen's Face & Body CareBudget Grooming KitsJewelleryAll JewelleryJewellery SetsEarringsMangalsutrasNecklaces & ChainsBangles & BraceletsAnklets & NosepinsKamarbandh & MaangtikaMen AccessoriesAll AccessoriesMen WatchesWalletsMen JewellerySunglasses & Spectacle FramesBeltsWomen AccessoriesAll AccessoriesWomen WatchesHair AccessoriesWomen BeltsSunglasses & Spectacle FramesScarves, Stoles & GlovesWomen FootwearView AllHeels and SandalsFlatsBootsFlipflops & SlippersBellies and BallerinasMen FootwearView AllMen Casual ShoesMen Sports ShoesMen Flip Flops and SandalsMen Formal ShoesLoafersKids FootwearView AllBoys ShoesGirls ShoesCasual ShoesFlipflops & SlippersSandalsWomen BagsView AllBackpacksHandbagsSlingbagsWalletsClutchesMen BagsBackpacksWaist BagsCrossbody Bags & Sling BagsTravel Bags, Luggage and AccessoriesView AllDuffel & Trolley BagsLaptop & Messenger BagsAudio & MobilesNeckbandSpeakersCases & CoversBluetooth EarbudsWired EarphoneAccessoriesMobile HoldersMobile Chargers & CablesPower BanksMicrophoneSelfie Stick & RinglightTripod & MonopodExtension CordScreen Expanders & MagnifiersView AllwatchesAnalog WatchesDigital WatchesSport WatchesCouple WatchBands & BoxesView AllFitnessView AllSweat BeltsExercise BandsTummy TrimmersSkipping RopesHand Grip StrengthenerYogaFitness AccessoriesFitness GearsSportsCricketCycles & AccessoriesSkatingFootballBadmintonVolleyballFishingSwimmingView AllBike & Scooty AccessoriesBike LED LightsBike CoversBike AccessoriesSafety Gear & ClothingHelmetsScooty & Activa AccessoriesCar AccessoriesInterior AccessoriesCar Care & CleaningCar Repair AssistanceCar Mobile & HoldersCar CoversCar Exterior AccessoriesOffice Supplies & StationeryView AllPens & PencilsDiaries & NotebooksArt & Craft SuppliesFiles & Desks OrganizersAdhesives & TapesFood & DrinksDry FruitsMasala and spicesSnacks and NamkeensPicklesChocolates & CandiesBiscuit and cookiesCoffeeTeaView AllFiction & Non FictionChildren's BooksMotivational BooksNovelsReligious BooksEconomics & CommerceView All BooksAcademic BooksUPSC & Central Exam PreparationCompetitive Exams PreparationReference BooksSchool Textbooks & GuidesUniversity Books & GuidesAll Academic BooksPet SuppliesCollars & LeashesClothes & GroomingFood & TreatsAquarium AccessoriesPet ToysPet BowlsMusical InstrumentsDholaks & Drum setsPiano & KeyboardString InstrumentsWind InstrumentsMusical AccessoriesAll Musical InstrumentsHomeWomenWomen Western WearWomen DressesWomen's Cotton Blend Fit and Flare Dress.Add to CartBuy Now4 Similar ProductsWomen's Cotton Blend Fit and Flare Dress.₹318Select SizeSMLXLProduct HighlightsCOPYColorWineFabricCotton BlendFit/ ShapeA-LineLengthMaxiAdditional DetailsNeckShoulder StrapsPrint or Pattern TypeSolidSurface StylingBowOcassionCasualSleeve LengthSleevelessSleeve StylingShoulder StrapNet Quantity (N)1TYPEOne PieceGeneric NameDressesCountry of OriginIndiaMore InformationProduct DetailsName : Women's Cotton Blend Fit and Flare Dress.Fabric : Cotton BlendSleeve Length : SleevelessNet Quantity (N) : 1Sizes :  S (Bust Size : 30 in, Length Size: 48 in)M (Bust Size : 32 in, Length Size: 48 in)L (Bust Size : 34 in, Length Size: 48 in)XL (Bust Size : 36 in, Length Size: 48 in) Women's Cotton Blend Fit and Flare Dress.Country of Origin : IndiaMore InformationSold ByHOT  FASHIONView Shop4.16,577 Ratings62ProductsCheck Delivery Date  Enter Delivery PincodeCHECK Enter Pincode for Estimated Delivery DateDispatch in 2 dayLowest PriceCash on Delivery7-day ReturnsPeople also viewedDresses₹337 4.0432 Reviews+3 MoreComfy Latest Women Dresses₹455₹4642% off4.0Supplier+6 MoreStylish Fabulous Women Dresses₹350 2.07 Reviews+6 MoreUrbane Glamorous Women Dresses₹314 3.8155 ReviewsPretty Fashionista Women Dresses₹327₹3291% off4.23816 ReviewsUrbane Sensational Women Dresses₹313₹34610% off3.943 ReviewsTrendy Elegant Women Dresses₹464 4.1Supplier+3 MoreClassic Designer Women Dresses₹464 4.47043 ReviewsComfy Partywear Women Dresses₹342 4.175 ReviewsDresses₹319₹3252% off4.05 ReviewsComfy Sensational Women Dresses₹375₹3822% offDresses₹322 4.1134 ReviewsPretty Fashionista Women Dresses₹405₹4132% off4.1228 Reviews+3 MoreTrendy Fashionable Women Dresses₹455₹4642% off4.0SupplierTrendy Graceful Women Dresses₹470 4.0Supplier+2 MoreDresses₹326₹3322% off3.510 Reviews+3 MoreFancy Designer Women Dresses₹560₹5702% off4.0Supplier+8 MoreClassy Designer Women Dresses₹596 3.692 Reviews+2 MoreClassic Elegant Women Dresses₹537 4.31341 Reviews+2 MoreClassy Retro Women Dresses₹362 4.016 Reviews","Country of Origin : India","Fabric : Cotton Blend","Sleeve Length : Sleeveless","Net Quantity (N) : 1","","Women's Cotton Blend Fit and Flare Dress.","Home

Women

Women Western Wear

Women Dresses","Women's Cotton Blend Fit and Flare Dress.","₹318","₹318","S

M

L

XL","View Shop","HOT  FASHION","4.1","62","62Products","6,577 Ratings","CHECK","Dispatch in 2 day","Lowest PriceCash on Delivery7-day Returns","Lowest Price

Cash on Delivery

7-day Returns","People also viewed","","","","","","","","","","https://www.meesho.com/assets/svgicons/meeshoLogo.svg","https://images.meesho.com/images/products/1110613914/xbhwv_512.webp?width=64
https://images.meesho.com/images/products/1110613914/rz1nl_512.webp?width=64
https://images.meesho.com/images/products/1110613914/vaztg_512.webp?width=64
https://images.meesho.com/images/products/1110613914/k5vtx_512.webp?width=64","https://images.meesho.com/images/products/1110613914/xbhwv_512.webp?width=64","https://images.meesho.com/images/products/1110613914/xbhwv_128.webp?width=128","https://images.meesho.com/images/products/1057009465/caf1q_512.webp?width=360
https://images.meesho.com/images/products/1108419938/8md0x_512.webp?width=360
https://images.meesho.com/images/products/135297751/so5vl_512.webp?width=360
https://images.meesho.com/images/products/932574748/fpe1p_512.webp?width=360
https://images.meesho.com/images/products/525591028/bgg5a_512.webp?width=360","https://images.meesho.com/images/products/1110839238/xs8ws_512.webp?width=360
https://images.meesho.com/images/products/1057484783/927ma_512.webp?width=360
https://images.meesho.com/images/products/1001973818/bwasl_512.webp?width=360
https://images.meesho.com/images/products/1108325728/1uamy_512.webp?width=360
https://images.meesho.com/images/products/1111163606/vrcqx_512.webp?width=360","https://images.meesho.com/images/products/1094828700/8gbyw_512.webp?width=360
https://images.meesho.com/images/products/1108326402/muogv_512.webp?width=360
https://images.meesho.com/images/products/1088514510/8gsbl_512.webp?width=360
https://images.meesho.com/images/products/318952702/hsbpn_512.webp?width=360
https://images.meesho.com/images/products/751766515/mlxcf_512.webp?width=360"
"1791001544-9","https://www.meesho.com/elegant-printed-square-neck-bodycon-dress-with-wide-straps-and-frill-details-perfect-for-springsummerfall-ideal-for-dates-parties-beach-vacations/p/cfo4zp","₹342","₹676","₹370","Comfy Latest Women Dresses","Urbane Graceful Women Dresses","4.0","Fancy Ravishing Women Dresses","136 Reviews","Supplier","","360 Reviews","₹681","","","1% off","","","","https://images.meesho.com/images/products/1068981548/uw1ou_512.webp?width=360","https://images.meesho.com/images/products/1108396575/5r7xv_512.webp?width=360","https://images.meesho.com/images/products/984881990/lezbd_512.webp?width=360","https://www.meesho.com/assets/svgicons/mtrusted.svg","","","","","","https://www.meesho.com/assets/svgicons/starBlueBase.svg","Comfy Latest Women Dresses₹342 3.8136 Reviews","https://www.meesho.com/elegant-women-pink-marble-print-sleeveless-maxi-gown-stylish-slim-fit-bodycon-party-wear-western-long-dress-for-cocktail-birthday-evening-occasions/p/hofzfw","Become a Supplier","Become a SupplierInvestor RelationsProfileCart2Top BrandsShimla ApplesJewelleryMen FashionKidsFootwearBeauty & Personal CareGroceryElectronicsInnerwear & NightwearKitchen & AppliancesBags & LuggageHealthcareStationery & Office SuppliesBike & CarFurnitureAll SareesGeorgette SareesChiffon SareesCotton SareesNet SareesSilk SareesNew CollectionBridal SareesAll KurtisAnarkali KurtisRayon KurtisCotton KurtisStraight KurtisLong KurtisAll Kurta SetsKurta Palazzo SetsKurta Pant SetsSharara SetsAnarkali Kurta SetsCotton Kurta SetsAll Dupatta SetsCotton SetsRayon SetsAll Dress MaterialsPakistani Dress MaterialsCotton Dress MaterialsPatiala Dress MaterialsBanarasi Dress MaterialsParty Wear Dress MaterialsAll LehengasShoppers FavouriteTrending LehengasAll BlousesShoppers FavouriteTrending BlousesAll GownsShoppers FavouriteTrending GownsEthnic Skirts & BottomwearEthnic Jackets & ShrugsIslamic FashionPetticoatsBlouse PiecesDupattasAll TopwearTops & TunicsDressesT-shirtsGownsTops & Bottom SetsShirtsJumpsuitsNew TrendsAll BottomwearJeans & JeggingsPalazzosTrousers & PantsLeggingsShorts & SkirtsJacketsSweatshirtsSweatersCapes, Shrug & PonchosCoatsBlazers & WaistcoatsPlus Size - Dresses & GownsPlus Size - Tops & TeesPlus size - BottomwearWomen BraWomen PantiesOther InnerwearWomen NightsuitsWomen NightdressOther SleepwearSports BottomwearSports BraTop & Bottom SetsKurti & TopwearFeeding BrasBriefs & BottomwearSummer T-ShirtsShirtsT-Shirts CombosJeansCargos/TrousersDhotis/LungisKurtasKurta SetsNehru JacketVestsBriefsBoxersTrackpantsTracksuitsGym TshirtsPyjamasNight ShortsNightsuitsShrugsJacketsSweatshirtsRakhi SpecialsShirts ComboInnerwear ComboAll AccessoriesWatchesWalletsJewellerySunglasses & Spectacle FramesBeltsMen FootwearMen Casual ShoesMen Sports ShoesMen Flip Flops and SandalsMen Formal ShoesLoafersGirlsBoysBabiesClothing SetsFrocks & DressesT-Shirt & PolosToys & GamesSummer PicksBest SellersBaby GearsBags & BackpacksKids AccessoriesParty ItemsView AllBaby Bedding & AccessoriesNewborn CareDiapersBaby Mosquito netsBaby Dry SheetsView AllCoversKey HoldersArtificial PlantsPooja NeedsParty SuppliesWallpapers & StickersShowpieces & IdolsClocks & Wall DecorView AllStorage & OrganizersCookwareKitchen ToolsKitchen AppliancesDinnerwareGlasses & BarwareKitchen LinenHome AppliancesView AllBedsheetsCurtains & AccessoriesDoormats & CarpetsPillow, Cushion & CoversBlankets & ComfortersAll Home EssentialsBathroom AccessoriesCleaning SuppliesGardeningHome ToolsInsect ProtectionShoe RacksStudy TablesCollapsible WardrobesWall ShelvesHome TempleHammock SwingLipstickEye Shadow and LinerFace MakeupMakeup Kits & CombosHair CurlersNail MakeupBrushes & AccessoriesHair RemovalPerfumes & MoreView AllBody LotionHair Oil & ShampooWhitening CreamsStraighteners & DryersFace Oil & SerumFace WashFace Masks & PeelsSoaps & ScrubsView AllOral CareWinter HealthcareEar CleanerHealth Monitor & MassagersFoot careSexual WellnessAyurveda & NutritionSanitary Pads & MoreView AllBaby Care EssentialsMom CareTrimmersBeard OilMen Perfumes & DeodorantHair Gels, Wax & SprayMen's Face & Body CareBudget Grooming KitsAll JewelleryJewellery SetsEarringsMangalsutrasNecklaces & ChainsBangles & BraceletsAnklets & NosepinsKamarbandh & MaangtikaAll AccessoriesMen WatchesWalletsMen JewellerySunglasses & Spectacle FramesBeltsAll AccessoriesWomen WatchesHair AccessoriesWomen BeltsSunglasses & Spectacle FramesScarves, Stoles & GlovesView AllHeels and SandalsFlatsBootsFlipflops & SlippersBellies and BallerinasView AllMen Casual ShoesMen Sports ShoesMen Flip Flops and SandalsMen Formal ShoesLoafersView AllBoys ShoesGirls ShoesCasual ShoesFlipflops & SlippersSandalsView AllBackpacksHandbagsSlingbagsWalletsClutchesBackpacksWaist BagsCrossbody Bags & Sling BagsView AllDuffel & Trolley BagsLaptop & Messenger BagsNeckbandSpeakersCases & CoversBluetooth EarbudsWired EarphoneMobile HoldersMobile Chargers & CablesPower BanksMicrophoneSelfie Stick & RinglightTripod & MonopodExtension CordScreen Expanders & MagnifiersView AllAnalog WatchesDigital WatchesSport WatchesCouple WatchBands & BoxesView AllView AllSweat BeltsExercise BandsTummy TrimmersSkipping RopesHand Grip StrengthenerYogaFitness AccessoriesFitness GearsCricketCycles & AccessoriesSkatingFootballBadmintonVolleyballFishingSwimmingView AllBike LED LightsBike CoversBike AccessoriesSafety Gear & ClothingHelmetsScooty & Activa AccessoriesInterior AccessoriesCar Care & CleaningCar Repair AssistanceCar Mobile & HoldersCar CoversCar Exterior AccessoriesView AllPens & PencilsDiaries & NotebooksArt & Craft SuppliesFiles & Desks OrganizersAdhesives & TapesDry FruitsMasala and spicesSnacks and NamkeensPicklesChocolates & CandiesBiscuit and cookiesCoffeeTeaView AllChildren's BooksMotivational BooksNovelsReligious BooksEconomics & CommerceView All BooksUPSC & Central Exam PreparationCompetitive Exams PreparationReference BooksSchool Textbooks & GuidesUniversity Books & GuidesAll Academic BooksCollars & LeashesClothes & GroomingFood & TreatsAquarium AccessoriesPet ToysPet BowlsDholaks & Drum setsPiano & KeyboardString InstrumentsWind InstrumentsMusical AccessoriesAll Musical InstrumentsPopularKurti, Saree & LehengaWomen WesternLingerieMenKids & ToysHome & KitchenBeauty & HealthJewellery & AccessoriesBags & FootwearElectronicsWatchesSports & FitnessCar & MotorbikeOffice Supplies & StationeryGroceryBooksPet SuppliesMusical InstrumentsFeatured On MeeshoTop BrandsShimla ApplesAll PopularJewelleryMen FashionKidsFootwearBeauty & Personal CareGroceryElectronicsInnerwear & NightwearKitchen & AppliancesBags & LuggageHealthcareStationery & Office SuppliesBike & CarFurnitureSareesAll SareesGeorgette SareesChiffon SareesCotton SareesNet SareesSilk SareesNew CollectionBridal SareesKurtisAll KurtisAnarkali KurtisRayon KurtisCotton KurtisStraight KurtisLong KurtisKurta SetsAll Kurta SetsKurta Palazzo SetsKurta Pant SetsSharara SetsAnarkali Kurta SetsCotton Kurta SetsDupatta SetsAll Dupatta SetsCotton SetsRayon SetsSuits & Dress MaterialAll Dress MaterialsPakistani Dress MaterialsCotton Dress MaterialsPatiala Dress MaterialsBanarasi Dress MaterialsParty Wear Dress MaterialsLehengasAll LehengasShoppers FavouriteTrending LehengasBlousesAll BlousesShoppers FavouriteTrending BlousesGownsAll GownsShoppers FavouriteTrending GownsOther Ethnic WearEthnic Skirts & BottomwearEthnic Jackets & ShrugsIslamic FashionPetticoatsBlouse PiecesDupattasTopwearAll TopwearTops & TunicsDressesT-shirtsGownsTops & Bottom SetsShirtsJumpsuitsNew TrendsBottom WearAll BottomwearJeans & JeggingsPalazzosTrousers & PantsLeggingsShorts & SkirtsWinterwearJacketsSweatshirtsSweatersCapes, Shrug & PonchosCoatsBlazers & WaistcoatsPlus SizePlus Size - Dresses & GownsPlus Size - Tops & TeesPlus size - BottomwearInnerwearWomen BraWomen PantiesOther InnerwearSleepwearWomen NightsuitsWomen NightdressOther SleepwearSports WearSports BottomwearSports BraTop & Bottom SetsMaternity WearKurti & TopwearFeeding BrasBriefs & BottomwearTop WearSummer T-ShirtsShirtsT-Shirts CombosBottom WearJeansCargos/TrousersDhotis/LungisEthnic WearKurtasKurta SetsNehru JacketInnerwearVestsBriefsBoxersSports WearTrackpantsTracksuitsGym TshirtsNight WearPyjamasNight ShortsNightsuitsWinter WearShrugsJacketsSweatshirtsCombo StoreRakhi SpecialsShirts ComboInnerwear ComboAccessoriesAll AccessoriesWatchesWalletsJewellerySunglasses & Spectacle FramesBeltsFootwearMen FootwearMen Casual ShoesMen Sports ShoesMen Flip Flops and SandalsMen Formal ShoesLoafersKids ClothingGirlsBoysBabiesClothing SetsFrocks & DressesT-Shirt & PolosKids ToysToys & GamesSummer PicksBest SellersBaby GearsKids AccessoriesBags & BackpacksKids AccessoriesParty ItemsBaby CareView AllBaby Bedding & AccessoriesNewborn CareDiapersBaby Mosquito netsBaby Dry SheetsHome DecorView AllCoversKey HoldersArtificial PlantsPooja NeedsParty SuppliesWallpapers & StickersShowpieces & IdolsClocks & Wall DecorKitchen & AppliancesView AllStorage & OrganizersCookwareKitchen ToolsKitchen AppliancesDinnerwareGlasses & BarwareKitchen LinenHome AppliancesHome TextilesView AllBedsheetsCurtains & AccessoriesDoormats & CarpetsPillow, Cushion & CoversBlankets & ComfortersHome ImprovementAll Home EssentialsBathroom AccessoriesCleaning SuppliesGardeningHome ToolsInsect ProtectionFurnitureShoe RacksStudy TablesCollapsible WardrobesWall ShelvesHome TempleHammock SwingMakeupLipstickEye Shadow and LinerFace MakeupMakeup Kits & CombosHair CurlersNail MakeupBrushes & AccessoriesHair RemovalPerfumes & MorePersonal CareView AllBody LotionHair Oil & ShampooWhitening CreamsStraighteners & DryersFace Oil & SerumFace WashFace Masks & PeelsSoaps & ScrubsHealthcareView AllOral CareWinter HealthcareEar CleanerHealth Monitor & MassagersFoot careSexual WellnessAyurveda & NutritionSanitary Pads & MoreBaby & MomView AllBaby Care EssentialsMom CareMens CareTrimmersBeard OilMen Perfumes & DeodorantHair Gels, Wax & SprayMen's Face & Body CareBudget Grooming KitsJewelleryAll JewelleryJewellery SetsEarringsMangalsutrasNecklaces & ChainsBangles & BraceletsAnklets & NosepinsKamarbandh & MaangtikaMen AccessoriesAll AccessoriesMen WatchesWalletsMen JewellerySunglasses & Spectacle FramesBeltsWomen AccessoriesAll AccessoriesWomen WatchesHair AccessoriesWomen BeltsSunglasses & Spectacle FramesScarves, Stoles & GlovesWomen FootwearView AllHeels and SandalsFlatsBootsFlipflops & SlippersBellies and BallerinasMen FootwearView AllMen Casual ShoesMen Sports ShoesMen Flip Flops and SandalsMen Formal ShoesLoafersKids FootwearView AllBoys ShoesGirls ShoesCasual ShoesFlipflops & SlippersSandalsWomen BagsView AllBackpacksHandbagsSlingbagsWalletsClutchesMen BagsBackpacksWaist BagsCrossbody Bags & Sling BagsTravel Bags, Luggage and AccessoriesView AllDuffel & Trolley BagsLaptop & Messenger BagsAudio & MobilesNeckbandSpeakersCases & CoversBluetooth EarbudsWired EarphoneAccessoriesMobile HoldersMobile Chargers & CablesPower BanksMicrophoneSelfie Stick & RinglightTripod & MonopodExtension CordScreen Expanders & MagnifiersView AllwatchesAnalog WatchesDigital WatchesSport WatchesCouple WatchBands & BoxesView AllFitnessView AllSweat BeltsExercise BandsTummy TrimmersSkipping RopesHand Grip StrengthenerYogaFitness AccessoriesFitness GearsSportsCricketCycles & AccessoriesSkatingFootballBadmintonVolleyballFishingSwimmingView AllBike & Scooty AccessoriesBike LED LightsBike CoversBike AccessoriesSafety Gear & ClothingHelmetsScooty & Activa AccessoriesCar AccessoriesInterior AccessoriesCar Care & CleaningCar Repair AssistanceCar Mobile & HoldersCar CoversCar Exterior AccessoriesOffice Supplies & StationeryView AllPens & PencilsDiaries & NotebooksArt & Craft SuppliesFiles & Desks OrganizersAdhesives & TapesFood & DrinksDry FruitsMasala and spicesSnacks and NamkeensPicklesChocolates & CandiesBiscuit and cookiesCoffeeTeaView AllFiction & Non FictionChildren's BooksMotivational BooksNovelsReligious BooksEconomics & CommerceView All BooksAcademic BooksUPSC & Central Exam PreparationCompetitive Exams PreparationReference BooksSchool Textbooks & GuidesUniversity Books & GuidesAll Academic BooksPet SuppliesCollars & LeashesClothes & GroomingFood & TreatsAquarium AccessoriesPet ToysPet BowlsMusical InstrumentsDholaks & Drum setsPiano & KeyboardString InstrumentsWind InstrumentsMusical AccessoriesAll Musical InstrumentsHomeWomenWomen Western WearWomen DressesElegant Women Pink Marble Print Sleeveless Maxi Gown Stylish Slim Fit Bodycon Party Wear Western Long Dress for Cocktail, Birthday & Evening OccasionsAdd to CartBuy Now1 Similar ProductsElegant Women Pink Marble Print Sleeveless Maxi Gown Stylish Slim Fit Bodycon Party Wear Western Long Dress for Cocktail, Birthday & Evening Occasions₹3423.8136 Ratings, 59 ReviewsSelect SizeXSSMLXLXXLProduct HighlightsCOPYColorPinkFabricLycraFit/ ShapeFit and FlareLengthMaxiAdditional DetailsNeckShoulder StrapsPrint or Pattern TypeFloralSurface StylingPleated or GatheredOcassionPartySleeve LengthSleevelessSleeve StylingSleevelessPatternPrintedNet Quantity (N)1Add OnNo Add onTYPEOne PieceGeneric NameDressesCountry of OriginIndiaMore InformationProduct DetailsName : Elegant Women Pink Marble Print Sleeveless Maxi Gown Stylish Slim Fit Bodycon Party Wear Western Long Dress for Cocktail, Birthday & Evening OccasionsFabric : LycraSleeve Length : SleevelessPattern : PrintedNet Quantity (N) : 1Sizes :  XS (Bust Size : 34 in, Length Size: 50 in)S (Bust Size : 36 in, Length Size: 50 in)M (Bust Size : 38 in, Length Size: 50 in)L (Bust Size : 40 in, Length Size: 50 in)XL (Bust Size : 42 in, Length Size: 50 in)XXL (Bust Size : 44 in, Length Size: 50 in) Upgrade your western wardrobe with this stunning women pink marble print maxi gown, the ultimate party wear western dress designed to turn heads. Featuring a modern abstract pink and gold marble ink print, this sleeveless bodycon evening gown effortlessly hugs your silhouette to deliver a sleek, figure-flattering fit. Whether searching for an elegant cocktail party dress for women, a chic birthday party dress, or a glamorous prom and farewell gown, this designer western one-piece long dress delivers effortless luxury and style.Pair this stylish pink marble maxi dress with open-toe strappy heels, a metallic gold or white sling clutch, and minimalist hoop earrings for a complete celebrity-inspired look.Country of Origin : IndiaMore InformationSold ByINSA FASHIONView Shop3.990,964 Ratings37ProductsCheck Delivery Date  Enter Delivery PincodeCHECK Enter Pincode for Estimated Delivery DateDispatch in 0 dayProduct Ratings & Reviews3.8136  Ratings,59  ReviewsPoor19Average8Good18Very Good29Excellent62koyel hati4.0Posted on 25 Sep 2026it's too good....I fell in love with this dress....must buy....😭💗✨Helpful (2)Jaya Sarkar5.0Posted on 29 Sep 2026Badiya hai jaisa socha tha bilkul vaisa aya hai aap log v le sakte hai 👍👌Helpful (0)View all reviews  Lowest PriceCash on DeliveryCreator-Exclusive
  14 Days ReturnsBest quality products from trusted suppliersPeople also viewedEdible Oils & Ghee Combo₹327₹3455% off3.04 ReviewsPretty Partywear Women Dresses₹342 4.0176 ReviewsClassy Ravishing Women Dresses₹342 3.612 ReviewsComfy Modern Women Dresses₹342 4.418 ReviewsClassic Latest Women Dresses₹342 3.8120 Reviews+2 MoreClassic Elegant Women Dresses₹537 4.31341 ReviewsTrendy Sensational Women Dresses₹464 3.9Supplier+5 MoreComfy Sensational Women Dresses₹393 4.1180 ReviewsUrbane Feminine Women Dresses₹342 4.216 ReviewsStylish Modern Women Dresses₹342 4.213 ReviewsTrendy Elegant Women Dresses₹464 4.1SupplierStylish Graceful Women Dresses₹342 2.84 Reviews+3 MoreClassic Designer Women Dresses₹464 4.47043 ReviewsComfy Designer Women Dresses₹342 4.311 ReviewsComfy Sensational Women Dresses₹375₹3822% offPretty Fashionista Women Dresses₹426₹4291% off4.25851 ReviewsPretty Fashionista Women Dresses₹327₹3291% off4.23816 ReviewsFancy Elegant Women Dresses₹425₹4281% off4.211541 ReviewsClassy Sensational Women Dresses₹344 4.21809 ReviewsClassic Sensational Women Dresses₹369₹3762% off4.15395 Reviews","XXL (Bust Size : 44 in, Length Size: 50 in)","Fabric : Lycra","Sleeve Length : Sleeveless","Pattern : Printed","","Elegant Women Pink Marble Print Sleeveless Maxi Gown Stylish Slim Fit Bodycon Party Wear Western Long Dress for Cocktail, Birthday & Evening Occasions","Home

Women

Women Western Wear

Women Dresses","Elegant Women Pink Marble Print Sleeveless Maxi Gown Stylish Slim Fit Bodycon Party Wear Western Long Dress for Cocktail, Birthday & Evening Occasions","₹342","₹342","XS

S

M

L

XL

XXL","View Shop","INSA FASHION","3.9","37","37Products","90,964 Ratings","CHECK","Dispatch in 0 day","Product Ratings & Reviews3.8136  Ratings,59  ReviewsPoor19Average8Good18Very Good29Excellent62koyel hati4.0Posted on 25 Sep 2026it's too good....I fell in love with this dress....must buy....😭💗✨Helpful (2)Jaya Sarkar5.0Posted on 29 Sep 2026Badiya hai jaisa socha tha bilkul vaisa aya hai aap log v le sakte hai 👍👌Helpful (0)View all reviews  Lowest PriceCash on DeliveryCreator-Exclusive
  14 Days ReturnsBest quality products from trusted suppliers","Lowest Price

Cash on Delivery

Creator-Exclusive
  14 Days Returns","People also viewed","","","","","136 Ratings, 59 Reviews","","","","","https://www.meesho.com/assets/svgicons/meeshoLogo.svg","https://images.meesho.com/images/products/1068981548/uw1ou_512.webp?width=64
https://images.meesho.com/images/products/1068981548/0cver_512.webp?width=64
https://images.meesho.com/images/products/1068981548/8nir4_512.webp?width=64
https://images.meesho.com/images/products/1068981548/p9w2c_512.webp?width=64","https://images.meesho.com/images/products/1068981548/uw1ou_512.webp?width=64","https://images.meesho.com/images/products/1068981548/uw1ou_128.webp?width=128","https://images.meesho.com/images/products/1075638417/poeh2_512.webp?width=360
https://images.meesho.com/images/products/1070473312/f8iv0_512.webp?width=360
https://images.meesho.com/images/products/1082806150/xf6aw_512.webp?width=360
https://images.meesho.com/images/products/1082818632/hd66e_512.webp?width=360
https://images.meesho.com/images/products/1070298255/f7fsa_512.webp?width=360","https://images.meesho.com/images/products/1111166570/0qdj2_512.webp?width=360
https://images.meesho.com/images/products/1090292536/fnf5d_512.webp?width=360
https://images.meesho.com/images/products/933210159/k5ovc_512.webp?width=360
https://images.meesho.com/images/products/1077406950/v50zc_512.webp?width=360
https://images.meesho.com/images/products/1110839238/xs8ws_512.webp?width=360","https://images.meesho.com/images/products/795773611/hphf8_512.webp?width=360
https://images.meesho.com/images/products/525591028/bgg5a_512.webp?width=360
https://images.meesho.com/images/products/723275843/roanu_512.webp?width=360
https://images.meesho.com/images/products/643406991/70l5a_512.webp?width=360
https://images.meesho.com/images/products/715755717/gu8wp_512.webp?width=360"
"1791001547-10","https://www.meesho.com/elegant-printed-square-neck-bodycon-dress-with-wide-straps-and-frill-details-perfect-for-springsummerfall-ideal-for-dates-parties-beach-vacations/p/cfo4zp","₹426","₹422","₹597","Comfy Designer Women Dresses","Fancy Fabulous Women Dresses","4.2","Pretty Retro Women Dresses","Supplier","1465 Reviews","","Supplier","₹425","","","1% off","4.3","","","https://images.meesho.com/images/products/1098906935/c540k_512.webp?width=360","https://images.meesho.com/images/products/845439169/upnlt_512.webp?width=360","https://images.meesho.com/images/products/1095758862/etqo6_512.webp?width=360","","","","","https://www.meesho.com/assets/svgicons/star.svg","","https://www.meesho.com/assets/svgicons/star.svg","Comfy Designer Women Dresses₹426 4.1Supplier","https://www.meesho.com/women-maroon-bodycon-maxi-dress-with-peplum-waist-sleeveless-party-wear-western-dress-women-maroon-textured-bodycon-maxi-dress-sleeveless-mermaid-party-wear-dress/p/i69e0n","Become a Supplier","Become a SupplierInvestor RelationsProfileCart2Top BrandsShimla ApplesJewelleryMen FashionKidsFootwearBeauty & Personal CareGroceryElectronicsInnerwear & NightwearKitchen & AppliancesBags & LuggageHealthcareStationery & Office SuppliesBike & CarFurnitureAll SareesGeorgette SareesChiffon SareesCotton SareesNet SareesSilk SareesNew CollectionBridal SareesAll KurtisAnarkali KurtisRayon KurtisCotton KurtisStraight KurtisLong KurtisAll Kurta SetsKurta Palazzo SetsKurta Pant SetsSharara SetsAnarkali Kurta SetsCotton Kurta SetsAll Dupatta SetsCotton SetsRayon SetsAll Dress MaterialsPakistani Dress MaterialsCotton Dress MaterialsPatiala Dress MaterialsBanarasi Dress MaterialsParty Wear Dress MaterialsAll LehengasShoppers FavouriteTrending LehengasAll BlousesShoppers FavouriteTrending BlousesAll GownsShoppers FavouriteTrending GownsEthnic Skirts & BottomwearEthnic Jackets & ShrugsIslamic FashionPetticoatsBlouse PiecesDupattasAll TopwearTops & TunicsDressesT-shirtsGownsTops & Bottom SetsShirtsJumpsuitsNew TrendsAll BottomwearJeans & JeggingsPalazzosTrousers & PantsLeggingsShorts & SkirtsJacketsSweatshirtsSweatersCapes, Shrug & PonchosCoatsBlazers & WaistcoatsPlus Size - Dresses & GownsPlus Size - Tops & TeesPlus size - BottomwearWomen BraWomen PantiesOther InnerwearWomen NightsuitsWomen NightdressOther SleepwearSports BottomwearSports BraTop & Bottom SetsKurti & TopwearFeeding BrasBriefs & BottomwearSummer T-ShirtsShirtsT-Shirts CombosJeansCargos/TrousersDhotis/LungisKurtasKurta SetsNehru JacketVestsBriefsBoxersTrackpantsTracksuitsGym TshirtsPyjamasNight ShortsNightsuitsShrugsJacketsSweatshirtsRakhi SpecialsShirts ComboInnerwear ComboAll AccessoriesWatchesWalletsJewellerySunglasses & Spectacle FramesBeltsMen FootwearMen Casual ShoesMen Sports ShoesMen Flip Flops and SandalsMen Formal ShoesLoafersGirlsBoysBabiesClothing SetsFrocks & DressesT-Shirt & PolosToys & GamesSummer PicksBest SellersBaby GearsBags & BackpacksKids AccessoriesParty ItemsView AllBaby Bedding & AccessoriesNewborn CareDiapersBaby Mosquito netsBaby Dry SheetsView AllCoversKey HoldersArtificial PlantsPooja NeedsParty SuppliesWallpapers & StickersShowpieces & IdolsClocks & Wall DecorView AllStorage & OrganizersCookwareKitchen ToolsKitchen AppliancesDinnerwareGlasses & BarwareKitchen LinenHome AppliancesView AllBedsheetsCurtains & AccessoriesDoormats & CarpetsPillow, Cushion & CoversBlankets & ComfortersAll Home EssentialsBathroom AccessoriesCleaning SuppliesGardeningHome ToolsInsect ProtectionShoe RacksStudy TablesCollapsible WardrobesWall ShelvesHome TempleHammock SwingLipstickEye Shadow and LinerFace MakeupMakeup Kits & CombosHair CurlersNail MakeupBrushes & AccessoriesHair RemovalPerfumes & MoreView AllBody LotionHair Oil & ShampooWhitening CreamsStraighteners & DryersFace Oil & SerumFace WashFace Masks & PeelsSoaps & ScrubsView AllOral CareWinter HealthcareEar CleanerHealth Monitor & MassagersFoot careSexual WellnessAyurveda & NutritionSanitary Pads & MoreView AllBaby Care EssentialsMom CareTrimmersBeard OilMen Perfumes & DeodorantHair Gels, Wax & SprayMen's Face & Body CareBudget Grooming KitsAll JewelleryJewellery SetsEarringsMangalsutrasNecklaces & ChainsBangles & BraceletsAnklets & NosepinsKamarbandh & MaangtikaAll AccessoriesMen WatchesWalletsMen JewellerySunglasses & Spectacle FramesBeltsAll AccessoriesWomen WatchesHair AccessoriesWomen BeltsSunglasses & Spectacle FramesScarves, Stoles & GlovesView AllHeels and SandalsFlatsBootsFlipflops & SlippersBellies and BallerinasView AllMen Casual ShoesMen Sports ShoesMen Flip Flops and SandalsMen Formal ShoesLoafersView AllBoys ShoesGirls ShoesCasual ShoesFlipflops & SlippersSandalsView AllBackpacksHandbagsSlingbagsWalletsClutchesBackpacksWaist BagsCrossbody Bags & Sling BagsView AllDuffel & Trolley BagsLaptop & Messenger BagsNeckbandSpeakersCases & CoversBluetooth EarbudsWired EarphoneMobile HoldersMobile Chargers & CablesPower BanksMicrophoneSelfie Stick & RinglightTripod & MonopodExtension CordScreen Expanders & MagnifiersView AllAnalog WatchesDigital WatchesSport WatchesCouple WatchBands & BoxesView AllView AllSweat BeltsExercise BandsTummy TrimmersSkipping RopesHand Grip StrengthenerYogaFitness AccessoriesFitness GearsCricketCycles & AccessoriesSkatingFootballBadmintonVolleyballFishingSwimmingView AllBike LED LightsBike CoversBike AccessoriesSafety Gear & ClothingHelmetsScooty & Activa AccessoriesInterior AccessoriesCar Care & CleaningCar Repair AssistanceCar Mobile & HoldersCar CoversCar Exterior AccessoriesView AllPens & PencilsDiaries & NotebooksArt & Craft SuppliesFiles & Desks OrganizersAdhesives & TapesDry FruitsMasala and spicesSnacks and NamkeensPicklesChocolates & CandiesBiscuit and cookiesCoffeeTeaView AllChildren's BooksMotivational BooksNovelsReligious BooksEconomics & CommerceView All BooksUPSC & Central Exam PreparationCompetitive Exams PreparationReference BooksSchool Textbooks & GuidesUniversity Books & GuidesAll Academic BooksCollars & LeashesClothes & GroomingFood & TreatsAquarium AccessoriesPet ToysPet BowlsDholaks & Drum setsPiano & KeyboardString InstrumentsWind InstrumentsMusical AccessoriesAll Musical InstrumentsPopularKurti, Saree & LehengaWomen WesternLingerieMenKids & ToysHome & KitchenBeauty & HealthJewellery & AccessoriesBags & FootwearElectronicsWatchesSports & FitnessCar & MotorbikeOffice Supplies & StationeryGroceryBooksPet SuppliesMusical InstrumentsFeatured On MeeshoTop BrandsShimla ApplesAll PopularJewelleryMen FashionKidsFootwearBeauty & Personal CareGroceryElectronicsInnerwear & NightwearKitchen & AppliancesBags & LuggageHealthcareStationery & Office SuppliesBike & CarFurnitureSareesAll SareesGeorgette SareesChiffon SareesCotton SareesNet SareesSilk SareesNew CollectionBridal SareesKurtisAll KurtisAnarkali KurtisRayon KurtisCotton KurtisStraight KurtisLong KurtisKurta SetsAll Kurta SetsKurta Palazzo SetsKurta Pant SetsSharara SetsAnarkali Kurta SetsCotton Kurta SetsDupatta SetsAll Dupatta SetsCotton SetsRayon SetsSuits & Dress MaterialAll Dress MaterialsPakistani Dress MaterialsCotton Dress MaterialsPatiala Dress MaterialsBanarasi Dress MaterialsParty Wear Dress MaterialsLehengasAll LehengasShoppers FavouriteTrending LehengasBlousesAll BlousesShoppers FavouriteTrending BlousesGownsAll GownsShoppers FavouriteTrending GownsOther Ethnic WearEthnic Skirts & BottomwearEthnic Jackets & ShrugsIslamic FashionPetticoatsBlouse PiecesDupattasTopwearAll TopwearTops & TunicsDressesT-shirtsGownsTops & Bottom SetsShirtsJumpsuitsNew TrendsBottom WearAll BottomwearJeans & JeggingsPalazzosTrousers & PantsLeggingsShorts & SkirtsWinterwearJacketsSweatshirtsSweatersCapes, Shrug & PonchosCoatsBlazers & WaistcoatsPlus SizePlus Size - Dresses & GownsPlus Size - Tops & TeesPlus size - BottomwearInnerwearWomen BraWomen PantiesOther InnerwearSleepwearWomen NightsuitsWomen NightdressOther SleepwearSports WearSports BottomwearSports BraTop & Bottom SetsMaternity WearKurti & TopwearFeeding BrasBriefs & BottomwearTop WearSummer T-ShirtsShirtsT-Shirts CombosBottom WearJeansCargos/TrousersDhotis/LungisEthnic WearKurtasKurta SetsNehru JacketInnerwearVestsBriefsBoxersSports WearTrackpantsTracksuitsGym TshirtsNight WearPyjamasNight ShortsNightsuitsWinter WearShrugsJacketsSweatshirtsCombo StoreRakhi SpecialsShirts ComboInnerwear ComboAccessoriesAll AccessoriesWatchesWalletsJewellerySunglasses & Spectacle FramesBeltsFootwearMen FootwearMen Casual ShoesMen Sports ShoesMen Flip Flops and SandalsMen Formal ShoesLoafersKids ClothingGirlsBoysBabiesClothing SetsFrocks & DressesT-Shirt & PolosKids ToysToys & GamesSummer PicksBest SellersBaby GearsKids AccessoriesBags & BackpacksKids AccessoriesParty ItemsBaby CareView AllBaby Bedding & AccessoriesNewborn CareDiapersBaby Mosquito netsBaby Dry SheetsHome DecorView AllCoversKey HoldersArtificial PlantsPooja NeedsParty SuppliesWallpapers & StickersShowpieces & IdolsClocks & Wall DecorKitchen & AppliancesView AllStorage & OrganizersCookwareKitchen ToolsKitchen AppliancesDinnerwareGlasses & BarwareKitchen LinenHome AppliancesHome TextilesView AllBedsheetsCurtains & AccessoriesDoormats & CarpetsPillow, Cushion & CoversBlankets & ComfortersHome ImprovementAll Home EssentialsBathroom AccessoriesCleaning SuppliesGardeningHome ToolsInsect ProtectionFurnitureShoe RacksStudy TablesCollapsible WardrobesWall ShelvesHome TempleHammock SwingMakeupLipstickEye Shadow and LinerFace MakeupMakeup Kits & CombosHair CurlersNail MakeupBrushes & AccessoriesHair RemovalPerfumes & MorePersonal CareView AllBody LotionHair Oil & ShampooWhitening CreamsStraighteners & DryersFace Oil & SerumFace WashFace Masks & PeelsSoaps & ScrubsHealthcareView AllOral CareWinter HealthcareEar CleanerHealth Monitor & MassagersFoot careSexual WellnessAyurveda & NutritionSanitary Pads & MoreBaby & MomView AllBaby Care EssentialsMom CareMens CareTrimmersBeard OilMen Perfumes & DeodorantHair Gels, Wax & SprayMen's Face & Body CareBudget Grooming KitsJewelleryAll JewelleryJewellery SetsEarringsMangalsutrasNecklaces & ChainsBangles & BraceletsAnklets & NosepinsKamarbandh & MaangtikaMen AccessoriesAll AccessoriesMen WatchesWalletsMen JewellerySunglasses & Spectacle FramesBeltsWomen AccessoriesAll AccessoriesWomen WatchesHair AccessoriesWomen BeltsSunglasses & Spectacle FramesScarves, Stoles & GlovesWomen FootwearView AllHeels and SandalsFlatsBootsFlipflops & SlippersBellies and BallerinasMen FootwearView AllMen Casual ShoesMen Sports ShoesMen Flip Flops and SandalsMen Formal ShoesLoafersKids FootwearView AllBoys ShoesGirls ShoesCasual ShoesFlipflops & SlippersSandalsWomen BagsView AllBackpacksHandbagsSlingbagsWalletsClutchesMen BagsBackpacksWaist BagsCrossbody Bags & Sling BagsTravel Bags, Luggage and AccessoriesView AllDuffel & Trolley BagsLaptop & Messenger BagsAudio & MobilesNeckbandSpeakersCases & CoversBluetooth EarbudsWired EarphoneAccessoriesMobile HoldersMobile Chargers & CablesPower BanksMicrophoneSelfie Stick & RinglightTripod & MonopodExtension CordScreen Expanders & MagnifiersView AllwatchesAnalog WatchesDigital WatchesSport WatchesCouple WatchBands & BoxesView AllFitnessView AllSweat BeltsExercise BandsTummy TrimmersSkipping RopesHand Grip StrengthenerYogaFitness AccessoriesFitness GearsSportsCricketCycles & AccessoriesSkatingFootballBadmintonVolleyballFishingSwimmingView AllBike & Scooty AccessoriesBike LED LightsBike CoversBike AccessoriesSafety Gear & ClothingHelmetsScooty & Activa AccessoriesCar AccessoriesInterior AccessoriesCar Care & CleaningCar Repair AssistanceCar Mobile & HoldersCar CoversCar Exterior AccessoriesOffice Supplies & StationeryView AllPens & PencilsDiaries & NotebooksArt & Craft SuppliesFiles & Desks OrganizersAdhesives & TapesFood & DrinksDry FruitsMasala and spicesSnacks and NamkeensPicklesChocolates & CandiesBiscuit and cookiesCoffeeTeaView AllFiction & Non FictionChildren's BooksMotivational BooksNovelsReligious BooksEconomics & CommerceView All BooksAcademic BooksUPSC & Central Exam PreparationCompetitive Exams PreparationReference BooksSchool Textbooks & GuidesUniversity Books & GuidesAll Academic BooksPet SuppliesCollars & LeashesClothes & GroomingFood & TreatsAquarium AccessoriesPet ToysPet BowlsMusical InstrumentsDholaks & Drum setsPiano & KeyboardString InstrumentsWind InstrumentsMusical AccessoriesAll Musical InstrumentsHomeWomenWomen Western WearWomen DressesWomen Maroon Bodycon Maxi Dress with Peplum Waist, Sleeveless Party Wear Western Dress | Women Maroon Textured Bodycon Maxi Dress, Sleeveless Mermaid Party Wear DressAdd to CartBuy Now1 Similar ProductsWomen Maroon Bodycon Maxi Dress with Peplum Waist, Sleeveless Party Wear Western Dress | Women Maroon Textured Bodycon Maxi Dress, Sleeveless Mermaid Party Wear Dress₹426Select SizeXSSMLXLProduct HighlightsCOPYColorMaroonFabricLycraFit/ ShapePeplumLengthMaxiAdditional DetailsNeckShoulder StrapsPrint or Pattern TypeSolidSurface StylingNot ApplicableOcassionPartySleeve LengthSleevelessSleeve StylingShoulder StrapPatternSolidNet Quantity (N)1CharacterNot ApplicableTYPEOne PieceGeneric NameDressesCountry of OriginIndiaMore InformationProduct DetailsName : Women Maroon Bodycon Maxi Dress with Peplum Waist, Sleeveless Party Wear Western Dress | Women Maroon Textured Bodycon Maxi Dress, Sleeveless Mermaid Party Wear DressFabric : LycraSleeve Length : SleevelessPattern : SolidNet Quantity (N) : 1Sizes :  XS (Bust Size : 30 in, Length Size: 51 in)S (Bust Size : 32 in, Length Size: 51 in)M (Bust Size : 34 in, Length Size: 51 in)L (Bust Size : 36 in, Length Size: 51 in)XL (Bust Size : 38 in, Length Size: 51 in) maroon maxi dress for women, maroon bodycon dress, maroon party wear dress, bodycon maxi dress, women maxi dress, mermaid maxi dress, textured maxi dress, sleeveless maxi dress, western dress for women, party wear dress, peplum maxi dress, burgundy dress for women, wine color dress, fitted maxi dress, evening dress for women, date night dress, dinner party dress, trendy women dress, stylish western wear, fancy dress for women, elegant party dress, long dress for women, body hugging dress, women's western wearCountry of Origin : IndiaMore InformationSold ByRISHIV_XView Shop4.146,891 Ratings18ProductsCheck Delivery Date  Enter Delivery PincodeCHECK Enter Pincode for Estimated Delivery DateDispatch in 2 dayLowest PriceCash on DeliveryCreator-Exclusive
  14 Days ReturnsPeople also viewed+3 MoreClassic Designer Women Dresses₹464 4.47043 Reviews+1 MoreTrendy Glamorous Women Dresses₹343 4.0291 ReviewsPretty Fashionista Women Dresses₹426₹4291% off4.25851 Reviews+1 MoreUrbane Feminine Women Dresses₹383 4.1663 ReviewsComfy Partywear Women Dresses₹342 4.175 ReviewsFancy Elegant Women Dresses₹425₹4281% off4.211541 ReviewsComfy Sensational Women Dresses₹375₹3822% off+4 MoreTrendy Modern Women Dresses₹361 4.42241 Reviews+2 MoreFancy Sensational Women Dresses₹357 4.0354 ReviewsFancy Glamorous Women Dresses₹591 4.4896 ReviewsTrendy Glamorous Women Dresses₹850 4.4SupplierPretty Elegant Women Dresses₹291 4.310080 Reviews+2 MoreClassic Elegant Women Dresses₹537 4.31341 Reviews+1 MoreClassic Modern Women Dresses₹347 4.1308 ReviewsStylish Latest Women Dresses₹341 4.2SupplierPretty Ravishing Women Dresses₹422₹4251% off3.8242 ReviewsClassy Ravishing Women Dresses₹316₹3181% off4.31548 Reviews+9 MoreFancy Partywear Women Dresses₹570 3.9Supplier+2 MorePretty Modern Women Dresses₹389 4.121236 ReviewsClassy Ravishing Women Dresses₹342 3.612 Reviews","","Fabric : Lycra","Sleeve Length : Sleeveless","Pattern : Solid","maroon maxi dress for women, maroon bodycon dress, maroon party wear dress, bodycon maxi dress, women maxi dress, mermaid maxi dress, textured maxi dress, sleeveless maxi dress, western dress for women, party wear dress, peplum maxi dress, burgundy dress for women, wine color dress, fitted maxi dress, evening dress for women, date night dress, dinner party dress, trendy women dress, stylish western wear, fancy dress for women, elegant party dress, long dress for women, body hugging dress, women's western wear","Women Maroon Bodycon Maxi Dress with Peplum Waist, Sleeveless Party Wear Western Dress | Women Maroon Textured Bodycon Maxi Dress, Sleeveless Mermaid Party Wear Dress","Home

Women

Women Western Wear

Women Dresses","Women Maroon Bodycon Maxi Dress with Peplum Waist, Sleeveless Party Wear Western Dress | Women Maroon Textured Bodycon Maxi Dress, Sleeveless Mermaid Party Wear Dress","₹426","₹426","XS

S

M

L

XL","View Shop","RISHIV_X","4.1","18","18Products","46,891 Ratings","CHECK","Dispatch in 2 day","Lowest PriceCash on DeliveryCreator-Exclusive
  14 Days Returns","Lowest Price

Cash on Delivery

Creator-Exclusive
  14 Days Returns","People also viewed","","","","","","","","","","https://www.meesho.com/assets/svgicons/meeshoLogo.svg","https://images.meesho.com/images/products/1098906935/c540k_512.webp?width=64
https://images.meesho.com/images/products/1098906935/axzza_512.webp?width=64
https://images.meesho.com/images/products/1098906935/r51yu_512.webp?width=64
https://images.meesho.com/images/products/1098906935/anzvo_512.webp?width=64","https://images.meesho.com/images/products/1098906935/c540k_512.webp?width=64","https://images.meesho.com/images/products/1098906935/c540k_128.webp?width=128","https://images.meesho.com/images/products/933210159/k5ovc_512.webp?width=360
https://images.meesho.com/images/products/911400107/zoirc_512.webp?width=360
https://images.meesho.com/images/products/795773611/hphf8_512.webp?width=360
https://images.meesho.com/images/products/681120201/nx5fv_512.webp?width=360
https://images.meesho.com/images/products/1075358200/tbvvy_512.webp?width=360","https://images.meesho.com/images/products/1111092933/57sv4_512.webp?width=360
https://images.meesho.com/images/products/628484661/y00mx_512.webp?width=360
https://images.meesho.com/images/products/318952702/hsbpn_512.webp?width=360
https://images.meesho.com/images/products/735247578/lhjbx_512.webp?width=360
https://images.meesho.com/images/products/1110797198/upnja_512.webp?width=360","https://images.meesho.com/images/products/1071657169/hzkbi_512.webp?width=360
https://images.meesho.com/images/products/468993331/bo6lh_512.webp?width=360
https://images.meesho.com/images/products/1099321330/jbfu7_512.webp?width=360
https://images.meesho.com/images/products/396900145/reocm_512.webp?width=360
https://images.meesho.com/images/products/1082806150/xf6aw_512.webp?width=360"
"1791001550-11","https://www.meesho.com/elegant-printed-square-neck-bodycon-dress-with-wide-straps-and-frill-details-perfect-for-springsummerfall-ideal-for-dates-parties-beach-vacations/p/cfo4zp","₹464","₹380","₹342","Classic Designer Women Dresses","Trendy Partywear Women Dresses","4.2","Stylish Graceful Women Dresses","7043 Reviews","1442 Reviews","","4 Reviews","₹387","+3 More","","2% off","","","","https://images.meesho.com/images/products/933210159/k5ovc_512.webp?width=360","https://images.meesho.com/images/products/629968159/ucbeh_512.webp?width=360","https://images.meesho.com/images/products/1090292536/fnf5d_512.webp?width=360","https://www.meesho.com/assets/svgicons/mtrusted.svg","","https://www.meesho.com/assets/svgicons/mtrusted.svg","","","","https://www.meesho.com/assets/svgicons/star.svg","+3 MoreClassic Designer Women Dresses₹464 4.47043 Reviews","https://www.meesho.com/shrastha-premium-womens-220-gsm-lycra-fit-and-flare-midi-dress-heavy-stretchable-a-line-one-piece-for-women-sleeveless-professional-western-dress-for-office-party/p/fflxkf","Become a Supplier","Become a SupplierInvestor RelationsProfileCart2Top BrandsShimla ApplesJewelleryMen FashionKidsFootwearBeauty & Personal CareGroceryElectronicsInnerwear & NightwearKitchen & AppliancesBags & LuggageHealthcareStationery & Office SuppliesBike & CarFurnitureAll SareesGeorgette SareesChiffon SareesCotton SareesNet SareesSilk SareesNew CollectionBridal SareesAll KurtisAnarkali KurtisRayon KurtisCotton KurtisStraight KurtisLong KurtisAll Kurta SetsKurta Palazzo SetsKurta Pant SetsSharara SetsAnarkali Kurta SetsCotton Kurta SetsAll Dupatta SetsCotton SetsRayon SetsAll Dress MaterialsPakistani Dress MaterialsCotton Dress MaterialsPatiala Dress MaterialsBanarasi Dress MaterialsParty Wear Dress MaterialsAll LehengasShoppers FavouriteTrending LehengasAll BlousesShoppers FavouriteTrending BlousesAll GownsShoppers FavouriteTrending GownsEthnic Skirts & BottomwearEthnic Jackets & ShrugsIslamic FashionPetticoatsBlouse PiecesDupattasAll TopwearTops & TunicsDressesT-shirtsGownsTops & Bottom SetsShirtsJumpsuitsNew TrendsAll BottomwearJeans & JeggingsPalazzosTrousers & PantsLeggingsShorts & SkirtsJacketsSweatshirtsSweatersCapes, Shrug & PonchosCoatsBlazers & WaistcoatsPlus Size - Dresses & GownsPlus Size - Tops & TeesPlus size - BottomwearWomen BraWomen PantiesOther InnerwearWomen NightsuitsWomen NightdressOther SleepwearSports BottomwearSports BraTop & Bottom SetsKurti & TopwearFeeding BrasBriefs & BottomwearSummer T-ShirtsShirtsT-Shirts CombosJeansCargos/TrousersDhotis/LungisKurtasKurta SetsNehru JacketVestsBriefsBoxersTrackpantsTracksuitsGym TshirtsPyjamasNight ShortsNightsuitsShrugsJacketsSweatshirtsRakhi SpecialsShirts ComboInnerwear ComboAll AccessoriesWatchesWalletsJewellerySunglasses & Spectacle FramesBeltsMen FootwearMen Casual ShoesMen Sports ShoesMen Flip Flops and SandalsMen Formal ShoesLoafersGirlsBoysBabiesClothing SetsFrocks & DressesT-Shirt & PolosToys & GamesSummer PicksBest SellersBaby GearsBags & BackpacksKids AccessoriesParty ItemsView AllBaby Bedding & AccessoriesNewborn CareDiapersBaby Mosquito netsBaby Dry SheetsView AllCoversKey HoldersArtificial PlantsPooja NeedsParty SuppliesWallpapers & StickersShowpieces & IdolsClocks & Wall DecorView AllStorage & OrganizersCookwareKitchen ToolsKitchen AppliancesDinnerwareGlasses & BarwareKitchen LinenHome AppliancesView AllBedsheetsCurtains & AccessoriesDoormats & CarpetsPillow, Cushion & CoversBlankets & ComfortersAll Home EssentialsBathroom AccessoriesCleaning SuppliesGardeningHome ToolsInsect ProtectionShoe RacksStudy TablesCollapsible WardrobesWall ShelvesHome TempleHammock SwingLipstickEye Shadow and LinerFace MakeupMakeup Kits & CombosHair CurlersNail MakeupBrushes & AccessoriesHair RemovalPerfumes & MoreView AllBody LotionHair Oil & ShampooWhitening CreamsStraighteners & DryersFace Oil & SerumFace WashFace Masks & PeelsSoaps & ScrubsView AllOral CareWinter HealthcareEar CleanerHealth Monitor & MassagersFoot careSexual WellnessAyurveda & NutritionSanitary Pads & MoreView AllBaby Care EssentialsMom CareTrimmersBeard OilMen Perfumes & DeodorantHair Gels, Wax & SprayMen's Face & Body CareBudget Grooming KitsAll JewelleryJewellery SetsEarringsMangalsutrasNecklaces & ChainsBangles & BraceletsAnklets & NosepinsKamarbandh & MaangtikaAll AccessoriesMen WatchesWalletsMen JewellerySunglasses & Spectacle FramesBeltsAll AccessoriesWomen WatchesHair AccessoriesWomen BeltsSunglasses & Spectacle FramesScarves, Stoles & GlovesView AllHeels and SandalsFlatsBootsFlipflops & SlippersBellies and BallerinasView AllMen Casual ShoesMen Sports ShoesMen Flip Flops and SandalsMen Formal ShoesLoafersView AllBoys ShoesGirls ShoesCasual ShoesFlipflops & SlippersSandalsView AllBackpacksHandbagsSlingbagsWalletsClutchesBackpacksWaist BagsCrossbody Bags & Sling BagsView AllDuffel & Trolley BagsLaptop & Messenger BagsNeckbandSpeakersCases & CoversBluetooth EarbudsWired EarphoneMobile HoldersMobile Chargers & CablesPower BanksMicrophoneSelfie Stick & RinglightTripod & MonopodExtension CordScreen Expanders & MagnifiersView AllAnalog WatchesDigital WatchesSport WatchesCouple WatchBands & BoxesView AllView AllSweat BeltsExercise BandsTummy TrimmersSkipping RopesHand Grip StrengthenerYogaFitness AccessoriesFitness GearsCricketCycles & AccessoriesSkatingFootballBadmintonVolleyballFishingSwimmingView AllBike LED LightsBike CoversBike AccessoriesSafety Gear & ClothingHelmetsScooty & Activa AccessoriesInterior AccessoriesCar Care & CleaningCar Repair AssistanceCar Mobile & HoldersCar CoversCar Exterior AccessoriesView AllPens & PencilsDiaries & NotebooksArt & Craft SuppliesFiles & Desks OrganizersAdhesives & TapesDry FruitsMasala and spicesSnacks and NamkeensPicklesChocolates & CandiesBiscuit and cookiesCoffeeTeaView AllChildren's BooksMotivational BooksNovelsReligious BooksEconomics & CommerceView All BooksUPSC & Central Exam PreparationCompetitive Exams PreparationReference BooksSchool Textbooks & GuidesUniversity Books & GuidesAll Academic BooksCollars & LeashesClothes & GroomingFood & TreatsAquarium AccessoriesPet ToysPet BowlsDholaks & Drum setsPiano & KeyboardString InstrumentsWind InstrumentsMusical AccessoriesAll Musical InstrumentsPopularKurti, Saree & LehengaWomen WesternLingerieMenKids & ToysHome & KitchenBeauty & HealthJewellery & AccessoriesBags & FootwearElectronicsWatchesSports & FitnessCar & MotorbikeOffice Supplies & StationeryGroceryBooksPet SuppliesMusical InstrumentsFeatured On MeeshoTop BrandsShimla ApplesAll PopularJewelleryMen FashionKidsFootwearBeauty & Personal CareGroceryElectronicsInnerwear & NightwearKitchen & AppliancesBags & LuggageHealthcareStationery & Office SuppliesBike & CarFurnitureSareesAll SareesGeorgette SareesChiffon SareesCotton SareesNet SareesSilk SareesNew CollectionBridal SareesKurtisAll KurtisAnarkali KurtisRayon KurtisCotton KurtisStraight KurtisLong KurtisKurta SetsAll Kurta SetsKurta Palazzo SetsKurta Pant SetsSharara SetsAnarkali Kurta SetsCotton Kurta SetsDupatta SetsAll Dupatta SetsCotton SetsRayon SetsSuits & Dress MaterialAll Dress MaterialsPakistani Dress MaterialsCotton Dress MaterialsPatiala Dress MaterialsBanarasi Dress MaterialsParty Wear Dress MaterialsLehengasAll LehengasShoppers FavouriteTrending LehengasBlousesAll BlousesShoppers FavouriteTrending BlousesGownsAll GownsShoppers FavouriteTrending GownsOther Ethnic WearEthnic Skirts & BottomwearEthnic Jackets & ShrugsIslamic FashionPetticoatsBlouse PiecesDupattasTopwearAll TopwearTops & TunicsDressesT-shirtsGownsTops & Bottom SetsShirtsJumpsuitsNew TrendsBottom WearAll BottomwearJeans & JeggingsPalazzosTrousers & PantsLeggingsShorts & SkirtsWinterwearJacketsSweatshirtsSweatersCapes, Shrug & PonchosCoatsBlazers & WaistcoatsPlus SizePlus Size - Dresses & GownsPlus Size - Tops & TeesPlus size - BottomwearInnerwearWomen BraWomen PantiesOther InnerwearSleepwearWomen NightsuitsWomen NightdressOther SleepwearSports WearSports BottomwearSports BraTop & Bottom SetsMaternity WearKurti & TopwearFeeding BrasBriefs & BottomwearTop WearSummer T-ShirtsShirtsT-Shirts CombosBottom WearJeansCargos/TrousersDhotis/LungisEthnic WearKurtasKurta SetsNehru JacketInnerwearVestsBriefsBoxersSports WearTrackpantsTracksuitsGym TshirtsNight WearPyjamasNight ShortsNightsuitsWinter WearShrugsJacketsSweatshirtsCombo StoreRakhi SpecialsShirts ComboInnerwear ComboAccessoriesAll AccessoriesWatchesWalletsJewellerySunglasses & Spectacle FramesBeltsFootwearMen FootwearMen Casual ShoesMen Sports ShoesMen Flip Flops and SandalsMen Formal ShoesLoafersKids ClothingGirlsBoysBabiesClothing SetsFrocks & DressesT-Shirt & PolosKids ToysToys & GamesSummer PicksBest SellersBaby GearsKids AccessoriesBags & BackpacksKids AccessoriesParty ItemsBaby CareView AllBaby Bedding & AccessoriesNewborn CareDiapersBaby Mosquito netsBaby Dry SheetsHome DecorView AllCoversKey HoldersArtificial PlantsPooja NeedsParty SuppliesWallpapers & StickersShowpieces & IdolsClocks & Wall DecorKitchen & AppliancesView AllStorage & OrganizersCookwareKitchen ToolsKitchen AppliancesDinnerwareGlasses & BarwareKitchen LinenHome AppliancesHome TextilesView AllBedsheetsCurtains & AccessoriesDoormats & CarpetsPillow, Cushion & CoversBlankets & ComfortersHome ImprovementAll Home EssentialsBathroom AccessoriesCleaning SuppliesGardeningHome ToolsInsect ProtectionFurnitureShoe RacksStudy TablesCollapsible WardrobesWall ShelvesHome TempleHammock SwingMakeupLipstickEye Shadow and LinerFace MakeupMakeup Kits & CombosHair CurlersNail MakeupBrushes & AccessoriesHair RemovalPerfumes & MorePersonal CareView AllBody LotionHair Oil & ShampooWhitening CreamsStraighteners & DryersFace Oil & SerumFace WashFace Masks & PeelsSoaps & ScrubsHealthcareView AllOral CareWinter HealthcareEar CleanerHealth Monitor & MassagersFoot careSexual WellnessAyurveda & NutritionSanitary Pads & MoreBaby & MomView AllBaby Care EssentialsMom CareMens CareTrimmersBeard OilMen Perfumes & DeodorantHair Gels, Wax & SprayMen's Face & Body CareBudget Grooming KitsJewelleryAll JewelleryJewellery SetsEarringsMangalsutrasNecklaces & ChainsBangles & BraceletsAnklets & NosepinsKamarbandh & MaangtikaMen AccessoriesAll AccessoriesMen WatchesWalletsMen JewellerySunglasses & Spectacle FramesBeltsWomen AccessoriesAll AccessoriesWomen WatchesHair AccessoriesWomen BeltsSunglasses & Spectacle FramesScarves, Stoles & GlovesWomen FootwearView AllHeels and SandalsFlatsBootsFlipflops & SlippersBellies and BallerinasMen FootwearView AllMen Casual ShoesMen Sports ShoesMen Flip Flops and SandalsMen Formal ShoesLoafersKids FootwearView AllBoys ShoesGirls ShoesCasual ShoesFlipflops & SlippersSandalsWomen BagsView AllBackpacksHandbagsSlingbagsWalletsClutchesMen BagsBackpacksWaist BagsCrossbody Bags & Sling BagsTravel Bags, Luggage and AccessoriesView AllDuffel & Trolley BagsLaptop & Messenger BagsAudio & MobilesNeckbandSpeakersCases & CoversBluetooth EarbudsWired EarphoneAccessoriesMobile HoldersMobile Chargers & CablesPower BanksMicrophoneSelfie Stick & RinglightTripod & MonopodExtension CordScreen Expanders & MagnifiersView AllwatchesAnalog WatchesDigital WatchesSport WatchesCouple WatchBands & BoxesView AllFitnessView AllSweat BeltsExercise BandsTummy TrimmersSkipping RopesHand Grip StrengthenerYogaFitness AccessoriesFitness GearsSportsCricketCycles & AccessoriesSkatingFootballBadmintonVolleyballFishingSwimmingView AllBike & Scooty AccessoriesBike LED LightsBike CoversBike AccessoriesSafety Gear & ClothingHelmetsScooty & Activa AccessoriesCar AccessoriesInterior AccessoriesCar Care & CleaningCar Repair AssistanceCar Mobile & HoldersCar CoversCar Exterior AccessoriesOffice Supplies & StationeryView AllPens & PencilsDiaries & NotebooksArt & Craft SuppliesFiles & Desks OrganizersAdhesives & TapesFood & DrinksDry FruitsMasala and spicesSnacks and NamkeensPicklesChocolates & CandiesBiscuit and cookiesCoffeeTeaView AllFiction & Non FictionChildren's BooksMotivational BooksNovelsReligious BooksEconomics & CommerceView All BooksAcademic BooksUPSC & Central Exam PreparationCompetitive Exams PreparationReference BooksSchool Textbooks & GuidesUniversity Books & GuidesAll Academic BooksPet SuppliesCollars & LeashesClothes & GroomingFood & TreatsAquarium AccessoriesPet ToysPet BowlsMusical InstrumentsDholaks & Drum setsPiano & KeyboardString InstrumentsWind InstrumentsMusical AccessoriesAll Musical InstrumentsHomeWomenWomen Western WearWomen DressesSHRASTHA Premium Women's 220 GSM Lycra Fit and Flare Midi Dress | Heavy Stretchable A-Line One Piece for Women | Sleeveless Professional Western Dress for Office & PartyAdd to CartBuy Now4 Similar ProductsSHRASTHA Premium Women's 220 GSM Lycra Fit and Flare Midi Dress | Heavy Stretchable A-Line One Piece for Women | Sleeveless Professional Western Dress for Office & Party₹4644.47043 Ratings, 3154 ReviewsSelect SizeSMLXLXXLProduct HighlightsCOPYColorBrownFabricLycraFit/ ShapeFit and FlareLengthMaxiAdditional DetailsNeckShoulder StrapsPrint or Pattern TypeSolidSurface StylingPleated or GatheredOcassionPartySleeve LengthSleevelessSleeve StylingShoulder StrapPatternSolidNet Quantity (N)1Add OnNo Add onGeneric NameDressesCountry of OriginIndiaMore InformationProduct DetailsName : SHRASTHA Premium Women's 220 GSM Lycra Fit and Flare Midi Dress | Heavy Stretchable A-Line One Piece for Women | Sleeveless Professional Western Dress for Office & PartyFabric : LycraSleeve Length : SleevelessPattern : SolidNet Quantity (N) : 1Sizes :  S (Bust Size : 34 in, Length Size: 50 in)M (Bust Size : 36 in, Length Size: 50 in)L (Bust Size : 38 in, Length Size: 50 in)XL (Bust Size : 40 in, Length Size: 50 in)XXL (Bust Size : 42 in, Length Size: 50 in) SHRASTHA : Redefining Premium Fashion for the Modern Indian Woman. Step into sophistication with the SHRASTHA Sign-ature Midi Dress. We believe that premium quality shouldn't come with a premium price tag. That’s why we’ve utilized Heavy 220 GSM Lycra—a fabric typically reserved for high-end boutique labels—to create a dress that feels like a second skin while maintaining a sharp, professional structure. The Fit and Flare architecture provides a timeless, modest, yet empowering look. Whether you are leading a boardroom meeting or attending a high-profile social gathering, this SHRASTHA one-piece ensures you are the best-dressed person in the room. Styling Suggestion : For a professional "" Look,"" pair with a structured blazer and pointed pumps. For  evening out, accessorize with a statement waist belt and metallic heels. Instruction : Gentle machine wash. The high-quality Lycra fibers are fade-resistant and quick-drying. The SHRASTHA Promise : We take pride in our craftsmanship. Each dress undergoes a 5-point quality check to .Country of Origin : IndiaMore InformationSold BySHRASTHAView Shop4.49,459 Ratings17ProductsCheck Delivery Date  Enter Delivery PincodeCHECK Enter Pincode for Estimated Delivery DateDispatch in 2 dayProduct Ratings & Reviews4.47043  Ratings,3154  ReviewsPoor297Average137Good442Very Good1517Excellent4650Sanjeet Pandit5.0Posted on 20 June 2026Mujhe fabric bahut pasand aya aur full length mai hai and very comfortableHelpful (92)Meesho User5.0Posted on 24 Jul 2026Absolutely loved this dress! 😍 The quality is really good, and the material is comfortable to wear. The fitting is perfect and the dress looks elegant and beautiful. The color is also very pretty. I received many compliments when I wore it. Definitely worth the price! ❤️ Highly recommended!”❤️❤️Helpful (207)View all reviews  Lowest PriceCash on Delivery7-day ReturnsBest quality products from trusted suppliersPeople also viewed+8 MoreStylish Retro Women Dresses₹570 3.7436 Reviews+3 MoreFancy Latest Women Dresses₹397 4.35062 Reviews+5 MoreDresses₹306 4.2Supplier+1 MoreTrendy Fashionable Women Dresses₹415₹99958% off4.3493 Reviews+4 MoreTrendy Modern Women Dresses₹361 4.42241 Reviews+2 MoreClassic Elegant Women Dresses₹537 4.31341 ReviewsUrbane Partywear Women Dresses₹420 4.8SupplierFancy Elegant Women Dresses₹425₹4281% off4.211541 Reviews+1 MoreComfy Sensational Women Dresses₹436₹99956% off4.22661 Reviews+4 MoreFancy Feminine Women Dresses₹487 4.02160 ReviewsStylish Modern Women Dresses₹864 4.4Supplier+9 MoreTrendy Fashionista Women Dresses₹570 4.1Supplier+1 MoreClassic Fabulous Women Dresses₹587 4.3Supplier+2 MoreTrendy Graceful Women Dresses₹417 4.4207 Reviews+1 MorePretty Partywear Women Dresses₹726₹7341% off4.3SupplierFancy Partywear Women Dresses₹570 3.9Supplier+3 MoreUrbane Glamorous Women Dresses₹455₹4642% off4.0SupplierPretty Fashionista Women Dresses₹426₹4291% off4.25851 ReviewsPretty Elegant Women Dresses₹291 4.310080 Reviews+2 MoreTrendy Modern Women Dresses₹445₹4573% off4.236 Reviews","","Fabric : Lycra","Sleeve Length : Sleeveless","Pattern : Solid","SHRASTHA : Redefining Premium Fashion for the Modern Indian Woman.","SHRASTHA Premium Women's 220 GSM Lycra Fit and Flare Midi Dress | Heavy Stretchable A-Line One Piece for Women | Sleeveless Professional Western Dress for Office & Party","Home

Women

Women Western Wear

Women Dresses","SHRASTHA Premium Women's 220 GSM Lycra Fit and Flare Midi Dress | Heavy Stretchable A-Line One Piece for Women | Sleeveless Professional Western Dress for Office & Party","₹464","₹464","S

M

L

XL

XXL","View Shop","SHRASTHA","4.4","17","17Products","9,459 Ratings","CHECK","Dispatch in 2 day","Product Ratings & Reviews4.47043  Ratings,3154  ReviewsPoor297Average137Good442Very Good1517Excellent4650Sanjeet Pandit5.0Posted on 20 June 2026Mujhe fabric bahut pasand aya aur full length mai hai and very comfortableHelpful (92)Meesho User5.0Posted on 24 Jul 2026Absolutely loved this dress! 😍 The quality is really good, and the material is comfortable to wear. The fitting is perfect and the dress looks elegant and beautiful. The color is also very pretty. I received many compliments when I wore it. Definitely worth the price! ❤️ Highly recommended!”❤️❤️Helpful (207)View all reviews  Lowest PriceCash on Delivery7-day ReturnsBest quality products from trusted suppliers","Lowest Price

Cash on Delivery

7-day Returns","People also viewed","","","","4.4","7043 Ratings, 3154 Reviews","","","","","https://www.meesho.com/assets/svgicons/meeshoLogo.svg","https://images.meesho.com/images/products/933210159/k5ovc_512.webp?width=64
https://images.meesho.com/images/products/933210159/mvrvc_512.webp?width=64
https://images.meesho.com/images/products/933210159/llgxj_512.webp?width=64","https://images.meesho.com/images/products/933210159/k5ovc_512.webp?width=64","https://images.meesho.com/images/products/933210159/k5ovc_128.webp?width=128","https://images.meesho.com/images/products/1028132768/hmq5u_512.webp?width=360
https://images.meesho.com/images/products/824141456/mfqog_512.webp?width=360
https://images.meesho.com/images/products/1094896055/4oa5x_512.webp?width=360
https://images.meesho.com/images/products/1008186243/htb9q_512.webp?width=360
https://images.meesho.com/images/products/982074239/w7fi1_512.webp?width=360","https://images.meesho.com/images/products/1104269887/zktp3_512.webp?width=360
https://images.meesho.com/images/products/1099737183/j9xqb_512.webp?width=360
https://images.meesho.com/images/products/1101496260/bozwi_512.webp?width=360
https://images.meesho.com/images/products/633758433/jf3pe_512.webp?width=360
https://images.meesho.com/images/products/1108204163/29isy_512.webp?width=360","https://images.meesho.com/images/products/1099321330/jbfu7_512.webp?width=360
https://images.meesho.com/images/products/1108293019/bbjql_512.webp?width=360
https://images.meesho.com/images/products/795773611/hphf8_512.webp?width=360
https://images.meesho.com/images/products/628484661/y00mx_512.webp?width=360
https://images.meesho.com/images/products/1073447354/2jydy_512.webp?width=360"
"1791001552-12","https://www.meesho.com/elegant-printed-square-neck-bodycon-dress-with-wide-straps-and-frill-details-perfect-for-springsummerfall-ideal-for-dates-parties-beach-vacations/p/cfo4zp","₹322","₹342","₹362","Pretty Sensational Women Dresses","Trendy Graceful Women Dresses","3.9","Pretty Fabulous Women Dresses","Supplier","Supplier","","Supplier","","","","","4.3","3.9","","https://images.meesho.com/images/products/1108359936/3yfah_512.webp?width=360","https://images.meesho.com/images/products/1093981516/evwjv_512.webp?width=360","https://images.meesho.com/images/products/1099608434/4dmnp_512.webp?width=360","","https://www.meesho.com/assets/svgicons/starBlueBase.svg","","","https://www.meesho.com/assets/svgicons/starBlueBase.svg","","https://www.meesho.com/assets/svgicons/starBlueBase.svg","Pretty Sensational Women Dresses₹322 3.7Supplier","https://www.meesho.com/tadap-tadap-floral-printed-fit-flare-dress/p/ibw000","Become a Supplier","Become a SupplierInvestor RelationsProfileCart2Top BrandsShimla ApplesJewelleryMen FashionKidsFootwearBeauty & Personal CareGroceryElectronicsInnerwear & NightwearKitchen & AppliancesBags & LuggageHealthcareStationery & Office SuppliesBike & CarFurnitureAll SareesGeorgette SareesChiffon SareesCotton SareesNet SareesSilk SareesNew CollectionBridal SareesAll KurtisAnarkali KurtisRayon KurtisCotton KurtisStraight KurtisLong KurtisAll Kurta SetsKurta Palazzo SetsKurta Pant SetsSharara SetsAnarkali Kurta SetsCotton Kurta SetsAll Dupatta SetsCotton SetsRayon SetsAll Dress MaterialsPakistani Dress MaterialsCotton Dress MaterialsPatiala Dress MaterialsBanarasi Dress MaterialsParty Wear Dress MaterialsAll LehengasShoppers FavouriteTrending LehengasAll BlousesShoppers FavouriteTrending BlousesAll GownsShoppers FavouriteTrending GownsEthnic Skirts & BottomwearEthnic Jackets & ShrugsIslamic FashionPetticoatsBlouse PiecesDupattasAll TopwearTops & TunicsDressesT-shirtsGownsTops & Bottom SetsShirtsJumpsuitsNew TrendsAll BottomwearJeans & JeggingsPalazzosTrousers & PantsLeggingsShorts & SkirtsJacketsSweatshirtsSweatersCapes, Shrug & PonchosCoatsBlazers & WaistcoatsPlus Size - Dresses & GownsPlus Size - Tops & TeesPlus size - BottomwearWomen BraWomen PantiesOther InnerwearWomen NightsuitsWomen NightdressOther SleepwearSports BottomwearSports BraTop & Bottom SetsKurti & TopwearFeeding BrasBriefs & BottomwearSummer T-ShirtsShirtsT-Shirts CombosJeansCargos/TrousersDhotis/LungisKurtasKurta SetsNehru JacketVestsBriefsBoxersTrackpantsTracksuitsGym TshirtsPyjamasNight ShortsNightsuitsShrugsJacketsSweatshirtsRakhi SpecialsShirts ComboInnerwear ComboAll AccessoriesWatchesWalletsJewellerySunglasses & Spectacle FramesBeltsMen FootwearMen Casual ShoesMen Sports ShoesMen Flip Flops and SandalsMen Formal ShoesLoafersGirlsBoysBabiesClothing SetsFrocks & DressesT-Shirt & PolosToys & GamesSummer PicksBest SellersBaby GearsBags & BackpacksKids AccessoriesParty ItemsView AllBaby Bedding & AccessoriesNewborn CareDiapersBaby Mosquito netsBaby Dry SheetsView AllCoversKey HoldersArtificial PlantsPooja NeedsParty SuppliesWallpapers & StickersShowpieces & IdolsClocks & Wall DecorView AllStorage & OrganizersCookwareKitchen ToolsKitchen AppliancesDinnerwareGlasses & BarwareKitchen LinenHome AppliancesView AllBedsheetsCurtains & AccessoriesDoormats & CarpetsPillow, Cushion & CoversBlankets & ComfortersAll Home EssentialsBathroom AccessoriesCleaning SuppliesGardeningHome ToolsInsect ProtectionShoe RacksStudy TablesCollapsible WardrobesWall ShelvesHome TempleHammock SwingLipstickEye Shadow and LinerFace MakeupMakeup Kits & CombosHair CurlersNail MakeupBrushes & AccessoriesHair RemovalPerfumes & MoreView AllBody LotionHair Oil & ShampooWhitening CreamsStraighteners & DryersFace Oil & SerumFace WashFace Masks & PeelsSoaps & ScrubsView AllOral CareWinter HealthcareEar CleanerHealth Monitor & MassagersFoot careSexual WellnessAyurveda & NutritionSanitary Pads & MoreView AllBaby Care EssentialsMom CareTrimmersBeard OilMen Perfumes & DeodorantHair Gels, Wax & SprayMen's Face & Body CareBudget Grooming KitsAll JewelleryJewellery SetsEarringsMangalsutrasNecklaces & ChainsBangles & BraceletsAnklets & NosepinsKamarbandh & MaangtikaAll AccessoriesMen WatchesWalletsMen JewellerySunglasses & Spectacle FramesBeltsAll AccessoriesWomen WatchesHair AccessoriesWomen BeltsSunglasses & Spectacle FramesScarves, Stoles & GlovesView AllHeels and SandalsFlatsBootsFlipflops & SlippersBellies and BallerinasView AllMen Casual ShoesMen Sports ShoesMen Flip Flops and SandalsMen Formal ShoesLoafersView AllBoys ShoesGirls ShoesCasual ShoesFlipflops & SlippersSandalsView AllBackpacksHandbagsSlingbagsWalletsClutchesBackpacksWaist BagsCrossbody Bags & Sling BagsView AllDuffel & Trolley BagsLaptop & Messenger BagsNeckbandSpeakersCases & CoversBluetooth EarbudsWired EarphoneMobile HoldersMobile Chargers & CablesPower BanksMicrophoneSelfie Stick & RinglightTripod & MonopodExtension CordScreen Expanders & MagnifiersView AllAnalog WatchesDigital WatchesSport WatchesCouple WatchBands & BoxesView AllView AllSweat BeltsExercise BandsTummy TrimmersSkipping RopesHand Grip StrengthenerYogaFitness AccessoriesFitness GearsCricketCycles & AccessoriesSkatingFootballBadmintonVolleyballFishingSwimmingView AllBike LED LightsBike CoversBike AccessoriesSafety Gear & ClothingHelmetsScooty & Activa AccessoriesInterior AccessoriesCar Care & CleaningCar Repair AssistanceCar Mobile & HoldersCar CoversCar Exterior AccessoriesView AllPens & PencilsDiaries & NotebooksArt & Craft SuppliesFiles & Desks OrganizersAdhesives & TapesDry FruitsMasala and spicesSnacks and NamkeensPicklesChocolates & CandiesBiscuit and cookiesCoffeeTeaView AllChildren's BooksMotivational BooksNovelsReligious BooksEconomics & CommerceView All BooksUPSC & Central Exam PreparationCompetitive Exams PreparationReference BooksSchool Textbooks & GuidesUniversity Books & GuidesAll Academic BooksCollars & LeashesClothes & GroomingFood & TreatsAquarium AccessoriesPet ToysPet BowlsDholaks & Drum setsPiano & KeyboardString InstrumentsWind InstrumentsMusical AccessoriesAll Musical InstrumentsPopularKurti, Saree & LehengaWomen WesternLingerieMenKids & ToysHome & KitchenBeauty & HealthJewellery & AccessoriesBags & FootwearElectronicsWatchesSports & FitnessCar & MotorbikeOffice Supplies & StationeryGroceryBooksPet SuppliesMusical InstrumentsFeatured On MeeshoTop BrandsShimla ApplesAll PopularJewelleryMen FashionKidsFootwearBeauty & Personal CareGroceryElectronicsInnerwear & NightwearKitchen & AppliancesBags & LuggageHealthcareStationery & Office SuppliesBike & CarFurnitureSareesAll SareesGeorgette SareesChiffon SareesCotton SareesNet SareesSilk SareesNew CollectionBridal SareesKurtisAll KurtisAnarkali KurtisRayon KurtisCotton KurtisStraight KurtisLong KurtisKurta SetsAll Kurta SetsKurta Palazzo SetsKurta Pant SetsSharara SetsAnarkali Kurta SetsCotton Kurta SetsDupatta SetsAll Dupatta SetsCotton SetsRayon SetsSuits & Dress MaterialAll Dress MaterialsPakistani Dress MaterialsCotton Dress MaterialsPatiala Dress MaterialsBanarasi Dress MaterialsParty Wear Dress MaterialsLehengasAll LehengasShoppers FavouriteTrending LehengasBlousesAll BlousesShoppers FavouriteTrending BlousesGownsAll GownsShoppers FavouriteTrending GownsOther Ethnic WearEthnic Skirts & BottomwearEthnic Jackets & ShrugsIslamic FashionPetticoatsBlouse PiecesDupattasTopwearAll TopwearTops & TunicsDressesT-shirtsGownsTops & Bottom SetsShirtsJumpsuitsNew TrendsBottom WearAll BottomwearJeans & JeggingsPalazzosTrousers & PantsLeggingsShorts & SkirtsWinterwearJacketsSweatshirtsSweatersCapes, Shrug & PonchosCoatsBlazers & WaistcoatsPlus SizePlus Size - Dresses & GownsPlus Size - Tops & TeesPlus size - BottomwearInnerwearWomen BraWomen PantiesOther InnerwearSleepwearWomen NightsuitsWomen NightdressOther SleepwearSports WearSports BottomwearSports BraTop & Bottom SetsMaternity WearKurti & TopwearFeeding BrasBriefs & BottomwearTop WearSummer T-ShirtsShirtsT-Shirts CombosBottom WearJeansCargos/TrousersDhotis/LungisEthnic WearKurtasKurta SetsNehru JacketInnerwearVestsBriefsBoxersSports WearTrackpantsTracksuitsGym TshirtsNight WearPyjamasNight ShortsNightsuitsWinter WearShrugsJacketsSweatshirtsCombo StoreRakhi SpecialsShirts ComboInnerwear ComboAccessoriesAll AccessoriesWatchesWalletsJewellerySunglasses & Spectacle FramesBeltsFootwearMen FootwearMen Casual ShoesMen Sports ShoesMen Flip Flops and SandalsMen Formal ShoesLoafersKids ClothingGirlsBoysBabiesClothing SetsFrocks & DressesT-Shirt & PolosKids ToysToys & GamesSummer PicksBest SellersBaby GearsKids AccessoriesBags & BackpacksKids AccessoriesParty ItemsBaby CareView AllBaby Bedding & AccessoriesNewborn CareDiapersBaby Mosquito netsBaby Dry SheetsHome DecorView AllCoversKey HoldersArtificial PlantsPooja NeedsParty SuppliesWallpapers & StickersShowpieces & IdolsClocks & Wall DecorKitchen & AppliancesView AllStorage & OrganizersCookwareKitchen ToolsKitchen AppliancesDinnerwareGlasses & BarwareKitchen LinenHome AppliancesHome TextilesView AllBedsheetsCurtains & AccessoriesDoormats & CarpetsPillow, Cushion & CoversBlankets & ComfortersHome ImprovementAll Home EssentialsBathroom AccessoriesCleaning SuppliesGardeningHome ToolsInsect ProtectionFurnitureShoe RacksStudy TablesCollapsible WardrobesWall ShelvesHome TempleHammock SwingMakeupLipstickEye Shadow and LinerFace MakeupMakeup Kits & CombosHair CurlersNail MakeupBrushes & AccessoriesHair RemovalPerfumes & MorePersonal CareView AllBody LotionHair Oil & ShampooWhitening CreamsStraighteners & DryersFace Oil & SerumFace WashFace Masks & PeelsSoaps & ScrubsHealthcareView AllOral CareWinter HealthcareEar CleanerHealth Monitor & MassagersFoot careSexual WellnessAyurveda & NutritionSanitary Pads & MoreBaby & MomView AllBaby Care EssentialsMom CareMens CareTrimmersBeard OilMen Perfumes & DeodorantHair Gels, Wax & SprayMen's Face & Body CareBudget Grooming KitsJewelleryAll JewelleryJewellery SetsEarringsMangalsutrasNecklaces & ChainsBangles & BraceletsAnklets & NosepinsKamarbandh & MaangtikaMen AccessoriesAll AccessoriesMen WatchesWalletsMen JewellerySunglasses & Spectacle FramesBeltsWomen AccessoriesAll AccessoriesWomen WatchesHair AccessoriesWomen BeltsSunglasses & Spectacle FramesScarves, Stoles & GlovesWomen FootwearView AllHeels and SandalsFlatsBootsFlipflops & SlippersBellies and BallerinasMen FootwearView AllMen Casual ShoesMen Sports ShoesMen Flip Flops and SandalsMen Formal ShoesLoafersKids FootwearView AllBoys ShoesGirls ShoesCasual ShoesFlipflops & SlippersSandalsWomen BagsView AllBackpacksHandbagsSlingbagsWalletsClutchesMen BagsBackpacksWaist BagsCrossbody Bags & Sling BagsTravel Bags, Luggage and AccessoriesView AllDuffel & Trolley BagsLaptop & Messenger BagsAudio & MobilesNeckbandSpeakersCases & CoversBluetooth EarbudsWired EarphoneAccessoriesMobile HoldersMobile Chargers & CablesPower BanksMicrophoneSelfie Stick & RinglightTripod & MonopodExtension CordScreen Expanders & MagnifiersView AllwatchesAnalog WatchesDigital WatchesSport WatchesCouple WatchBands & BoxesView AllFitnessView AllSweat BeltsExercise BandsTummy TrimmersSkipping RopesHand Grip StrengthenerYogaFitness AccessoriesFitness GearsSportsCricketCycles & AccessoriesSkatingFootballBadmintonVolleyballFishingSwimmingView AllBike & Scooty AccessoriesBike LED LightsBike CoversBike AccessoriesSafety Gear & ClothingHelmetsScooty & Activa AccessoriesCar AccessoriesInterior AccessoriesCar Care & CleaningCar Repair AssistanceCar Mobile & HoldersCar CoversCar Exterior AccessoriesOffice Supplies & StationeryView AllPens & PencilsDiaries & NotebooksArt & Craft SuppliesFiles & Desks OrganizersAdhesives & TapesFood & DrinksDry FruitsMasala and spicesSnacks and NamkeensPicklesChocolates & CandiesBiscuit and cookiesCoffeeTeaView AllFiction & Non FictionChildren's BooksMotivational BooksNovelsReligious BooksEconomics & CommerceView All BooksAcademic BooksUPSC & Central Exam PreparationCompetitive Exams PreparationReference BooksSchool Textbooks & GuidesUniversity Books & GuidesAll Academic BooksPet SuppliesCollars & LeashesClothes & GroomingFood & TreatsAquarium AccessoriesPet ToysPet BowlsMusical InstrumentsDholaks & Drum setsPiano & KeyboardString InstrumentsWind InstrumentsMusical AccessoriesAll Musical InstrumentsHomeWomenWomen Western WearWomen DressesTadap Tadap Floral Printed Fit & Flare DressAdd to CartBuy Now1 Similar ProductsTadap Tadap Floral Printed Fit & Flare Dress₹322Select SizeXSSMLXLProduct HighlightsCOPYColorPinkFabricRayonFit/ ShapeFit and FlareLengthAbove KneeAdditional DetailsNeckV-neckPrint or Pattern TypeFloralSurface StylingPleated or GatheredOcassionPartySleeve LengthLong SleevesSleeve StylingPuffPatternPrintedNet Quantity (N)1CharacterNot ApplicableTYPEOne PieceGeneric NameDressesCountry of OriginIndiaMore InformationProduct DetailsName : Tadap Tadap Floral Printed Fit & Flare DressFabric : RayonSleeve Length : Long SleevesPattern : PrintedNet Quantity (N) : 1Sizes :  XS (Bust Size : 32 in, Length Size: 34 in)S (Bust Size : 34 in, Length Size: 34 in)M (Bust Size : 36 in, Length Size: 34 in)L (Bust Size : 38 in, Length Size: 34 in)XL (Bust Size : 40 in, Length Size: 34 in) Tadap Tadap ek elegant aur stylish floral printed dress hai, jo classy look ke saath comfortable feel bhi deti hai. Iska beautiful floral print, square neckline, puff sleeves aur fitted waist design outfit ko attractive aur premium look deta hai. Flared silhouette dress ko graceful fall deta hai, jo casual outing, dinner, date night ya special occasion ke liye perfect hai.Country of Origin : IndiaMore InformationSold Byking off fashionView Shop3.770 Ratings15ProductsCheck Delivery Date  Enter Delivery PincodeCHECK Enter Pincode for Estimated Delivery DateDispatch in 2 dayLowest PriceCash on Delivery7-day ReturnsPeople also viewedDresses₹319₹3252% off4.05 ReviewsUrbane Partywear Women Dresses₹281 4.0199 ReviewsComfy Women Bra₹524₹5362% off4.3SupplierComfy Feminine Women Dresses₹295 4.25447 ReviewsComfy Designer Women Dresses₹322 3.7Supplier+3 MoreClassic Designer Women Dresses₹464 4.47043 ReviewsFancy Fashionable Women Dresses₹454₹4612% off4.1SupplierDresses₹263₹2682% off4.01104 ReviewsUrbane Elegant Women Dresses₹318 3.7SupplierPretty Feminine Women Dresses₹375 4.311489 ReviewsTrendy Graceful Women Dresses₹464 3.9SupplierDresses₹265₹2702% off4.11759 ReviewsClassy Sensational Women Dresses₹344 4.21809 ReviewsPretty Retro Women Dresses₹260 4.0105 ReviewsTrendy Sensational Women Dresses₹464 3.9SupplierClassic Glamorous Women Dresses₹407₹4162% off4.21323 ReviewsUrbane Elegant Women Dresses₹347₹3552% off3.4Supplier+6 MoreDresses₹335₹3422% off4.02248 Reviews+2 MoreClassic Elegant Women Dresses₹537 4.31341 ReviewsClassic Designer Women Dresses₹296 4.47 Reviews","","Fabric : Rayon","Sleeve Length : Long Sleeves","Pattern : Printed","Tadap Tadap ek elegant aur stylish floral printed dress hai, jo classy look ke saath comfortable feel bhi deti hai. Iska beautiful floral print, square neckline, puff sleeves aur fitted waist design outfit ko attractive aur premium look deta hai. Flared silhouette dress ko graceful fall deta hai, jo casual outing, dinner, date night ya special occasion ke liye perfect hai.","Tadap Tadap Floral Printed Fit & Flare Dress","Home

Women

Women Western Wear

Women Dresses","Tadap Tadap Floral Printed Fit & Flare Dress","₹322","₹322","XS

S

M

L

XL","View Shop","king off fashion","3.7","15","15Products","70 Ratings","CHECK","Dispatch in 2 day","Lowest PriceCash on Delivery7-day Returns","Lowest Price

Cash on Delivery

7-day Returns","People also viewed","","","","","","","","","","https://www.meesho.com/assets/svgicons/meeshoLogo.svg","https://images.meesho.com/images/products/1108359936/3yfah_512.webp?width=64
https://images.meesho.com/images/products/1108359936/oopix_512.webp?width=64
https://images.meesho.com/images/products/1108359936/d1xsv_512.webp?width=64
https://images.meesho.com/images/products/1108359936/dxoo3_512.webp?width=64","https://images.meesho.com/images/products/1108359936/3yfah_512.webp?width=64","https://images.meesho.com/images/products/1108359936/3yfah_128.webp?width=128","https://images.meesho.com/images/products/1063123446/i6joc_512.webp?width=360
https://images.meesho.com/images/products/951387106/dw6tl_512.webp?width=360
https://images.meesho.com/images/products/1092345833/ujeoq_512.webp?width=360
https://images.meesho.com/images/products/449283828/o4seb_512.webp?width=360
https://images.meesho.com/images/products/1108285909/qqxta_512.webp?width=360","https://images.meesho.com/images/products/1111173887/wuugp_512.webp?width=360
https://images.meesho.com/images/products/578645702/mui4o_512.webp?width=360
https://images.meesho.com/images/products/643406991/70l5a_512.webp?width=360
https://images.meesho.com/images/products/1025747058/1pnuf_512.webp?width=360
https://images.meesho.com/images/products/1111174598/fed0d_512.webp?width=360","https://images.meesho.com/images/products/584476046/id6c1_512.webp?width=360
https://images.meesho.com/images/products/1090676495/obbkn_512.webp?width=360
https://images.meesho.com/images/products/586838376/lk4in_512.webp?width=360
https://images.meesho.com/images/products/318952702/hsbpn_512.webp?width=360
https://images.meesho.com/images/products/1070516239/iqjcf_512.webp?width=360"
"1791001555-13","https://www.meesho.com/elegant-printed-square-neck-bodycon-dress-with-wide-straps-and-frill-details-perfect-for-springsummerfall-ideal-for-dates-parties-beach-vacations/p/cfo4zp","₹342","₹485","₹344","Classic Partywear Women Dresses","Urbane Graceful Women Dresses","4.8","Classy Sensational Women Dresses","15 Reviews","Supplier","","1809 Reviews","","","","","4.3","3.9","","https://images.meesho.com/images/products/1077371275/nh5co_512.webp?width=360","https://images.meesho.com/images/products/1107795088/skkcb_512.webp?width=360","https://images.meesho.com/images/products/643406991/70l5a_512.webp?width=360","","https://www.meesho.com/assets/svgicons/star.svg","","","https://www.meesho.com/assets/svgicons/star.svg","","https://www.meesho.com/assets/svgicons/starBlueBase.svg","Classic Partywear Women Dresses₹342 3.915 Reviews","https://www.meesho.com/floral-printed-long-maxi-dress-for-women-trendy-bodycon-fit-long-dress-for-party-outing-sleeveless-long-maxi-gown/p/htfszv","Become a Supplier","Become a SupplierInvestor RelationsProfileCart2Top BrandsShimla ApplesJewelleryMen FashionKidsFootwearBeauty & Personal CareGroceryElectronicsInnerwear & NightwearKitchen & AppliancesBags & LuggageHealthcareStationery & Office SuppliesBike & CarFurnitureAll SareesGeorgette SareesChiffon SareesCotton SareesNet SareesSilk SareesNew CollectionBridal SareesAll KurtisAnarkali KurtisRayon KurtisCotton KurtisStraight KurtisLong KurtisAll Kurta SetsKurta Palazzo SetsKurta Pant SetsSharara SetsAnarkali Kurta SetsCotton Kurta SetsAll Dupatta SetsCotton SetsRayon SetsAll Dress MaterialsPakistani Dress MaterialsCotton Dress MaterialsPatiala Dress MaterialsBanarasi Dress MaterialsParty Wear Dress MaterialsAll LehengasShoppers FavouriteTrending LehengasAll BlousesShoppers FavouriteTrending BlousesAll GownsShoppers FavouriteTrending GownsEthnic Skirts & BottomwearEthnic Jackets & ShrugsIslamic FashionPetticoatsBlouse PiecesDupattasAll TopwearTops & TunicsDressesT-shirtsGownsTops & Bottom SetsShirtsJumpsuitsNew TrendsAll BottomwearJeans & JeggingsPalazzosTrousers & PantsLeggingsShorts & SkirtsJacketsSweatshirtsSweatersCapes, Shrug & PonchosCoatsBlazers & WaistcoatsPlus Size - Dresses & GownsPlus Size - Tops & TeesPlus size - BottomwearWomen BraWomen PantiesOther InnerwearWomen NightsuitsWomen NightdressOther SleepwearSports BottomwearSports BraTop & Bottom SetsKurti & TopwearFeeding BrasBriefs & BottomwearSummer T-ShirtsShirtsT-Shirts CombosJeansCargos/TrousersDhotis/LungisKurtasKurta SetsNehru JacketVestsBriefsBoxersTrackpantsTracksuitsGym TshirtsPyjamasNight ShortsNightsuitsShrugsJacketsSweatshirtsRakhi SpecialsShirts ComboInnerwear ComboAll AccessoriesWatchesWalletsJewellerySunglasses & Spectacle FramesBeltsMen FootwearMen Casual ShoesMen Sports ShoesMen Flip Flops and SandalsMen Formal ShoesLoafersGirlsBoysBabiesClothing SetsFrocks & DressesT-Shirt & PolosToys & GamesSummer PicksBest SellersBaby GearsBags & BackpacksKids AccessoriesParty ItemsView AllBaby Bedding & AccessoriesNewborn CareDiapersBaby Mosquito netsBaby Dry SheetsView AllCoversKey HoldersArtificial PlantsPooja NeedsParty SuppliesWallpapers & StickersShowpieces & IdolsClocks & Wall DecorView AllStorage & OrganizersCookwareKitchen ToolsKitchen AppliancesDinnerwareGlasses & BarwareKitchen LinenHome AppliancesView AllBedsheetsCurtains & AccessoriesDoormats & CarpetsPillow, Cushion & CoversBlankets & ComfortersAll Home EssentialsBathroom AccessoriesCleaning SuppliesGardeningHome ToolsInsect ProtectionShoe RacksStudy TablesCollapsible WardrobesWall ShelvesHome TempleHammock SwingLipstickEye Shadow and LinerFace MakeupMakeup Kits & CombosHair CurlersNail MakeupBrushes & AccessoriesHair RemovalPerfumes & MoreView AllBody LotionHair Oil & ShampooWhitening CreamsStraighteners & DryersFace Oil & SerumFace WashFace Masks & PeelsSoaps & ScrubsView AllOral CareWinter HealthcareEar CleanerHealth Monitor & MassagersFoot careSexual WellnessAyurveda & NutritionSanitary Pads & MoreView AllBaby Care EssentialsMom CareTrimmersBeard OilMen Perfumes & DeodorantHair Gels, Wax & SprayMen's Face & Body CareBudget Grooming KitsAll JewelleryJewellery SetsEarringsMangalsutrasNecklaces & ChainsBangles & BraceletsAnklets & NosepinsKamarbandh & MaangtikaAll AccessoriesMen WatchesWalletsMen JewellerySunglasses & Spectacle FramesBeltsAll AccessoriesWomen WatchesHair AccessoriesWomen BeltsSunglasses & Spectacle FramesScarves, Stoles & GlovesView AllHeels and SandalsFlatsBootsFlipflops & SlippersBellies and BallerinasView AllMen Casual ShoesMen Sports ShoesMen Flip Flops and SandalsMen Formal ShoesLoafersView AllBoys ShoesGirls ShoesCasual ShoesFlipflops & SlippersSandalsView AllBackpacksHandbagsSlingbagsWalletsClutchesBackpacksWaist BagsCrossbody Bags & Sling BagsView AllDuffel & Trolley BagsLaptop & Messenger BagsNeckbandSpeakersCases & CoversBluetooth EarbudsWired EarphoneMobile HoldersMobile Chargers & CablesPower BanksMicrophoneSelfie Stick & RinglightTripod & MonopodExtension CordScreen Expanders & MagnifiersView AllAnalog WatchesDigital WatchesSport WatchesCouple WatchBands & BoxesView AllView AllSweat BeltsExercise BandsTummy TrimmersSkipping RopesHand Grip StrengthenerYogaFitness AccessoriesFitness GearsCricketCycles & AccessoriesSkatingFootballBadmintonVolleyballFishingSwimmingView AllBike LED LightsBike CoversBike AccessoriesSafety Gear & ClothingHelmetsScooty & Activa AccessoriesInterior AccessoriesCar Care & CleaningCar Repair AssistanceCar Mobile & HoldersCar CoversCar Exterior AccessoriesView AllPens & PencilsDiaries & NotebooksArt & Craft SuppliesFiles & Desks OrganizersAdhesives & TapesDry FruitsMasala and spicesSnacks and NamkeensPicklesChocolates & CandiesBiscuit and cookiesCoffeeTeaView AllChildren's BooksMotivational BooksNovelsReligious BooksEconomics & CommerceView All BooksUPSC & Central Exam PreparationCompetitive Exams PreparationReference BooksSchool Textbooks & GuidesUniversity Books & GuidesAll Academic BooksCollars & LeashesClothes & GroomingFood & TreatsAquarium AccessoriesPet ToysPet BowlsDholaks & Drum setsPiano & KeyboardString InstrumentsWind InstrumentsMusical AccessoriesAll Musical InstrumentsPopularKurti, Saree & LehengaWomen WesternLingerieMenKids & ToysHome & KitchenBeauty & HealthJewellery & AccessoriesBags & FootwearElectronicsWatchesSports & FitnessCar & MotorbikeOffice Supplies & StationeryGroceryBooksPet SuppliesMusical InstrumentsFeatured On MeeshoTop BrandsShimla ApplesAll PopularJewelleryMen FashionKidsFootwearBeauty & Personal CareGroceryElectronicsInnerwear & NightwearKitchen & AppliancesBags & LuggageHealthcareStationery & Office SuppliesBike & CarFurnitureSareesAll SareesGeorgette SareesChiffon SareesCotton SareesNet SareesSilk SareesNew CollectionBridal SareesKurtisAll KurtisAnarkali KurtisRayon KurtisCotton KurtisStraight KurtisLong KurtisKurta SetsAll Kurta SetsKurta Palazzo SetsKurta Pant SetsSharara SetsAnarkali Kurta SetsCotton Kurta SetsDupatta SetsAll Dupatta SetsCotton SetsRayon SetsSuits & Dress MaterialAll Dress MaterialsPakistani Dress MaterialsCotton Dress MaterialsPatiala Dress MaterialsBanarasi Dress MaterialsParty Wear Dress MaterialsLehengasAll LehengasShoppers FavouriteTrending LehengasBlousesAll BlousesShoppers FavouriteTrending BlousesGownsAll GownsShoppers FavouriteTrending GownsOther Ethnic WearEthnic Skirts & BottomwearEthnic Jackets & ShrugsIslamic FashionPetticoatsBlouse PiecesDupattasTopwearAll TopwearTops & TunicsDressesT-shirtsGownsTops & Bottom SetsShirtsJumpsuitsNew TrendsBottom WearAll BottomwearJeans & JeggingsPalazzosTrousers & PantsLeggingsShorts & SkirtsWinterwearJacketsSweatshirtsSweatersCapes, Shrug & PonchosCoatsBlazers & WaistcoatsPlus SizePlus Size - Dresses & GownsPlus Size - Tops & TeesPlus size - BottomwearInnerwearWomen BraWomen PantiesOther InnerwearSleepwearWomen NightsuitsWomen NightdressOther SleepwearSports WearSports BottomwearSports BraTop & Bottom SetsMaternity WearKurti & TopwearFeeding BrasBriefs & BottomwearTop WearSummer T-ShirtsShirtsT-Shirts CombosBottom WearJeansCargos/TrousersDhotis/LungisEthnic WearKurtasKurta SetsNehru JacketInnerwearVestsBriefsBoxersSports WearTrackpantsTracksuitsGym TshirtsNight WearPyjamasNight ShortsNightsuitsWinter WearShrugsJacketsSweatshirtsCombo StoreRakhi SpecialsShirts ComboInnerwear ComboAccessoriesAll AccessoriesWatchesWalletsJewellerySunglasses & Spectacle FramesBeltsFootwearMen FootwearMen Casual ShoesMen Sports ShoesMen Flip Flops and SandalsMen Formal ShoesLoafersKids ClothingGirlsBoysBabiesClothing SetsFrocks & DressesT-Shirt & PolosKids ToysToys & GamesSummer PicksBest SellersBaby GearsKids AccessoriesBags & BackpacksKids AccessoriesParty ItemsBaby CareView AllBaby Bedding & AccessoriesNewborn CareDiapersBaby Mosquito netsBaby Dry SheetsHome DecorView AllCoversKey HoldersArtificial PlantsPooja NeedsParty SuppliesWallpapers & StickersShowpieces & IdolsClocks & Wall DecorKitchen & AppliancesView AllStorage & OrganizersCookwareKitchen ToolsKitchen AppliancesDinnerwareGlasses & BarwareKitchen LinenHome AppliancesHome TextilesView AllBedsheetsCurtains & AccessoriesDoormats & CarpetsPillow, Cushion & CoversBlankets & ComfortersHome ImprovementAll Home EssentialsBathroom AccessoriesCleaning SuppliesGardeningHome ToolsInsect ProtectionFurnitureShoe RacksStudy TablesCollapsible WardrobesWall ShelvesHome TempleHammock SwingMakeupLipstickEye Shadow and LinerFace MakeupMakeup Kits & CombosHair CurlersNail MakeupBrushes & AccessoriesHair RemovalPerfumes & MorePersonal CareView AllBody LotionHair Oil & ShampooWhitening CreamsStraighteners & DryersFace Oil & SerumFace WashFace Masks & PeelsSoaps & ScrubsHealthcareView AllOral CareWinter HealthcareEar CleanerHealth Monitor & MassagersFoot careSexual WellnessAyurveda & NutritionSanitary Pads & MoreBaby & MomView AllBaby Care EssentialsMom CareMens CareTrimmersBeard OilMen Perfumes & DeodorantHair Gels, Wax & SprayMen's Face & Body CareBudget Grooming KitsJewelleryAll JewelleryJewellery SetsEarringsMangalsutrasNecklaces & ChainsBangles & BraceletsAnklets & NosepinsKamarbandh & MaangtikaMen AccessoriesAll AccessoriesMen WatchesWalletsMen JewellerySunglasses & Spectacle FramesBeltsWomen AccessoriesAll AccessoriesWomen WatchesHair AccessoriesWomen BeltsSunglasses & Spectacle FramesScarves, Stoles & GlovesWomen FootwearView AllHeels and SandalsFlatsBootsFlipflops & SlippersBellies and BallerinasMen FootwearView AllMen Casual ShoesMen Sports ShoesMen Flip Flops and SandalsMen Formal ShoesLoafersKids FootwearView AllBoys ShoesGirls ShoesCasual ShoesFlipflops & SlippersSandalsWomen BagsView AllBackpacksHandbagsSlingbagsWalletsClutchesMen BagsBackpacksWaist BagsCrossbody Bags & Sling BagsTravel Bags, Luggage and AccessoriesView AllDuffel & Trolley BagsLaptop & Messenger BagsAudio & MobilesNeckbandSpeakersCases & CoversBluetooth EarbudsWired EarphoneAccessoriesMobile HoldersMobile Chargers & CablesPower BanksMicrophoneSelfie Stick & RinglightTripod & MonopodExtension CordScreen Expanders & MagnifiersView AllwatchesAnalog WatchesDigital WatchesSport WatchesCouple WatchBands & BoxesView AllFitnessView AllSweat BeltsExercise BandsTummy TrimmersSkipping RopesHand Grip StrengthenerYogaFitness AccessoriesFitness GearsSportsCricketCycles & AccessoriesSkatingFootballBadmintonVolleyballFishingSwimmingView AllBike & Scooty AccessoriesBike LED LightsBike CoversBike AccessoriesSafety Gear & ClothingHelmetsScooty & Activa AccessoriesCar AccessoriesInterior AccessoriesCar Care & CleaningCar Repair AssistanceCar Mobile & HoldersCar CoversCar Exterior AccessoriesOffice Supplies & StationeryView AllPens & PencilsDiaries & NotebooksArt & Craft SuppliesFiles & Desks OrganizersAdhesives & TapesFood & DrinksDry FruitsMasala and spicesSnacks and NamkeensPicklesChocolates & CandiesBiscuit and cookiesCoffeeTeaView AllFiction & Non FictionChildren's BooksMotivational BooksNovelsReligious BooksEconomics & CommerceView All BooksAcademic BooksUPSC & Central Exam PreparationCompetitive Exams PreparationReference BooksSchool Textbooks & GuidesUniversity Books & GuidesAll Academic BooksPet SuppliesCollars & LeashesClothes & GroomingFood & TreatsAquarium AccessoriesPet ToysPet BowlsMusical InstrumentsDholaks & Drum setsPiano & KeyboardString InstrumentsWind InstrumentsMusical AccessoriesAll Musical InstrumentsHomeWomenWomen Western WearWomen DressesFloral Printed Long Maxi Dress for Women Trendy Bodycon Fit Long Dress for Party & Outing Sleeveless Long Maxi GownAdd to CartBuy Now1 Similar ProductsFloral Printed Long Maxi Dress for Women Trendy Bodycon Fit Long Dress for Party & Outing Sleeveless Long Maxi Gown₹3423.915 Ratings, 10 ReviewsSelect SizeXSSMLXLXXLProduct HighlightsCOPYColorWhiteFabricLycraFit/ ShapeBodyconLengthMaxiAdditional DetailsNeckSweetheart NeckPrint or Pattern TypeFloralSurface StylingNot ApplicableOcassionCasualSleeve LengthSleevelessSleeve StylingShoulder StrapPatternPrintedNet Quantity (N)1Add OnNo Add onCharacterNot ApplicableTYPEOne PieceGeneric NameDressesCountry of OriginIndiaMore InformationProduct DetailsName : Floral Printed Long Maxi Dress for Women Trendy Bodycon Fit Long Dress for Party & Outing Sleeveless Long Maxi GownFabric : LycraSleeve Length : SleevelessPattern : PrintedNet Quantity (N) : 1Sizes :  XS (Bust Size : 34 in, Length Size: 50 in)S (Bust Size : 36 in, Length Size: 50 in)M (Bust Size : 38 in, Length Size: 50 in)L (Bust Size : 40 in, Length Size: 50 in)XL (Bust Size : 42 in, Length Size: 50 in)XXL (Bust Size : 44 in, Length Size: 50 in) Elevate your style with this elegant floral printed maxi dress for women. Designed with a flattering bodycon silhouette, beautiful floral pattern and sleeveless styling, this long dress is perfect for parties, date nights, dinners, vacations and special occasions.Country of Origin : IndiaMore InformationSold ByST FABTEXView Shop3.928,165 Ratings43ProductsCheck Delivery Date  Enter Delivery PincodeCHECK Enter Pincode for Estimated Delivery DateDispatch in 0 dayProduct Ratings & Reviews3.915  Ratings,10  ReviewsPoor1Average1Good3Very Good3Excellent7Suhana5.0Posted on 1 Oct 2026So good 👍😊Helpful (0)Barsha Mitra5.0Posted on 28 Sep 2026Very good 😊Helpful (0)View all reviews  Lowest PriceCash on DeliveryCreator-Exclusive
  14 Days ReturnsPeople also viewedStylish Modern Women Dresses₹342 4.213 ReviewsPretty Glamorous Women Dresses₹342 4.45 ReviewsTrendy Graceful Women Dresses₹342 3.9SupplierUrbane Feminine Women Dresses₹342 4.216 ReviewsComfy Ravishing Women Dresses₹342 3.9Supplier+4 MoreTrendy Fashionable Sarees₹268 3.916505 ReviewsTrendy Ravishing Women Dresses₹385₹3942% off3.4Supplier+7 MoreAagyeyi Attractive Sarees₹305₹3246% off4.013155 ReviewsClassy Ravishing Women Dresses₹342 3.612 ReviewsEdible Oils & Ghee Combo₹327₹3455% off3.04 ReviewsStylish Graceful Women Dresses₹349₹3572% off3.4Supplier+8 MoreAishani Sensational Sarees₹361 3.95370 ReviewsComfy Partywear Women Dresses₹363 4.31109 ReviewsClassic Latest Women Dresses₹342 3.9SupplierPretty Partywear Women Dresses₹388₹3952% off3.4Supplier+2 MoreGinger Masala Tea₹189₹1943% offFancy Sensational Women Dresses₹342 3.99 Reviews Everyday Face Epillators₹343 3.9Supplier+5 MoreComfy Sensational Women Dresses₹393 4.1180 ReviewsClassy Retro Women Dresses₹342 4.04 Reviews","XXL (Bust Size : 44 in, Length Size: 50 in)","Fabric : Lycra","Sleeve Length : Sleeveless","Pattern : Printed","","Floral Printed Long Maxi Dress for Women Trendy Bodycon Fit Long Dress for Party & Outing Sleeveless Long Maxi Gown","Home

Women

Women Western Wear

Women Dresses","Floral Printed Long Maxi Dress for Women Trendy Bodycon Fit Long Dress for Party & Outing Sleeveless Long Maxi Gown","₹342","₹342","XS

S

M

L

XL

XXL","View Shop","ST FABTEX","3.9","43","43Products","28,165 Ratings","CHECK","Dispatch in 0 day","Product Ratings & Reviews3.915  Ratings,10  ReviewsPoor1Average1Good3Very Good3Excellent7Suhana5.0Posted on 1 Oct 2026So good 👍😊Helpful (0)Barsha Mitra5.0Posted on 28 Sep 2026Very good 😊Helpful (0)View all reviews  Lowest PriceCash on DeliveryCreator-Exclusive
  14 Days Returns","Lowest Price

Cash on Delivery

Creator-Exclusive
  14 Days Returns","People also viewed","","","","","15 Ratings, 10 Reviews","","","","","https://www.meesho.com/assets/svgicons/meeshoLogo.svg","https://images.meesho.com/images/products/1077371275/nh5co_512.webp?width=64
https://images.meesho.com/images/products/1077371275/g7oyz_512.webp?width=64
https://images.meesho.com/images/products/1077371275/dyajq_512.webp?width=64
https://images.meesho.com/images/products/1077371275/eqbtf_512.webp?width=64","https://images.meesho.com/images/products/1077371275/nh5co_512.webp?width=64","https://images.meesho.com/images/products/1077371275/nh5co_128.webp?width=128","https://images.meesho.com/images/products/1077090248/dalsx_512.webp?width=360
https://images.meesho.com/images/products/1090223387/iwxnn_512.webp?width=360
https://images.meesho.com/images/products/1093981516/evwjv_512.webp?width=360
https://images.meesho.com/images/products/1077081816/krufl_512.webp?width=360
https://images.meesho.com/images/products/1093992026/54jat_512.webp?width=360","https://images.meesho.com/images/products/1042435920/k6ayt_512.webp?width=360
https://images.meesho.com/images/products/324343287/twseg_512.webp?width=360
https://images.meesho.com/images/products/751914565/0bjiz_512.webp?width=360
https://images.meesho.com/images/products/1094010751/obeer_512.webp?width=360
https://images.meesho.com/images/products/1088175008/ljfne_512.webp?width=360","https://images.meesho.com/images/products/1042021427/2pn4o_512.webp?width=360
https://images.meesho.com/images/products/1077426385/zyvve_512.webp?width=360
https://images.meesho.com/images/products/1084635201/afiue_512.webp?width=360
https://images.meesho.com/images/products/1060787135/cha8h_512.webp?width=360
https://images.meesho.com/images/products/1090241867/7cbgp_512.webp?width=360"
"1791001557-14","https://www.meesho.com/elegant-printed-square-neck-bodycon-dress-with-wide-straps-and-frill-details-perfect-for-springsummerfall-ideal-for-dates-parties-beach-vacations/p/cfo4zp","₹384","₹342","₹537","Trendy Feminine Women Dresses","Comfy Partywear Women Dresses","4.1","Classic Elegant Women Dresses","2606 Reviews","75 Reviews","","1341 Reviews","","+2 More","","","4.3","","","https://images.meesho.com/images/products/642565629/7omhc_512.webp?width=360","https://images.meesho.com/images/products/1075358200/tbvvy_512.webp?width=360","https://images.meesho.com/images/products/318952702/hsbpn_512.webp?width=360","","","","https://www.meesho.com/assets/svgicons/mtrusted.svg","https://www.meesho.com/assets/svgicons/star.svg","","https://www.meesho.com/assets/svgicons/star.svg","Trendy Feminine Women Dresses₹384 4.12606 Reviews","https://www.meesho.com/new-woman-squre-nack-desing-puff-sleeve-maxi-drees/p/amket9","Become a Supplier","Become a SupplierInvestor RelationsProfileCart2Top BrandsShimla ApplesJewelleryMen FashionKidsFootwearBeauty & Personal CareGroceryElectronicsInnerwear & NightwearKitchen & AppliancesBags & LuggageHealthcareStationery & Office SuppliesBike & CarFurnitureAll SareesGeorgette SareesChiffon SareesCotton SareesNet SareesSilk SareesNew CollectionBridal SareesAll KurtisAnarkali KurtisRayon KurtisCotton KurtisStraight KurtisLong KurtisAll Kurta SetsKurta Palazzo SetsKurta Pant SetsSharara SetsAnarkali Kurta SetsCotton Kurta SetsAll Dupatta SetsCotton SetsRayon SetsAll Dress MaterialsPakistani Dress MaterialsCotton Dress MaterialsPatiala Dress MaterialsBanarasi Dress MaterialsParty Wear Dress MaterialsAll LehengasShoppers FavouriteTrending LehengasAll BlousesShoppers FavouriteTrending BlousesAll GownsShoppers FavouriteTrending GownsEthnic Skirts & BottomwearEthnic Jackets & ShrugsIslamic FashionPetticoatsBlouse PiecesDupattasAll TopwearTops & TunicsDressesT-shirtsGownsTops & Bottom SetsShirtsJumpsuitsNew TrendsAll BottomwearJeans & JeggingsPalazzosTrousers & PantsLeggingsShorts & SkirtsJacketsSweatshirtsSweatersCapes, Shrug & PonchosCoatsBlazers & WaistcoatsPlus Size - Dresses & GownsPlus Size - Tops & TeesPlus size - BottomwearWomen BraWomen PantiesOther InnerwearWomen NightsuitsWomen NightdressOther SleepwearSports BottomwearSports BraTop & Bottom SetsKurti & TopwearFeeding BrasBriefs & BottomwearSummer T-ShirtsShirtsT-Shirts CombosJeansCargos/TrousersDhotis/LungisKurtasKurta SetsNehru JacketVestsBriefsBoxersTrackpantsTracksuitsGym TshirtsPyjamasNight ShortsNightsuitsShrugsJacketsSweatshirtsRakhi SpecialsShirts ComboInnerwear ComboAll AccessoriesWatchesWalletsJewellerySunglasses & Spectacle FramesBeltsMen FootwearMen Casual ShoesMen Sports ShoesMen Flip Flops and SandalsMen Formal ShoesLoafersGirlsBoysBabiesClothing SetsFrocks & DressesT-Shirt & PolosToys & GamesSummer PicksBest SellersBaby GearsBags & BackpacksKids AccessoriesParty ItemsView AllBaby Bedding & AccessoriesNewborn CareDiapersBaby Mosquito netsBaby Dry SheetsView AllCoversKey HoldersArtificial PlantsPooja NeedsParty SuppliesWallpapers & StickersShowpieces & IdolsClocks & Wall DecorView AllStorage & OrganizersCookwareKitchen ToolsKitchen AppliancesDinnerwareGlasses & BarwareKitchen LinenHome AppliancesView AllBedsheetsCurtains & AccessoriesDoormats & CarpetsPillow, Cushion & CoversBlankets & ComfortersAll Home EssentialsBathroom AccessoriesCleaning SuppliesGardeningHome ToolsInsect ProtectionShoe RacksStudy TablesCollapsible WardrobesWall ShelvesHome TempleHammock SwingLipstickEye Shadow and LinerFace MakeupMakeup Kits & CombosHair CurlersNail MakeupBrushes & AccessoriesHair RemovalPerfumes & MoreView AllBody LotionHair Oil & ShampooWhitening CreamsStraighteners & DryersFace Oil & SerumFace WashFace Masks & PeelsSoaps & ScrubsView AllOral CareWinter HealthcareEar CleanerHealth Monitor & MassagersFoot careSexual WellnessAyurveda & NutritionSanitary Pads & MoreView AllBaby Care EssentialsMom CareTrimmersBeard OilMen Perfumes & DeodorantHair Gels, Wax & SprayMen's Face & Body CareBudget Grooming KitsAll JewelleryJewellery SetsEarringsMangalsutrasNecklaces & ChainsBangles & BraceletsAnklets & NosepinsKamarbandh & MaangtikaAll AccessoriesMen WatchesWalletsMen JewellerySunglasses & Spectacle FramesBeltsAll AccessoriesWomen WatchesHair AccessoriesWomen BeltsSunglasses & Spectacle FramesScarves, Stoles & GlovesView AllHeels and SandalsFlatsBootsFlipflops & SlippersBellies and BallerinasView AllMen Casual ShoesMen Sports ShoesMen Flip Flops and SandalsMen Formal ShoesLoafersView AllBoys ShoesGirls ShoesCasual ShoesFlipflops & SlippersSandalsView AllBackpacksHandbagsSlingbagsWalletsClutchesBackpacksWaist BagsCrossbody Bags & Sling BagsView AllDuffel & Trolley BagsLaptop & Messenger BagsNeckbandSpeakersCases & CoversBluetooth EarbudsWired EarphoneMobile HoldersMobile Chargers & CablesPower BanksMicrophoneSelfie Stick & RinglightTripod & MonopodExtension CordScreen Expanders & MagnifiersView AllAnalog WatchesDigital WatchesSport WatchesCouple WatchBands & BoxesView AllView AllSweat BeltsExercise BandsTummy TrimmersSkipping RopesHand Grip StrengthenerYogaFitness AccessoriesFitness GearsCricketCycles & AccessoriesSkatingFootballBadmintonVolleyballFishingSwimmingView AllBike LED LightsBike CoversBike AccessoriesSafety Gear & ClothingHelmetsScooty & Activa AccessoriesInterior AccessoriesCar Care & CleaningCar Repair AssistanceCar Mobile & HoldersCar CoversCar Exterior AccessoriesView AllPens & PencilsDiaries & NotebooksArt & Craft SuppliesFiles & Desks OrganizersAdhesives & TapesDry FruitsMasala and spicesSnacks and NamkeensPicklesChocolates & CandiesBiscuit and cookiesCoffeeTeaView AllChildren's BooksMotivational BooksNovelsReligious BooksEconomics & CommerceView All BooksUPSC & Central Exam PreparationCompetitive Exams PreparationReference BooksSchool Textbooks & GuidesUniversity Books & GuidesAll Academic BooksCollars & LeashesClothes & GroomingFood & TreatsAquarium AccessoriesPet ToysPet BowlsDholaks & Drum setsPiano & KeyboardString InstrumentsWind InstrumentsMusical AccessoriesAll Musical InstrumentsPopularKurti, Saree & LehengaWomen WesternLingerieMenKids & ToysHome & KitchenBeauty & HealthJewellery & AccessoriesBags & FootwearElectronicsWatchesSports & FitnessCar & MotorbikeOffice Supplies & StationeryGroceryBooksPet SuppliesMusical InstrumentsFeatured On MeeshoTop BrandsShimla ApplesAll PopularJewelleryMen FashionKidsFootwearBeauty & Personal CareGroceryElectronicsInnerwear & NightwearKitchen & AppliancesBags & LuggageHealthcareStationery & Office SuppliesBike & CarFurnitureSareesAll SareesGeorgette SareesChiffon SareesCotton SareesNet SareesSilk SareesNew CollectionBridal SareesKurtisAll KurtisAnarkali KurtisRayon KurtisCotton KurtisStraight KurtisLong KurtisKurta SetsAll Kurta SetsKurta Palazzo SetsKurta Pant SetsSharara SetsAnarkali Kurta SetsCotton Kurta SetsDupatta SetsAll Dupatta SetsCotton SetsRayon SetsSuits & Dress MaterialAll Dress MaterialsPakistani Dress MaterialsCotton Dress MaterialsPatiala Dress MaterialsBanarasi Dress MaterialsParty Wear Dress MaterialsLehengasAll LehengasShoppers FavouriteTrending LehengasBlousesAll BlousesShoppers FavouriteTrending BlousesGownsAll GownsShoppers FavouriteTrending GownsOther Ethnic WearEthnic Skirts & BottomwearEthnic Jackets & ShrugsIslamic FashionPetticoatsBlouse PiecesDupattasTopwearAll TopwearTops & TunicsDressesT-shirtsGownsTops & Bottom SetsShirtsJumpsuitsNew TrendsBottom WearAll BottomwearJeans & JeggingsPalazzosTrousers & PantsLeggingsShorts & SkirtsWinterwearJacketsSweatshirtsSweatersCapes, Shrug & PonchosCoatsBlazers & WaistcoatsPlus SizePlus Size - Dresses & GownsPlus Size - Tops & TeesPlus size - BottomwearInnerwearWomen BraWomen PantiesOther InnerwearSleepwearWomen NightsuitsWomen NightdressOther SleepwearSports WearSports BottomwearSports BraTop & Bottom SetsMaternity WearKurti & TopwearFeeding BrasBriefs & BottomwearTop WearSummer T-ShirtsShirtsT-Shirts CombosBottom WearJeansCargos/TrousersDhotis/LungisEthnic WearKurtasKurta SetsNehru JacketInnerwearVestsBriefsBoxersSports WearTrackpantsTracksuitsGym TshirtsNight WearPyjamasNight ShortsNightsuitsWinter WearShrugsJacketsSweatshirtsCombo StoreRakhi SpecialsShirts ComboInnerwear ComboAccessoriesAll AccessoriesWatchesWalletsJewellerySunglasses & Spectacle FramesBeltsFootwearMen FootwearMen Casual ShoesMen Sports ShoesMen Flip Flops and SandalsMen Formal ShoesLoafersKids ClothingGirlsBoysBabiesClothing SetsFrocks & DressesT-Shirt & PolosKids ToysToys & GamesSummer PicksBest SellersBaby GearsKids AccessoriesBags & BackpacksKids AccessoriesParty ItemsBaby CareView AllBaby Bedding & AccessoriesNewborn CareDiapersBaby Mosquito netsBaby Dry SheetsHome DecorView AllCoversKey HoldersArtificial PlantsPooja NeedsParty SuppliesWallpapers & StickersShowpieces & IdolsClocks & Wall DecorKitchen & AppliancesView AllStorage & OrganizersCookwareKitchen ToolsKitchen AppliancesDinnerwareGlasses & BarwareKitchen LinenHome AppliancesHome TextilesView AllBedsheetsCurtains & AccessoriesDoormats & CarpetsPillow, Cushion & CoversBlankets & ComfortersHome ImprovementAll Home EssentialsBathroom AccessoriesCleaning SuppliesGardeningHome ToolsInsect ProtectionFurnitureShoe RacksStudy TablesCollapsible WardrobesWall ShelvesHome TempleHammock SwingMakeupLipstickEye Shadow and LinerFace MakeupMakeup Kits & CombosHair CurlersNail MakeupBrushes & AccessoriesHair RemovalPerfumes & MorePersonal CareView AllBody LotionHair Oil & ShampooWhitening CreamsStraighteners & DryersFace Oil & SerumFace WashFace Masks & PeelsSoaps & ScrubsHealthcareView AllOral CareWinter HealthcareEar CleanerHealth Monitor & MassagersFoot careSexual WellnessAyurveda & NutritionSanitary Pads & MoreBaby & MomView AllBaby Care EssentialsMom CareMens CareTrimmersBeard OilMen Perfumes & DeodorantHair Gels, Wax & SprayMen's Face & Body CareBudget Grooming KitsJewelleryAll JewelleryJewellery SetsEarringsMangalsutrasNecklaces & ChainsBangles & BraceletsAnklets & NosepinsKamarbandh & MaangtikaMen AccessoriesAll AccessoriesMen WatchesWalletsMen JewellerySunglasses & Spectacle FramesBeltsWomen AccessoriesAll AccessoriesWomen WatchesHair AccessoriesWomen BeltsSunglasses & Spectacle FramesScarves, Stoles & GlovesWomen FootwearView AllHeels and SandalsFlatsBootsFlipflops & SlippersBellies and BallerinasMen FootwearView AllMen Casual ShoesMen Sports ShoesMen Flip Flops and SandalsMen Formal ShoesLoafersKids FootwearView AllBoys ShoesGirls ShoesCasual ShoesFlipflops & SlippersSandalsWomen BagsView AllBackpacksHandbagsSlingbagsWalletsClutchesMen BagsBackpacksWaist BagsCrossbody Bags & Sling BagsTravel Bags, Luggage and AccessoriesView AllDuffel & Trolley BagsLaptop & Messenger BagsAudio & MobilesNeckbandSpeakersCases & CoversBluetooth EarbudsWired EarphoneAccessoriesMobile HoldersMobile Chargers & CablesPower BanksMicrophoneSelfie Stick & RinglightTripod & MonopodExtension CordScreen Expanders & MagnifiersView AllwatchesAnalog WatchesDigital WatchesSport WatchesCouple WatchBands & BoxesView AllFitnessView AllSweat BeltsExercise BandsTummy TrimmersSkipping RopesHand Grip StrengthenerYogaFitness AccessoriesFitness GearsSportsCricketCycles & AccessoriesSkatingFootballBadmintonVolleyballFishingSwimmingView AllBike & Scooty AccessoriesBike LED LightsBike CoversBike AccessoriesSafety Gear & ClothingHelmetsScooty & Activa AccessoriesCar AccessoriesInterior AccessoriesCar Care & CleaningCar Repair AssistanceCar Mobile & HoldersCar CoversCar Exterior AccessoriesOffice Supplies & StationeryView AllPens & PencilsDiaries & NotebooksArt & Craft SuppliesFiles & Desks OrganizersAdhesives & TapesFood & DrinksDry FruitsMasala and spicesSnacks and NamkeensPicklesChocolates & CandiesBiscuit and cookiesCoffeeTeaView AllFiction & Non FictionChildren's BooksMotivational BooksNovelsReligious BooksEconomics & CommerceView All BooksAcademic BooksUPSC & Central Exam PreparationCompetitive Exams PreparationReference BooksSchool Textbooks & GuidesUniversity Books & GuidesAll Academic BooksPet SuppliesCollars & LeashesClothes & GroomingFood & TreatsAquarium AccessoriesPet ToysPet BowlsMusical InstrumentsDholaks & Drum setsPiano & KeyboardString InstrumentsWind InstrumentsMusical AccessoriesAll Musical InstrumentsHomeWomenWomen Western WearWomen DressesNEW woman squre NACK desing puff sleeve maxi DREESAdd to CartBuy Now1 Similar ProductsNEW woman squre NACK desing puff sleeve maxi DREES₹3844.12606 Ratings, 1077 ReviewsSelect SizeXSSMLXLXXLProduct HighlightsCOPYColorWhiteFabricLycraFit/ ShapeFit and FlareLengthMaxiAdditional DetailsNeckRound NeckPrint or Pattern TypeFloralSurface StylingPleated or GatheredOcassionCasualSleeve LengthThree-Quarter SleevesSleeve StylingRegularPatternPrintedNet Quantity (N)1Add OnNo Add onCharacterNot ApplicableTYPEOne PieceGeneric NameDressesCountry of OriginIndiaMore InformationProduct DetailsName : NEW woman squre NACK desing puff sleeve maxi DREESFabric : LycraSleeve Length : Three-Quarter SleevesPattern : PrintedNet Quantity (N) : 1Sizes :  XS (Bust Size : 34 in, Length Size: 45 in)S (Bust Size : 36 in, Length Size: 45 in)M (Bust Size : 38 in, Length Size: 47 in)L (Bust Size : 40 in, Length Size: 47 in)XL (Bust Size : 42 in, Length Size: 49 in)XXL (Bust Size : 44 in, Length Size: 49 in) Country of Origin : IndiaMore InformationSold ByMAHALAXMI_FASHIONView Shop4.033,820 Ratings14ProductsCheck Delivery Date  Enter Delivery PincodeCHECK Enter Pincode for Estimated Delivery DateDispatch in 1 dayProduct Ratings & Reviews4.12606  Ratings,1077  ReviewsPoor198Average93Good283Very Good528Excellent1504Manjot Kaur5.0Posted on 13 May 2026really good quality..design anf fabric was good..truly bodycon even comfortable in summersHelpful (196)Pramit Chakraborty5.0Posted on 11 May 2026Too good my girl looked absolutely stunning 😛😛...10/10Helpful (154)View all reviews  Lowest PriceCash on DeliveryCreator-Exclusive
  14 Days ReturnsPeople also viewedTrendy Fashionista Women Dresses₹391 4.24685 ReviewsTrendy Glamorous Women Dresses₹360₹3631% off4.1857 ReviewsClassy Sensational Women Dresses₹344 4.21809 ReviewsTrendy Fashionable Women Dresses₹373 4.1560 ReviewsClassic Graceful Women Dresses₹445 4.2257 ReviewsTrendy Designer Women Dresses₹365 4.348 ReviewsStylish Latest Women Dresses₹555 4.4Supplier+2 MoreClassic Elegant Women Dresses₹537 4.31341 ReviewsComfy Fabulous Women Dresses₹365 4.185 Reviews+4 MoreTrendy Sensational Women Dresses₹424 4.33312 ReviewsPretty Fashionable Women Dresses₹559 4.1SupplierStylish Retro Women Dresses₹324 4.01018 ReviewsPretty Fabulous Women Dresses₹362 4.3SupplierComfy Fashionista Women Dresses₹417 3.9680 ReviewsStylish Glamorous Women Dresses₹555 4.1SupplierFancy Partywear Women Dresses₹570 3.9SupplierUrbane Latest Women Dresses₹464 3.81766 Reviews+4 MoreTrendy Modern Women Dresses₹361 4.42241 ReviewsUrbane Ravishing Women Dresses₹334₹3361% off3.9716 ReviewsTrendy Fashionable Women Dresses₹330₹3321% off4.11392 Reviews","XXL (Bust Size : 44 in, Length Size: 49 in)","Fabric : Lycra","Sleeve Length : Three-Quarter Sleeves","Pattern : Printed","","NEW woman squre NACK desing puff sleeve maxi DREES","Home

Women

Women Western Wear

Women Dresses","NEW woman squre NACK desing puff sleeve maxi DREES","₹384","₹384","XS

S

M

L

XL

XXL","View Shop","MAHALAXMI_FASHION","4.0","14","14Products","33,820 Ratings","CHECK","Dispatch in 1 day","Product Ratings & Reviews4.12606  Ratings,1077  ReviewsPoor198Average93Good283Very Good528Excellent1504Manjot Kaur5.0Posted on 13 May 2026really good quality..design anf fabric was good..truly bodycon even comfortable in summersHelpful (196)Pramit Chakraborty5.0Posted on 11 May 2026Too good my girl looked absolutely stunning 😛😛...10/10Helpful (154)View all reviews  Lowest PriceCash on DeliveryCreator-Exclusive
  14 Days Returns","Lowest Price

Cash on Delivery

Creator-Exclusive
  14 Days Returns","People also viewed","","","","4.1","2606 Ratings, 1077 Reviews","","","","","https://www.meesho.com/assets/svgicons/meeshoLogo.svg","https://images.meesho.com/images/products/642565629/7omhc_512.webp?width=64
https://images.meesho.com/images/products/642565629/mfhl7_512.webp?width=64
https://images.meesho.com/images/products/642565629/4jckg_512.webp?width=64
https://images.meesho.com/images/products/642565629/3ufbg_512.webp?width=64","https://images.meesho.com/images/products/642565629/7omhc_512.webp?width=64","https://images.meesho.com/images/products/642565629/7omhc_128.webp?width=128","https://images.meesho.com/images/products/682813217/hbo6b_512.webp?width=360
https://images.meesho.com/images/products/658096764/pbq6b_512.webp?width=360
https://images.meesho.com/images/products/643406991/70l5a_512.webp?width=360
https://images.meesho.com/images/products/957783815/bmi65_512.webp?width=360
https://images.meesho.com/images/products/676820607/qg5kb_512.webp?width=360","https://images.meesho.com/images/products/1094987371/rzpts_512.webp?width=360
https://images.meesho.com/images/products/714513164/f1x40_512.webp?width=360
https://images.meesho.com/images/products/1099608434/4dmnp_512.webp?width=360
https://images.meesho.com/images/products/918498561/ak4f6_512.webp?width=360
https://images.meesho.com/images/products/1095077987/qmgjl_512.webp?width=360","https://images.meesho.com/images/products/1099321330/jbfu7_512.webp?width=360
https://images.meesho.com/images/products/788920545/9udz9_512.webp?width=360
https://images.meesho.com/images/products/982074239/w7fi1_512.webp?width=360
https://images.meesho.com/images/products/646368491/evogw_512.webp?width=360
https://images.meesho.com/images/products/631725611/k0bmb_512.webp?width=360"
