index,title,price,category,mood,image_url,rendered_pin_path,prompt,status
1,Trendy Fashionista Women Dresses,₹391,🌟 High-Fashion Statement Outfit,Sultry Aesthetic Mirror Glance,https://images.meesho.com/images/products/682813217/hbo6b_512.webp?width=512,D:\affi;ate\trend-earning-system\photoshoot_pinterest_engine\rendered_posts\PIN_001_trendy_fashionista.jpg,"Authentic raw 8K photoshoot of the exact same 21-year-old young Indian creator (youthful soft-oval face shape with delicate jawline, smooth glowing warm honey skin, expressive almond honey-brown eyes with tightline, delicate straight nose, plump soft rose-pink lips, signature crisp round black bindi centered precisely above eyebrows, voluminous dark espresso black wavy hair with wispy curtain strands, traditional silver oxidised bell-shaped jhumkas and stacked silver bangles) wearing the stylish Trendy Fashionista Women Dresses in premium Lycra. Facial Expression: sultry relaxed gaze looking into mirror reflection through long dark eyelashes, subtle parted lips with natural rose sheen. Pose & Camera: Mirror Selfie Outfit Check — full-length iPhone mirror selfie holding phone in front with aesthetic case, slight hip pop showcasing body contour and waist fit in a chic studio setting with natural golden hour lighting. Lighting: Warm ambient bedroom glow with soft mirror flash highlights. Shot on Hasselblad 50mm / iPhone 16 Pro, authentic 35mm film grain, hyper-realistic fabric drape and texture, 8K ultra-detailed, zero CGI smooth plastic skin.",SUCCESS
2,Trendy Fashionista Women Dresses,₹391,🌟 High-Fashion Statement Outfit,Regal Ethnic Grace,https://images.meesho.com/images/products/671660351/qmneo_512.webp?width=512,D:\affi;ate\trend-earning-system\photoshoot_pinterest_engine\rendered_posts\PIN_002_trendy_fashionista.jpg,"Authentic raw 8K photoshoot of the exact same 21-year-old young Indian creator (youthful soft-oval face shape with delicate jawline, smooth glowing warm honey skin, expressive almond honey-brown eyes with tightline, delicate straight nose, plump soft rose-pink lips, signature crisp round black bindi centered precisely above eyebrows, voluminous dark espresso black wavy hair with wispy curtain strands, traditional silver oxidised bell-shaped jhumkas and stacked silver bangles) wearing the stylish Trendy Fashionista Women Dresses in premium Lycra. Facial Expression: poised regal expression with soft dignified eyes, gentle serene half-smile accentuating her signature centered black bindi. Pose & Camera: Over-The-Shoulder Turn — turning back over shoulder towards camera, highlighting back cut, halter ties, and side silhouette curvature in a chic studio setting with natural golden hour lighting. Lighting: Golden hour sunlight streaming through traditional jharokha courtyard. Shot on Hasselblad 50mm / iPhone 16 Pro, authentic 35mm film grain, hyper-realistic fabric drape and texture, 8K ultra-detailed, zero CGI smooth plastic skin.",SUCCESS
3,Trendy Fashionista Women Dresses,₹391,🌟 High-Fashion Statement Outfit,Playful Candid Smirk,https://images.meesho.com/images/products/1108204163/29isy_512.webp?width=512,D:\affi;ate\trend-earning-system\photoshoot_pinterest_engine\rendered_posts\PIN_003_trendy_fashionista.jpg,"Authentic raw 8K photoshoot of the exact same 21-year-old young Indian creator (youthful soft-oval face shape with delicate jawline, smooth glowing warm honey skin, expressive almond honey-brown eyes with tightline, delicate straight nose, plump soft rose-pink lips, signature crisp round black bindi centered precisely above eyebrows, voluminous dark espresso black wavy hair with wispy curtain strands, traditional silver oxidised bell-shaped jhumkas and stacked silver bangles) wearing the stylish Trendy Fashionista Women Dresses in premium Lycra. Facial Expression: playful flirtatious smirk with raised eyebrow, cute head-tilt making silver jhumkas sway naturally. Pose & Camera: Seated Luxury Lounge — seated casually on modern velvet armchair, legs crossed elegantly, fabric draping gracefully across the frame in a chic studio setting with natural golden hour lighting. Lighting: Bright natural high-key window daylight. Shot on Hasselblad 50mm / iPhone 16 Pro, authentic 35mm film grain, hyper-realistic fabric drape and texture, 8K ultra-detailed, zero CGI smooth plastic skin.",SUCCESS
4,Trendy Fashionista Women Dresses,₹391,🌟 High-Fashion Statement Outfit,Romantic Nostalgic Gaze,https://images.meesho.com/images/products/682813217/lmheb_512.webp?width=512,D:\affi;ate\trend-earning-system\photoshoot_pinterest_engine\rendered_posts\PIN_004_trendy_fashionista.jpg,"Authentic raw 8K photoshoot of the exact same 21-year-old young Indian creator (youthful soft-oval face shape with delicate jawline, smooth glowing warm honey skin, expressive almond honey-brown eyes with tightline, delicate straight nose, plump soft rose-pink lips, signature crisp round black bindi centered precisely above eyebrows, voluminous dark espresso black wavy hair with wispy curtain strands, traditional silver oxidised bell-shaped jhumkas and stacked silver bangles) wearing the stylish Trendy Fashionista Women Dresses in premium Lycra. Facial Expression: dreamy soft romantic expression, eyes catching bright natural catchlights, gentle feminine chin angle. Pose & Camera: Saree Pallu Flaunt — holding pleated pallu delicately with manicured fingers, shoulder drape highlighted with glistening stacked silver bangles in a chic studio setting with natural golden hour lighting. Lighting: Sunset warm golden hour backlight creating subtle hair rim glow. Shot on Hasselblad 50mm / iPhone 16 Pro, authentic 35mm film grain, hyper-realistic fabric drape and texture, 8K ultra-detailed, zero CGI smooth plastic skin.",SUCCESS
5,Trendy Fashionista Women Dresses,₹391,🌟 High-Fashion Statement Outfit,Confident GenZ Creator,https://images.meesho.com/images/products/682813217/fd3es_512.webp?width=512,D:\affi;ate\trend-earning-system\photoshoot_pinterest_engine\rendered_posts\PIN_005_trendy_fashionista.jpg,"Authentic raw 8K photoshoot of the exact same 21-year-old young Indian creator (youthful soft-oval face shape with delicate jawline, smooth glowing warm honey skin, expressive almond honey-brown eyes with tightline, delicate straight nose, plump soft rose-pink lips, signature crisp round black bindi centered precisely above eyebrows, voluminous dark espresso black wavy hair with wispy curtain strands, traditional silver oxidised bell-shaped jhumkas and stacked silver bangles) wearing the stylish Trendy Fashionista Women Dresses in premium Lycra. Facial Expression: modern cool girl creator expression, direct charismatic gaze, confident radiant smile with flawless natural skin texture. Pose & Camera: Medium Close-Up Detail — medium 85mm portrait shot, one hand casually touching collarbone/neckline, focusing on fabric texture and earring sparkle in a chic studio setting with natural golden hour lighting. Lighting: Clean crisp ring-light fill mixed with natural soft room daylight. Shot on Hasselblad 50mm / iPhone 16 Pro, authentic 35mm film grain, hyper-realistic fabric drape and texture, 8K ultra-detailed, zero CGI smooth plastic skin.",SUCCESS
6,Trendy Fashionista Women Dresses,₹391,🌟 High-Fashion Statement Outfit,Fierce Editorial Stare,https://images.meesho.com/images/products/682813217/umard_512.webp?width=512,D:\affi;ate\trend-earning-system\photoshoot_pinterest_engine\rendered_posts\PIN_006_trendy_fashionista.jpg,"Authentic raw 8K photoshoot of the exact same 21-year-old young Indian creator (youthful soft-oval face shape with delicate jawline, smooth glowing warm honey skin, expressive almond honey-brown eyes with tightline, delicate straight nose, plump soft rose-pink lips, signature crisp round black bindi centered precisely above eyebrows, voluminous dark espresso black wavy hair with wispy curtain strands, traditional silver oxidised bell-shaped jhumkas and stacked silver bangles) wearing the stylish Trendy Fashionista Women Dresses in premium Lycra. Facial Expression: intense high-fashion editorial eye contact, relaxed lips with effortless confidence, sharp defined jawline angle. Pose & Camera: Full-Length Runway Strut — full-body walking perspective, one foot forward showing garment movement and flow, hands casually grazing outfit hem in a chic studio setting with natural golden hour lighting. Lighting: Dramatic directional studio key light with subtle shadow contouring. Shot on Hasselblad 50mm / iPhone 16 Pro, authentic 35mm film grain, hyper-realistic fabric drape and texture, 8K ultra-detailed, zero CGI smooth plastic skin.",SUCCESS
7,Trendy Fashionista Women Dresses,₹391,🌟 High-Fashion Statement Outfit,Sultry Aesthetic Mirror Glance,https://images.meesho.com/images/products/682813217/hbo6b_128.webp?width=512,D:\affi;ate\trend-earning-system\photoshoot_pinterest_engine\rendered_posts\PIN_007_trendy_fashionista.jpg,"Authentic raw 8K photoshoot of the exact same 21-year-old young Indian creator (youthful soft-oval face shape with delicate jawline, smooth glowing warm honey skin, expressive almond honey-brown eyes with tightline, delicate straight nose, plump soft rose-pink lips, signature crisp round black bindi centered precisely above eyebrows, voluminous dark espresso black wavy hair with wispy curtain strands, traditional silver oxidised bell-shaped jhumkas and stacked silver bangles) wearing the stylish Trendy Fashionista Women Dresses in premium Lycra. Facial Expression: sultry relaxed gaze looking into mirror reflection through long dark eyelashes, subtle parted lips with natural rose sheen. Pose & Camera: Mirror Selfie Outfit Check — full-length iPhone mirror selfie holding phone in front with aesthetic case, slight hip pop showcasing body contour and waist fit in a chic studio setting with natural golden hour lighting. Lighting: Warm ambient bedroom glow with soft mirror flash highlights. Shot on Hasselblad 50mm / iPhone 16 Pro, authentic 35mm film grain, hyper-realistic fabric drape and texture, 8K ultra-detailed, zero CGI smooth plastic skin.",SUCCESS
8,Trendy Fashionista Women Dresses,₹391,🌟 High-Fashion Statement Outfit,Regal Ethnic Grace,https://images.meesho.com/images/products/642565629/7omhc_512.webp?width=512,D:\affi;ate\trend-earning-system\photoshoot_pinterest_engine\rendered_posts\PIN_008_trendy_fashionista.jpg,"Authentic raw 8K photoshoot of the exact same 21-year-old young Indian creator (youthful soft-oval face shape with delicate jawline, smooth glowing warm honey skin, expressive almond honey-brown eyes with tightline, delicate straight nose, plump soft rose-pink lips, signature crisp round black bindi centered precisely above eyebrows, voluminous dark espresso black wavy hair with wispy curtain strands, traditional silver oxidised bell-shaped jhumkas and stacked silver bangles) wearing the stylish Trendy Fashionista Women Dresses in premium Lycra. Facial Expression: poised regal expression with soft dignified eyes, gentle serene half-smile accentuating her signature centered black bindi. Pose & Camera: Over-The-Shoulder Turn — turning back over shoulder towards camera, highlighting back cut, halter ties, and side silhouette curvature in a chic studio setting with natural golden hour lighting. Lighting: Golden hour sunlight streaming through traditional jharokha courtyard. Shot on Hasselblad 50mm / iPhone 16 Pro, authentic 35mm film grain, hyper-realistic fabric drape and texture, 8K ultra-detailed, zero CGI smooth plastic skin.",SUCCESS
9,Trendy Fashionista Women Dresses,₹391,🌟 High-Fashion Statement Outfit,Playful Candid Smirk,https://images.meesho.com/images/products/957783815/bmi65_512.webp?width=512,D:\affi;ate\trend-earning-system\photoshoot_pinterest_engine\rendered_posts\PIN_009_trendy_fashionista.jpg,"Authentic raw 8K photoshoot of the exact same 21-year-old young Indian creator (youthful soft-oval face shape with delicate jawline, smooth glowing warm honey skin, expressive almond honey-brown eyes with tightline, delicate straight nose, plump soft rose-pink lips, signature crisp round black bindi centered precisely above eyebrows, voluminous dark espresso black wavy hair with wispy curtain strands, traditional silver oxidised bell-shaped jhumkas and stacked silver bangles) wearing the stylish Trendy Fashionista Women Dresses in premium Lycra. Facial Expression: playful flirtatious smirk with raised eyebrow, cute head-tilt making silver jhumkas sway naturally. Pose & Camera: Seated Luxury Lounge — seated casually on modern velvet armchair, legs crossed elegantly, fabric draping gracefully across the frame in a chic studio setting with natural golden hour lighting. Lighting: Bright natural high-key window daylight. Shot on Hasselblad 50mm / iPhone 16 Pro, authentic 35mm film grain, hyper-realistic fabric drape and texture, 8K ultra-detailed, zero CGI smooth plastic skin.",SUCCESS
10,Trendy Fashionista Women Dresses,₹391,🌟 High-Fashion Statement Outfit,Romantic Nostalgic Gaze,https://images.meesho.com/images/products/585441965/p2lln_512.webp?width=512,D:\affi;ate\trend-earning-system\photoshoot_pinterest_engine\rendered_posts\PIN_010_trendy_fashionista.jpg,"Authentic raw 8K photoshoot of the exact same 21-year-old young Indian creator (youthful soft-oval face shape with delicate jawline, smooth glowing warm honey skin, expressive almond honey-brown eyes with tightline, delicate straight nose, plump soft rose-pink lips, signature crisp round black bindi centered precisely above eyebrows, voluminous dark espresso black wavy hair with wispy curtain strands, traditional silver oxidised bell-shaped jhumkas and stacked silver bangles) wearing the stylish Trendy Fashionista Women Dresses in premium Lycra. Facial Expression: dreamy soft romantic expression, eyes catching bright natural catchlights, gentle feminine chin angle. Pose & Camera: Saree Pallu Flaunt — holding pleated pallu delicately with manicured fingers, shoulder drape highlighted with glistening stacked silver bangles in a chic studio setting with natural golden hour lighting. Lighting: Sunset warm golden hour backlight creating subtle hair rim glow. Shot on Hasselblad 50mm / iPhone 16 Pro, authentic 35mm film grain, hyper-realistic fabric drape and texture, 8K ultra-detailed, zero CGI smooth plastic skin.",SUCCESS
11,Trendy Fashionista Women Dresses,₹391,🌟 High-Fashion Statement Outfit,Confident GenZ Creator,https://images.meesho.com/images/products/682756698/5olrf_512.webp?width=512,D:\affi;ate\trend-earning-system\photoshoot_pinterest_engine\rendered_posts\PIN_011_trendy_fashionista.jpg,"Authentic raw 8K photoshoot of the exact same 21-year-old young Indian creator (youthful soft-oval face shape with delicate jawline, smooth glowing warm honey skin, expressive almond honey-brown eyes with tightline, delicate straight nose, plump soft rose-pink lips, signature crisp round black bindi centered precisely above eyebrows, voluminous dark espresso black wavy hair with wispy curtain strands, traditional silver oxidised bell-shaped jhumkas and stacked silver bangles) wearing the stylish Trendy Fashionista Women Dresses in premium Lycra. Facial Expression: modern cool girl creator expression, direct charismatic gaze, confident radiant smile with flawless natural skin texture. Pose & Camera: Medium Close-Up Detail — medium 85mm portrait shot, one hand casually touching collarbone/neckline, focusing on fabric texture and earring sparkle in a chic studio setting with natural golden hour lighting. Lighting: Clean crisp ring-light fill mixed with natural soft room daylight. Shot on Hasselblad 50mm / iPhone 16 Pro, authentic 35mm film grain, hyper-realistic fabric drape and texture, 8K ultra-detailed, zero CGI smooth plastic skin.",SUCCESS
12,Trendy Fashionista Women Dresses,₹391,🌟 High-Fashion Statement Outfit,Fierce Editorial Stare,https://images.meesho.com/images/products/918498561/ak4f6_512.webp?width=512,D:\affi;ate\trend-earning-system\photoshoot_pinterest_engine\rendered_posts\PIN_012_trendy_fashionista.jpg,"Authentic raw 8K photoshoot of the exact same 21-year-old young Indian creator (youthful soft-oval face shape with delicate jawline, smooth glowing warm honey skin, expressive almond honey-brown eyes with tightline, delicate straight nose, plump soft rose-pink lips, signature crisp round black bindi centered precisely above eyebrows, voluminous dark espresso black wavy hair with wispy curtain strands, traditional silver oxidised bell-shaped jhumkas and stacked silver bangles) wearing the stylish Trendy Fashionista Women Dresses in premium Lycra. Facial Expression: intense high-fashion editorial eye contact, relaxed lips with effortless confidence, sharp defined jawline angle. Pose & Camera: Full-Length Runway Strut — full-body walking perspective, one foot forward showing garment movement and flow, hands casually grazing outfit hem in a chic studio setting with natural golden hour lighting. Lighting: Dramatic directional studio key light with subtle shadow contouring. Shot on Hasselblad 50mm / iPhone 16 Pro, authentic 35mm film grain, hyper-realistic fabric drape and texture, 8K ultra-detailed, zero CGI smooth plastic skin.",SUCCESS
13,Trendy Fashionista Women Dresses,₹391,🌟 High-Fashion Statement Outfit,Sultry Aesthetic Mirror Glance,https://images.meesho.com/images/products/1095077987/qmgjl_512.webp?width=512,D:\affi;ate\trend-earning-system\photoshoot_pinterest_engine\rendered_posts\PIN_013_trendy_fashionista.jpg,"Authentic raw 8K photoshoot of the exact same 21-year-old young Indian creator (youthful soft-oval face shape with delicate jawline, smooth glowing warm honey skin, expressive almond honey-brown eyes with tightline, delicate straight nose, plump soft rose-pink lips, signature crisp round black bindi centered precisely above eyebrows, voluminous dark espresso black wavy hair with wispy curtain strands, traditional silver oxidised bell-shaped jhumkas and stacked silver bangles) wearing the stylish Trendy Fashionista Women Dresses in premium Lycra. Facial Expression: sultry relaxed gaze looking into mirror reflection through long dark eyelashes, subtle parted lips with natural rose sheen. Pose & Camera: Mirror Selfie Outfit Check — full-length iPhone mirror selfie holding phone in front with aesthetic case, slight hip pop showcasing body contour and waist fit in a chic studio setting with natural golden hour lighting. Lighting: Warm ambient bedroom glow with soft mirror flash highlights. Shot on Hasselblad 50mm / iPhone 16 Pro, authentic 35mm film grain, hyper-realistic fabric drape and texture, 8K ultra-detailed, zero CGI smooth plastic skin.",SUCCESS
14,Trendy Fashionista Women Dresses,₹391,🌟 High-Fashion Statement Outfit,Regal Ethnic Grace,https://images.meesho.com/images/products/982074239/w7fi1_512.webp?width=512,D:\affi;ate\trend-earning-system\photoshoot_pinterest_engine\rendered_posts\PIN_014_trendy_fashionista.jpg,"Authentic raw 8K photoshoot of the exact same 21-year-old young Indian creator (youthful soft-oval face shape with delicate jawline, smooth glowing warm honey skin, expressive almond honey-brown eyes with tightline, delicate straight nose, plump soft rose-pink lips, signature crisp round black bindi centered precisely above eyebrows, voluminous dark espresso black wavy hair with wispy curtain strands, traditional silver oxidised bell-shaped jhumkas and stacked silver bangles) wearing the stylish Trendy Fashionista Women Dresses in premium Lycra. Facial Expression: poised regal expression with soft dignified eyes, gentle serene half-smile accentuating her signature centered black bindi. Pose & Camera: Over-The-Shoulder Turn — turning back over shoulder towards camera, highlighting back cut, halter ties, and side silhouette curvature in a chic studio setting with natural golden hour lighting. Lighting: Golden hour sunlight streaming through traditional jharokha courtyard. Shot on Hasselblad 50mm / iPhone 16 Pro, authentic 35mm film grain, hyper-realistic fabric drape and texture, 8K ultra-detailed, zero CGI smooth plastic skin.",SUCCESS
15,Trendy Fashionista Women Dresses,₹391,🌟 High-Fashion Statement Outfit,Playful Candid Smirk,https://images.meesho.com/images/products/1070473312/f8iv0_512.webp?width=512,D:\affi;ate\trend-earning-system\photoshoot_pinterest_engine\rendered_posts\PIN_015_trendy_fashionista.jpg,"Authentic raw 8K photoshoot of the exact same 21-year-old young Indian creator (youthful soft-oval face shape with delicate jawline, smooth glowing warm honey skin, expressive almond honey-brown eyes with tightline, delicate straight nose, plump soft rose-pink lips, signature crisp round black bindi centered precisely above eyebrows, voluminous dark espresso black wavy hair with wispy curtain strands, traditional silver oxidised bell-shaped jhumkas and stacked silver bangles) wearing the stylish Trendy Fashionista Women Dresses in premium Lycra. Facial Expression: playful flirtatious smirk with raised eyebrow, cute head-tilt making silver jhumkas sway naturally. Pose & Camera: Seated Luxury Lounge — seated casually on modern velvet armchair, legs crossed elegantly, fabric draping gracefully across the frame in a chic studio setting with natural golden hour lighting. Lighting: Bright natural high-key window daylight. Shot on Hasselblad 50mm / iPhone 16 Pro, authentic 35mm film grain, hyper-realistic fabric drape and texture, 8K ultra-detailed, zero CGI smooth plastic skin.",SUCCESS
16,Trendy Fashionista Women Dresses,₹391,🌟 High-Fashion Statement Outfit,Romantic Nostalgic Gaze,https://images.meesho.com/images/products/1103870732/r22lm_512.webp?width=512,D:\affi;ate\trend-earning-system\photoshoot_pinterest_engine\rendered_posts\PIN_016_trendy_fashionista.jpg,"Authentic raw 8K photoshoot of the exact same 21-year-old young Indian creator (youthful soft-oval face shape with delicate jawline, smooth glowing warm honey skin, expressive almond honey-brown eyes with tightline, delicate straight nose, plump soft rose-pink lips, signature crisp round black bindi centered precisely above eyebrows, voluminous dark espresso black wavy hair with wispy curtain strands, traditional silver oxidised bell-shaped jhumkas and stacked silver bangles) wearing the stylish Trendy Fashionista Women Dresses in premium Lycra. Facial Expression: dreamy soft romantic expression, eyes catching bright natural catchlights, gentle feminine chin angle. Pose & Camera: Saree Pallu Flaunt — holding pleated pallu delicately with manicured fingers, shoulder drape highlighted with glistening stacked silver bangles in a chic studio setting with natural golden hour lighting. Lighting: Sunset warm golden hour backlight creating subtle hair rim glow. Shot on Hasselblad 50mm / iPhone 16 Pro, authentic 35mm film grain, hyper-realistic fabric drape and texture, 8K ultra-detailed, zero CGI smooth plastic skin.",SUCCESS
17,Trendy Fashionista Women Dresses,₹391,🌟 High-Fashion Statement Outfit,Confident GenZ Creator,https://images.meesho.com/images/products/1099608434/4dmnp_512.webp?width=512,D:\affi;ate\trend-earning-system\photoshoot_pinterest_engine\rendered_posts\PIN_017_trendy_fashionista.jpg,"Authentic raw 8K photoshoot of the exact same 21-year-old young Indian creator (youthful soft-oval face shape with delicate jawline, smooth glowing warm honey skin, expressive almond honey-brown eyes with tightline, delicate straight nose, plump soft rose-pink lips, signature crisp round black bindi centered precisely above eyebrows, voluminous dark espresso black wavy hair with wispy curtain strands, traditional silver oxidised bell-shaped jhumkas and stacked silver bangles) wearing the stylish Trendy Fashionista Women Dresses in premium Lycra. Facial Expression: modern cool girl creator expression, direct charismatic gaze, confident radiant smile with flawless natural skin texture. Pose & Camera: Medium Close-Up Detail — medium 85mm portrait shot, one hand casually touching collarbone/neckline, focusing on fabric texture and earring sparkle in a chic studio setting with natural golden hour lighting. Lighting: Clean crisp ring-light fill mixed with natural soft room daylight. Shot on Hasselblad 50mm / iPhone 16 Pro, authentic 35mm film grain, hyper-realistic fabric drape and texture, 8K ultra-detailed, zero CGI smooth plastic skin.",SUCCESS
18,Trendy Fashionista Women Dresses,₹391,🌟 High-Fashion Statement Outfit,Fierce Editorial Stare,https://images.meesho.com/images/products/1096073907/eczgv_512.webp?width=512,D:\affi;ate\trend-earning-system\photoshoot_pinterest_engine\rendered_posts\PIN_018_trendy_fashionista.jpg,"Authentic raw 8K photoshoot of the exact same 21-year-old young Indian creator (youthful soft-oval face shape with delicate jawline, smooth glowing warm honey skin, expressive almond honey-brown eyes with tightline, delicate straight nose, plump soft rose-pink lips, signature crisp round black bindi centered precisely above eyebrows, voluminous dark espresso black wavy hair with wispy curtain strands, traditional silver oxidised bell-shaped jhumkas and stacked silver bangles) wearing the stylish Trendy Fashionista Women Dresses in premium Lycra. Facial Expression: intense high-fashion editorial eye contact, relaxed lips with effortless confidence, sharp defined jawline angle. Pose & Camera: Full-Length Runway Strut — full-body walking perspective, one foot forward showing garment movement and flow, hands casually grazing outfit hem in a chic studio setting with natural golden hour lighting. Lighting: Dramatic directional studio key light with subtle shadow contouring. Shot on Hasselblad 50mm / iPhone 16 Pro, authentic 35mm film grain, hyper-realistic fabric drape and texture, 8K ultra-detailed, zero CGI smooth plastic skin.",SUCCESS
19,Trendy Fashionista Women Dresses,₹391,🌟 High-Fashion Statement Outfit,Sultry Aesthetic Mirror Glance,https://images.meesho.com/images/products/1048506333/ivzyz_512.webp?width=512,D:\affi;ate\trend-earning-system\photoshoot_pinterest_engine\rendered_posts\PIN_019_trendy_fashionista.jpg,"Authentic raw 8K photoshoot of the exact same 21-year-old young Indian creator (youthful soft-oval face shape with delicate jawline, smooth glowing warm honey skin, expressive almond honey-brown eyes with tightline, delicate straight nose, plump soft rose-pink lips, signature crisp round black bindi centered precisely above eyebrows, voluminous dark espresso black wavy hair with wispy curtain strands, traditional silver oxidised bell-shaped jhumkas and stacked silver bangles) wearing the stylish Trendy Fashionista Women Dresses in premium Lycra. Facial Expression: sultry relaxed gaze looking into mirror reflection through long dark eyelashes, subtle parted lips with natural rose sheen. Pose & Camera: Mirror Selfie Outfit Check — full-length iPhone mirror selfie holding phone in front with aesthetic case, slight hip pop showcasing body contour and waist fit in a chic studio setting with natural golden hour lighting. Lighting: Warm ambient bedroom glow with soft mirror flash highlights. Shot on Hasselblad 50mm / iPhone 16 Pro, authentic 35mm film grain, hyper-realistic fabric drape and texture, 8K ultra-detailed, zero CGI smooth plastic skin.",SUCCESS
20,Trendy Fashionista Women Dresses,₹391,🌟 High-Fashion Statement Outfit,Regal Ethnic Grace,https://images.meesho.com/images/products/1090995480/uv7lx_512.webp?width=512,D:\affi;ate\trend-earning-system\photoshoot_pinterest_engine\rendered_posts\PIN_020_trendy_fashionista.jpg,"Authentic raw 8K photoshoot of the exact same 21-year-old young Indian creator (youthful soft-oval face shape with delicate jawline, smooth glowing warm honey skin, expressive almond honey-brown eyes with tightline, delicate straight nose, plump soft rose-pink lips, signature crisp round black bindi centered precisely above eyebrows, voluminous dark espresso black wavy hair with wispy curtain strands, traditional silver oxidised bell-shaped jhumkas and stacked silver bangles) wearing the stylish Trendy Fashionista Women Dresses in premium Lycra. Facial Expression: poised regal expression with soft dignified eyes, gentle serene half-smile accentuating her signature centered black bindi. Pose & Camera: Over-The-Shoulder Turn — turning back over shoulder towards camera, highlighting back cut, halter ties, and side silhouette curvature in a chic studio setting with natural golden hour lighting. Lighting: Golden hour sunlight streaming through traditional jharokha courtyard. Shot on Hasselblad 50mm / iPhone 16 Pro, authentic 35mm film grain, hyper-realistic fabric drape and texture, 8K ultra-detailed, zero CGI smooth plastic skin.",SUCCESS
21,Trendy Fashionista Women Dresses,₹391,🌟 High-Fashion Statement Outfit,Playful Candid Smirk,https://images.meesho.com/images/products/714513164/f1x40_512.webp?width=512,D:\affi;ate\trend-earning-system\photoshoot_pinterest_engine\rendered_posts\PIN_021_trendy_fashionista.jpg,"Authentic raw 8K photoshoot of the exact same 21-year-old young Indian creator (youthful soft-oval face shape with delicate jawline, smooth glowing warm honey skin, expressive almond honey-brown eyes with tightline, delicate straight nose, plump soft rose-pink lips, signature crisp round black bindi centered precisely above eyebrows, voluminous dark espresso black wavy hair with wispy curtain strands, traditional silver oxidised bell-shaped jhumkas and stacked silver bangles) wearing the stylish Trendy Fashionista Women Dresses in premium Lycra. Facial Expression: playful flirtatious smirk with raised eyebrow, cute head-tilt making silver jhumkas sway naturally. Pose & Camera: Seated Luxury Lounge — seated casually on modern velvet armchair, legs crossed elegantly, fabric draping gracefully across the frame in a chic studio setting with natural golden hour lighting. Lighting: Bright natural high-key window daylight. Shot on Hasselblad 50mm / iPhone 16 Pro, authentic 35mm film grain, hyper-realistic fabric drape and texture, 8K ultra-detailed, zero CGI smooth plastic skin.",SUCCESS
22,Comfy Elegant Women Dresses,₹267,🌟 High-Fashion Statement Outfit,Romantic Nostalgic Gaze,https://images.meesho.com/images/products/593290236/3a3fs_512.webp?width=512,D:\affi;ate\trend-earning-system\photoshoot_pinterest_engine\rendered_posts\PIN_022_comfy_elegant_wome.jpg,"Authentic raw 8K photoshoot of the exact same 21-year-old young Indian creator (youthful soft-oval face shape with delicate jawline, smooth glowing warm honey skin, expressive almond honey-brown eyes with tightline, delicate straight nose, plump soft rose-pink lips, signature crisp round black bindi centered precisely above eyebrows, voluminous dark espresso black wavy hair with wispy curtain strands, traditional silver oxidised bell-shaped jhumkas and stacked silver bangles) wearing the stylish Comfy Elegant Women Dresses in premium Lycra. Facial Expression: dreamy soft romantic expression, eyes catching bright natural catchlights, gentle feminine chin angle. Pose & Camera: Saree Pallu Flaunt — holding pleated pallu delicately with manicured fingers, shoulder drape highlighted with glistening stacked silver bangles in a chic studio setting with natural golden hour lighting. Lighting: Sunset warm golden hour backlight creating subtle hair rim glow. Shot on Hasselblad 50mm / iPhone 16 Pro, authentic 35mm film grain, hyper-realistic fabric drape and texture, 8K ultra-detailed, zero CGI smooth plastic skin.",SUCCESS
23,Comfy Elegant Women Dresses,₹267,🌟 High-Fashion Statement Outfit,Confident GenZ Creator,https://images.meesho.com/images/products/609307262/66cq3_512.webp?width=512,D:\affi;ate\trend-earning-system\photoshoot_pinterest_engine\rendered_posts\PIN_023_comfy_elegant_wome.jpg,"Authentic raw 8K photoshoot of the exact same 21-year-old young Indian creator (youthful soft-oval face shape with delicate jawline, smooth glowing warm honey skin, expressive almond honey-brown eyes with tightline, delicate straight nose, plump soft rose-pink lips, signature crisp round black bindi centered precisely above eyebrows, voluminous dark espresso black wavy hair with wispy curtain strands, traditional silver oxidised bell-shaped jhumkas and stacked silver bangles) wearing the stylish Comfy Elegant Women Dresses in premium Lycra. Facial Expression: modern cool girl creator expression, direct charismatic gaze, confident radiant smile with flawless natural skin texture. Pose & Camera: Medium Close-Up Detail — medium 85mm portrait shot, one hand casually touching collarbone/neckline, focusing on fabric texture and earring sparkle in a chic studio setting with natural golden hour lighting. Lighting: Clean crisp ring-light fill mixed with natural soft room daylight. Shot on Hasselblad 50mm / iPhone 16 Pro, authentic 35mm film grain, hyper-realistic fabric drape and texture, 8K ultra-detailed, zero CGI smooth plastic skin.",SUCCESS
24,Comfy Elegant Women Dresses,₹267,🌟 High-Fashion Statement Outfit,Fierce Editorial Stare,https://images.meesho.com/images/products/984881990/lezbd_512.webp?width=512,D:\affi;ate\trend-earning-system\photoshoot_pinterest_engine\rendered_posts\PIN_024_comfy_elegant_wome.jpg,"Authentic raw 8K photoshoot of the exact same 21-year-old young Indian creator (youthful soft-oval face shape with delicate jawline, smooth glowing warm honey skin, expressive almond honey-brown eyes with tightline, delicate straight nose, plump soft rose-pink lips, signature crisp round black bindi centered precisely above eyebrows, voluminous dark espresso black wavy hair with wispy curtain strands, traditional silver oxidised bell-shaped jhumkas and stacked silver bangles) wearing the stylish Comfy Elegant Women Dresses in premium Lycra. Facial Expression: intense high-fashion editorial eye contact, relaxed lips with effortless confidence, sharp defined jawline angle. Pose & Camera: Full-Length Runway Strut — full-body walking perspective, one foot forward showing garment movement and flow, hands casually grazing outfit hem in a chic studio setting with natural golden hour lighting. Lighting: Dramatic directional studio key light with subtle shadow contouring. Shot on Hasselblad 50mm / iPhone 16 Pro, authentic 35mm film grain, hyper-realistic fabric drape and texture, 8K ultra-detailed, zero CGI smooth plastic skin.",SUCCESS
25,Comfy Elegant Women Dresses,₹267,🌟 High-Fashion Statement Outfit,Sultry Aesthetic Mirror Glance,https://images.meesho.com/images/products/593290236/9gfnh_512.webp?width=512,D:\affi;ate\trend-earning-system\photoshoot_pinterest_engine\rendered_posts\PIN_025_comfy_elegant_wome.jpg,"Authentic raw 8K photoshoot of the exact same 21-year-old young Indian creator (youthful soft-oval face shape with delicate jawline, smooth glowing warm honey skin, expressive almond honey-brown eyes with tightline, delicate straight nose, plump soft rose-pink lips, signature crisp round black bindi centered precisely above eyebrows, voluminous dark espresso black wavy hair with wispy curtain strands, traditional silver oxidised bell-shaped jhumkas and stacked silver bangles) wearing the stylish Comfy Elegant Women Dresses in premium Lycra. Facial Expression: sultry relaxed gaze looking into mirror reflection through long dark eyelashes, subtle parted lips with natural rose sheen. Pose & Camera: Mirror Selfie Outfit Check — full-length iPhone mirror selfie holding phone in front with aesthetic case, slight hip pop showcasing body contour and waist fit in a chic studio setting with natural golden hour lighting. Lighting: Warm ambient bedroom glow with soft mirror flash highlights. Shot on Hasselblad 50mm / iPhone 16 Pro, authentic 35mm film grain, hyper-realistic fabric drape and texture, 8K ultra-detailed, zero CGI smooth plastic skin.",SUCCESS
26,Comfy Elegant Women Dresses,₹267,🌟 High-Fashion Statement Outfit,Regal Ethnic Grace,https://images.meesho.com/images/products/593290236/nkpui_512.webp?width=512,D:\affi;ate\trend-earning-system\photoshoot_pinterest_engine\rendered_posts\PIN_026_comfy_elegant_wome.jpg,"Authentic raw 8K photoshoot of the exact same 21-year-old young Indian creator (youthful soft-oval face shape with delicate jawline, smooth glowing warm honey skin, expressive almond honey-brown eyes with tightline, delicate straight nose, plump soft rose-pink lips, signature crisp round black bindi centered precisely above eyebrows, voluminous dark espresso black wavy hair with wispy curtain strands, traditional silver oxidised bell-shaped jhumkas and stacked silver bangles) wearing the stylish Comfy Elegant Women Dresses in premium Lycra. Facial Expression: poised regal expression with soft dignified eyes, gentle serene half-smile accentuating her signature centered black bindi. Pose & Camera: Over-The-Shoulder Turn — turning back over shoulder towards camera, highlighting back cut, halter ties, and side silhouette curvature in a chic studio setting with natural golden hour lighting. Lighting: Golden hour sunlight streaming through traditional jharokha courtyard. Shot on Hasselblad 50mm / iPhone 16 Pro, authentic 35mm film grain, hyper-realistic fabric drape and texture, 8K ultra-detailed, zero CGI smooth plastic skin.",SUCCESS
27,Comfy Elegant Women Dresses,₹267,🌟 High-Fashion Statement Outfit,Playful Candid Smirk,https://images.meesho.com/images/products/593290236/3a3fs_128.webp?width=512,D:\affi;ate\trend-earning-system\photoshoot_pinterest_engine\rendered_posts\PIN_027_comfy_elegant_wome.jpg,"Authentic raw 8K photoshoot of the exact same 21-year-old young Indian creator (youthful soft-oval face shape with delicate jawline, smooth glowing warm honey skin, expressive almond honey-brown eyes with tightline, delicate straight nose, plump soft rose-pink lips, signature crisp round black bindi centered precisely above eyebrows, voluminous dark espresso black wavy hair with wispy curtain strands, traditional silver oxidised bell-shaped jhumkas and stacked silver bangles) wearing the stylish Comfy Elegant Women Dresses in premium Lycra. Facial Expression: playful flirtatious smirk with raised eyebrow, cute head-tilt making silver jhumkas sway naturally. Pose & Camera: Seated Luxury Lounge — seated casually on modern velvet armchair, legs crossed elegantly, fabric draping gracefully across the frame in a chic studio setting with natural golden hour lighting. Lighting: Bright natural high-key window daylight. Shot on Hasselblad 50mm / iPhone 16 Pro, authentic 35mm film grain, hyper-realistic fabric drape and texture, 8K ultra-detailed, zero CGI smooth plastic skin.",SUCCESS
28,Comfy Elegant Women Dresses,₹267,🌟 High-Fashion Statement Outfit,Romantic Nostalgic Gaze,https://images.meesho.com/images/products/1060787135/cha8h_512.webp?width=512,D:\affi;ate\trend-earning-system\photoshoot_pinterest_engine\rendered_posts\PIN_028_comfy_elegant_wome.jpg,"Authentic raw 8K photoshoot of the exact same 21-year-old young Indian creator (youthful soft-oval face shape with delicate jawline, smooth glowing warm honey skin, expressive almond honey-brown eyes with tightline, delicate straight nose, plump soft rose-pink lips, signature crisp round black bindi centered precisely above eyebrows, voluminous dark espresso black wavy hair with wispy curtain strands, traditional silver oxidised bell-shaped jhumkas and stacked silver bangles) wearing the stylish Comfy Elegant Women Dresses in premium Lycra. Facial Expression: dreamy soft romantic expression, eyes catching bright natural catchlights, gentle feminine chin angle. Pose & Camera: Saree Pallu Flaunt — holding pleated pallu delicately with manicured fingers, shoulder drape highlighted with glistening stacked silver bangles in a chic studio setting with natural golden hour lighting. Lighting: Sunset warm golden hour backlight creating subtle hair rim glow. Shot on Hasselblad 50mm / iPhone 16 Pro, authentic 35mm film grain, hyper-realistic fabric drape and texture, 8K ultra-detailed, zero CGI smooth plastic skin.",SUCCESS
29,Comfy Elegant Women Dresses,₹267,🌟 High-Fashion Statement Outfit,Confident GenZ Creator,https://images.meesho.com/images/products/449283828/o4seb_512.webp?width=512,D:\affi;ate\trend-earning-system\photoshoot_pinterest_engine\rendered_posts\PIN_029_comfy_elegant_wome.jpg,"Authentic raw 8K photoshoot of the exact same 21-year-old young Indian creator (youthful soft-oval face shape with delicate jawline, smooth glowing warm honey skin, expressive almond honey-brown eyes with tightline, delicate straight nose, plump soft rose-pink lips, signature crisp round black bindi centered precisely above eyebrows, voluminous dark espresso black wavy hair with wispy curtain strands, traditional silver oxidised bell-shaped jhumkas and stacked silver bangles) wearing the stylish Comfy Elegant Women Dresses in premium Lycra. Facial Expression: modern cool girl creator expression, direct charismatic gaze, confident radiant smile with flawless natural skin texture. Pose & Camera: Medium Close-Up Detail — medium 85mm portrait shot, one hand casually touching collarbone/neckline, focusing on fabric texture and earring sparkle in a chic studio setting with natural golden hour lighting. Lighting: Clean crisp ring-light fill mixed with natural soft room daylight. Shot on Hasselblad 50mm / iPhone 16 Pro, authentic 35mm film grain, hyper-realistic fabric drape and texture, 8K ultra-detailed, zero CGI smooth plastic skin.",SUCCESS
30,Comfy Elegant Women Dresses,₹267,🌟 High-Fashion Statement Outfit,Fierce Editorial Stare,https://images.meesho.com/images/products/933210159/k5ovc_512.webp?width=512,D:\affi;ate\trend-earning-system\photoshoot_pinterest_engine\rendered_posts\PIN_030_comfy_elegant_wome.jpg,"Authentic raw 8K photoshoot of the exact same 21-year-old young Indian creator (youthful soft-oval face shape with delicate jawline, smooth glowing warm honey skin, expressive almond honey-brown eyes with tightline, delicate straight nose, plump soft rose-pink lips, signature crisp round black bindi centered precisely above eyebrows, voluminous dark espresso black wavy hair with wispy curtain strands, traditional silver oxidised bell-shaped jhumkas and stacked silver bangles) wearing the stylish Comfy Elegant Women Dresses in premium Lycra. Facial Expression: intense high-fashion editorial eye contact, relaxed lips with effortless confidence, sharp defined jawline angle. Pose & Camera: Full-Length Runway Strut — full-body walking perspective, one foot forward showing garment movement and flow, hands casually grazing outfit hem in a chic studio setting with natural golden hour lighting. Lighting: Dramatic directional studio key light with subtle shadow contouring. Shot on Hasselblad 50mm / iPhone 16 Pro, authentic 35mm film grain, hyper-realistic fabric drape and texture, 8K ultra-detailed, zero CGI smooth plastic skin.",SUCCESS
31,Comfy Elegant Women Dresses,₹267,🌟 High-Fashion Statement Outfit,Sultry Aesthetic Mirror Glance,https://images.meesho.com/images/products/429196976/oz6dp_512.webp?width=512,D:\affi;ate\trend-earning-system\photoshoot_pinterest_engine\rendered_posts\PIN_031_comfy_elegant_wome.jpg,"Authentic raw 8K photoshoot of the exact same 21-year-old young Indian creator (youthful soft-oval face shape with delicate jawline, smooth glowing warm honey skin, expressive almond honey-brown eyes with tightline, delicate straight nose, plump soft rose-pink lips, signature crisp round black bindi centered precisely above eyebrows, voluminous dark espresso black wavy hair with wispy curtain strands, traditional silver oxidised bell-shaped jhumkas and stacked silver bangles) wearing the stylish Comfy Elegant Women Dresses in premium Lycra. Facial Expression: sultry relaxed gaze looking into mirror reflection through long dark eyelashes, subtle parted lips with natural rose sheen. Pose & Camera: Mirror Selfie Outfit Check — full-length iPhone mirror selfie holding phone in front with aesthetic case, slight hip pop showcasing body contour and waist fit in a chic studio setting with natural golden hour lighting. Lighting: Warm ambient bedroom glow with soft mirror flash highlights. Shot on Hasselblad 50mm / iPhone 16 Pro, authentic 35mm film grain, hyper-realistic fabric drape and texture, 8K ultra-detailed, zero CGI smooth plastic skin.",SUCCESS
32,Comfy Elegant Women Dresses,₹267,🌟 High-Fashion Statement Outfit,Regal Ethnic Grace,https://images.meesho.com/images/products/450876727/owv43_512.webp?width=512,D:\affi;ate\trend-earning-system\photoshoot_pinterest_engine\rendered_posts\PIN_032_comfy_elegant_wome.jpg,"Authentic raw 8K photoshoot of the exact same 21-year-old young Indian creator (youthful soft-oval face shape with delicate jawline, smooth glowing warm honey skin, expressive almond honey-brown eyes with tightline, delicate straight nose, plump soft rose-pink lips, signature crisp round black bindi centered precisely above eyebrows, voluminous dark espresso black wavy hair with wispy curtain strands, traditional silver oxidised bell-shaped jhumkas and stacked silver bangles) wearing the stylish Comfy Elegant Women Dresses in premium Lycra. Facial Expression: poised regal expression with soft dignified eyes, gentle serene half-smile accentuating her signature centered black bindi. Pose & Camera: Over-The-Shoulder Turn — turning back over shoulder towards camera, highlighting back cut, halter ties, and side silhouette curvature in a chic studio setting with natural golden hour lighting. Lighting: Golden hour sunlight streaming through traditional jharokha courtyard. Shot on Hasselblad 50mm / iPhone 16 Pro, authentic 35mm film grain, hyper-realistic fabric drape and texture, 8K ultra-detailed, zero CGI smooth plastic skin.",SUCCESS
33,Comfy Elegant Women Dresses,₹267,🌟 High-Fashion Statement Outfit,Playful Candid Smirk,https://images.meesho.com/images/products/1097448822/icwe5_512.webp?width=512,D:\affi;ate\trend-earning-system\photoshoot_pinterest_engine\rendered_posts\PIN_033_comfy_elegant_wome.jpg,"Authentic raw 8K photoshoot of the exact same 21-year-old young Indian creator (youthful soft-oval face shape with delicate jawline, smooth glowing warm honey skin, expressive almond honey-brown eyes with tightline, delicate straight nose, plump soft rose-pink lips, signature crisp round black bindi centered precisely above eyebrows, voluminous dark espresso black wavy hair with wispy curtain strands, traditional silver oxidised bell-shaped jhumkas and stacked silver bangles) wearing the stylish Comfy Elegant Women Dresses in premium Lycra. Facial Expression: playful flirtatious smirk with raised eyebrow, cute head-tilt making silver jhumkas sway naturally. Pose & Camera: Seated Luxury Lounge — seated casually on modern velvet armchair, legs crossed elegantly, fabric draping gracefully across the frame in a chic studio setting with natural golden hour lighting. Lighting: Bright natural high-key window daylight. Shot on Hasselblad 50mm / iPhone 16 Pro, authentic 35mm film grain, hyper-realistic fabric drape and texture, 8K ultra-detailed, zero CGI smooth plastic skin.",SUCCESS
34,Comfy Elegant Women Dresses,₹267,🌟 High-Fashion Statement Outfit,Romantic Nostalgic Gaze,https://images.meesho.com/images/products/723275843/roanu_512.webp?width=512,D:\affi;ate\trend-earning-system\photoshoot_pinterest_engine\rendered_posts\PIN_034_comfy_elegant_wome.jpg,"Authentic raw 8K photoshoot of the exact same 21-year-old young Indian creator (youthful soft-oval face shape with delicate jawline, smooth glowing warm honey skin, expressive almond honey-brown eyes with tightline, delicate straight nose, plump soft rose-pink lips, signature crisp round black bindi centered precisely above eyebrows, voluminous dark espresso black wavy hair with wispy curtain strands, traditional silver oxidised bell-shaped jhumkas and stacked silver bangles) wearing the stylish Comfy Elegant Women Dresses in premium Lycra. Facial Expression: dreamy soft romantic expression, eyes catching bright natural catchlights, gentle feminine chin angle. Pose & Camera: Saree Pallu Flaunt — holding pleated pallu delicately with manicured fingers, shoulder drape highlighted with glistening stacked silver bangles in a chic studio setting with natural golden hour lighting. Lighting: Sunset warm golden hour backlight creating subtle hair rim glow. Shot on Hasselblad 50mm / iPhone 16 Pro, authentic 35mm film grain, hyper-realistic fabric drape and texture, 8K ultra-detailed, zero CGI smooth plastic skin.",SUCCESS
35,Comfy Elegant Women Dresses,₹267,🌟 High-Fashion Statement Outfit,Confident GenZ Creator,https://images.meesho.com/images/products/795773611/hphf8_512.webp?width=512,D:\affi;ate\trend-earning-system\photoshoot_pinterest_engine\rendered_posts\PIN_035_comfy_elegant_wome.jpg,"Authentic raw 8K photoshoot of the exact same 21-year-old young Indian creator (youthful soft-oval face shape with delicate jawline, smooth glowing warm honey skin, expressive almond honey-brown eyes with tightline, delicate straight nose, plump soft rose-pink lips, signature crisp round black bindi centered precisely above eyebrows, voluminous dark espresso black wavy hair with wispy curtain strands, traditional silver oxidised bell-shaped jhumkas and stacked silver bangles) wearing the stylish Comfy Elegant Women Dresses in premium Lycra. Facial Expression: modern cool girl creator expression, direct charismatic gaze, confident radiant smile with flawless natural skin texture. Pose & Camera: Medium Close-Up Detail — medium 85mm portrait shot, one hand casually touching collarbone/neckline, focusing on fabric texture and earring sparkle in a chic studio setting with natural golden hour lighting. Lighting: Clean crisp ring-light fill mixed with natural soft room daylight. Shot on Hasselblad 50mm / iPhone 16 Pro, authentic 35mm film grain, hyper-realistic fabric drape and texture, 8K ultra-detailed, zero CGI smooth plastic skin.",SUCCESS
36,Comfy Elegant Women Dresses,₹267,🌟 High-Fashion Statement Outfit,Fierce Editorial Stare,https://images.meesho.com/images/products/751914565/0bjiz_512.webp?width=512,D:\affi;ate\trend-earning-system\photoshoot_pinterest_engine\rendered_posts\PIN_036_comfy_elegant_wome.jpg,"Authentic raw 8K photoshoot of the exact same 21-year-old young Indian creator (youthful soft-oval face shape with delicate jawline, smooth glowing warm honey skin, expressive almond honey-brown eyes with tightline, delicate straight nose, plump soft rose-pink lips, signature crisp round black bindi centered precisely above eyebrows, voluminous dark espresso black wavy hair with wispy curtain strands, traditional silver oxidised bell-shaped jhumkas and stacked silver bangles) wearing the stylish Comfy Elegant Women Dresses in premium Lycra. Facial Expression: intense high-fashion editorial eye contact, relaxed lips with effortless confidence, sharp defined jawline angle. Pose & Camera: Full-Length Runway Strut — full-body walking perspective, one foot forward showing garment movement and flow, hands casually grazing outfit hem in a chic studio setting with natural golden hour lighting. Lighting: Dramatic directional studio key light with subtle shadow contouring. Shot on Hasselblad 50mm / iPhone 16 Pro, authentic 35mm film grain, hyper-realistic fabric drape and texture, 8K ultra-detailed, zero CGI smooth plastic skin.",SUCCESS
37,Comfy Elegant Women Dresses,₹267,🌟 High-Fashion Statement Outfit,Sultry Aesthetic Mirror Glance,https://images.meesho.com/images/products/1108524386/7be9j_512.webp?width=512,D:\affi;ate\trend-earning-system\photoshoot_pinterest_engine\rendered_posts\PIN_037_comfy_elegant_wome.jpg,"Authentic raw 8K photoshoot of the exact same 21-year-old young Indian creator (youthful soft-oval face shape with delicate jawline, smooth glowing warm honey skin, expressive almond honey-brown eyes with tightline, delicate straight nose, plump soft rose-pink lips, signature crisp round black bindi centered precisely above eyebrows, voluminous dark espresso black wavy hair with wispy curtain strands, traditional silver oxidised bell-shaped jhumkas and stacked silver bangles) wearing the stylish Comfy Elegant Women Dresses in premium Lycra. Facial Expression: sultry relaxed gaze looking into mirror reflection through long dark eyelashes, subtle parted lips with natural rose sheen. Pose & Camera: Mirror Selfie Outfit Check — full-length iPhone mirror selfie holding phone in front with aesthetic case, slight hip pop showcasing body contour and waist fit in a chic studio setting with natural golden hour lighting. Lighting: Warm ambient bedroom glow with soft mirror flash highlights. Shot on Hasselblad 50mm / iPhone 16 Pro, authentic 35mm film grain, hyper-realistic fabric drape and texture, 8K ultra-detailed, zero CGI smooth plastic skin.",SUCCESS
38,Comfy Elegant Women Dresses,₹267,🌟 High-Fashion Statement Outfit,Regal Ethnic Grace,https://images.meesho.com/images/products/568269979/0ytv3_512.webp?width=512,D:\affi;ate\trend-earning-system\photoshoot_pinterest_engine\rendered_posts\PIN_038_comfy_elegant_wome.jpg,"Authentic raw 8K photoshoot of the exact same 21-year-old young Indian creator (youthful soft-oval face shape with delicate jawline, smooth glowing warm honey skin, expressive almond honey-brown eyes with tightline, delicate straight nose, plump soft rose-pink lips, signature crisp round black bindi centered precisely above eyebrows, voluminous dark espresso black wavy hair with wispy curtain strands, traditional silver oxidised bell-shaped jhumkas and stacked silver bangles) wearing the stylish Comfy Elegant Women Dresses in premium Lycra. Facial Expression: poised regal expression with soft dignified eyes, gentle serene half-smile accentuating her signature centered black bindi. Pose & Camera: Over-The-Shoulder Turn — turning back over shoulder towards camera, highlighting back cut, halter ties, and side silhouette curvature in a chic studio setting with natural golden hour lighting. Lighting: Golden hour sunlight streaming through traditional jharokha courtyard. Shot on Hasselblad 50mm / iPhone 16 Pro, authentic 35mm film grain, hyper-realistic fabric drape and texture, 8K ultra-detailed, zero CGI smooth plastic skin.",SUCCESS
39,Comfy Elegant Women Dresses,₹267,🌟 High-Fashion Statement Outfit,Playful Candid Smirk,https://images.meesho.com/images/products/1108546349/07vsh_512.webp?width=512,D:\affi;ate\trend-earning-system\photoshoot_pinterest_engine\rendered_posts\PIN_039_comfy_elegant_wome.jpg,"Authentic raw 8K photoshoot of the exact same 21-year-old young Indian creator (youthful soft-oval face shape with delicate jawline, smooth glowing warm honey skin, expressive almond honey-brown eyes with tightline, delicate straight nose, plump soft rose-pink lips, signature crisp round black bindi centered precisely above eyebrows, voluminous dark espresso black wavy hair with wispy curtain strands, traditional silver oxidised bell-shaped jhumkas and stacked silver bangles) wearing the stylish Comfy Elegant Women Dresses in premium Lycra. Facial Expression: playful flirtatious smirk with raised eyebrow, cute head-tilt making silver jhumkas sway naturally. Pose & Camera: Seated Luxury Lounge — seated casually on modern velvet armchair, legs crossed elegantly, fabric draping gracefully across the frame in a chic studio setting with natural golden hour lighting. Lighting: Bright natural high-key window daylight. Shot on Hasselblad 50mm / iPhone 16 Pro, authentic 35mm film grain, hyper-realistic fabric drape and texture, 8K ultra-detailed, zero CGI smooth plastic skin.",SUCCESS
40,Comfy Elegant Women Dresses,₹267,🌟 High-Fashion Statement Outfit,Romantic Nostalgic Gaze,https://images.meesho.com/images/products/697622043/6ulza_512.webp?width=512,D:\affi;ate\trend-earning-system\photoshoot_pinterest_engine\rendered_posts\PIN_040_comfy_elegant_wome.jpg,"Authentic raw 8K photoshoot of the exact same 21-year-old young Indian creator (youthful soft-oval face shape with delicate jawline, smooth glowing warm honey skin, expressive almond honey-brown eyes with tightline, delicate straight nose, plump soft rose-pink lips, signature crisp round black bindi centered precisely above eyebrows, voluminous dark espresso black wavy hair with wispy curtain strands, traditional silver oxidised bell-shaped jhumkas and stacked silver bangles) wearing the stylish Comfy Elegant Women Dresses in premium Lycra. Facial Expression: dreamy soft romantic expression, eyes catching bright natural catchlights, gentle feminine chin angle. Pose & Camera: Saree Pallu Flaunt — holding pleated pallu delicately with manicured fingers, shoulder drape highlighted with glistening stacked silver bangles in a chic studio setting with natural golden hour lighting. Lighting: Sunset warm golden hour backlight creating subtle hair rim glow. Shot on Hasselblad 50mm / iPhone 16 Pro, authentic 35mm film grain, hyper-realistic fabric drape and texture, 8K ultra-detailed, zero CGI smooth plastic skin.",SUCCESS
41,Comfy Elegant Women Dresses,₹267,🌟 High-Fashion Statement Outfit,Confident GenZ Creator,https://images.meesho.com/images/products/1095895839/aud8g_512.webp?width=512,D:\affi;ate\trend-earning-system\photoshoot_pinterest_engine\rendered_posts\PIN_041_comfy_elegant_wome.jpg,"Authentic raw 8K photoshoot of the exact same 21-year-old young Indian creator (youthful soft-oval face shape with delicate jawline, smooth glowing warm honey skin, expressive almond honey-brown eyes with tightline, delicate straight nose, plump soft rose-pink lips, signature crisp round black bindi centered precisely above eyebrows, voluminous dark espresso black wavy hair with wispy curtain strands, traditional silver oxidised bell-shaped jhumkas and stacked silver bangles) wearing the stylish Comfy Elegant Women Dresses in premium Lycra. Facial Expression: modern cool girl creator expression, direct charismatic gaze, confident radiant smile with flawless natural skin texture. Pose & Camera: Medium Close-Up Detail — medium 85mm portrait shot, one hand casually touching collarbone/neckline, focusing on fabric texture and earring sparkle in a chic studio setting with natural golden hour lighting. Lighting: Clean crisp ring-light fill mixed with natural soft room daylight. Shot on Hasselblad 50mm / iPhone 16 Pro, authentic 35mm film grain, hyper-realistic fabric drape and texture, 8K ultra-detailed, zero CGI smooth plastic skin.",SUCCESS
42,Comfy Elegant Women Dresses,₹267,🌟 High-Fashion Statement Outfit,Fierce Editorial Stare,https://images.meesho.com/images/products/702171283/bdgde_512.webp?width=512,D:\affi;ate\trend-earning-system\photoshoot_pinterest_engine\rendered_posts\PIN_042_comfy_elegant_wome.jpg,"Authentic raw 8K photoshoot of the exact same 21-year-old young Indian creator (youthful soft-oval face shape with delicate jawline, smooth glowing warm honey skin, expressive almond honey-brown eyes with tightline, delicate straight nose, plump soft rose-pink lips, signature crisp round black bindi centered precisely above eyebrows, voluminous dark espresso black wavy hair with wispy curtain strands, traditional silver oxidised bell-shaped jhumkas and stacked silver bangles) wearing the stylish Comfy Elegant Women Dresses in premium Lycra. Facial Expression: intense high-fashion editorial eye contact, relaxed lips with effortless confidence, sharp defined jawline angle. Pose & Camera: Full-Length Runway Strut — full-body walking perspective, one foot forward showing garment movement and flow, hands casually grazing outfit hem in a chic studio setting with natural golden hour lighting. Lighting: Dramatic directional studio key light with subtle shadow contouring. Shot on Hasselblad 50mm / iPhone 16 Pro, authentic 35mm film grain, hyper-realistic fabric drape and texture, 8K ultra-detailed, zero CGI smooth plastic skin.",SUCCESS
43,Comfy Modern Women Dresses,₹342,🌟 High-Fashion Statement Outfit,Sultry Aesthetic Mirror Glance,https://images.meesho.com/images/products/1082818632/hd66e_512.webp?width=512,D:\affi;ate\trend-earning-system\photoshoot_pinterest_engine\rendered_posts\PIN_043_comfy_modern_women.jpg,"Authentic raw 8K photoshoot of the exact same 21-year-old young Indian creator (youthful soft-oval face shape with delicate jawline, smooth glowing warm honey skin, expressive almond honey-brown eyes with tightline, delicate straight nose, plump soft rose-pink lips, signature crisp round black bindi centered precisely above eyebrows, voluminous dark espresso black wavy hair with wispy curtain strands, traditional silver oxidised bell-shaped jhumkas and stacked silver bangles) wearing the stylish Comfy Modern Women Dresses in premium Lycra. Facial Expression: sultry relaxed gaze looking into mirror reflection through long dark eyelashes, subtle parted lips with natural rose sheen. Pose & Camera: Mirror Selfie Outfit Check — full-length iPhone mirror selfie holding phone in front with aesthetic case, slight hip pop showcasing body contour and waist fit in a chic studio setting with natural golden hour lighting. Lighting: Warm ambient bedroom glow with soft mirror flash highlights. Shot on Hasselblad 50mm / iPhone 16 Pro, authentic 35mm film grain, hyper-realistic fabric drape and texture, 8K ultra-detailed, zero CGI smooth plastic skin.",SUCCESS
44,Comfy Modern Women Dresses,₹342,🌟 High-Fashion Statement Outfit,Regal Ethnic Grace,https://images.meesho.com/images/products/1109802771/hmeye_512.webp?width=512,D:\affi;ate\trend-earning-system\photoshoot_pinterest_engine\rendered_posts\PIN_044_comfy_modern_women.jpg,"Authentic raw 8K photoshoot of the exact same 21-year-old young Indian creator (youthful soft-oval face shape with delicate jawline, smooth glowing warm honey skin, expressive almond honey-brown eyes with tightline, delicate straight nose, plump soft rose-pink lips, signature crisp round black bindi centered precisely above eyebrows, voluminous dark espresso black wavy hair with wispy curtain strands, traditional silver oxidised bell-shaped jhumkas and stacked silver bangles) wearing the stylish Comfy Modern Women Dresses in premium Lycra. Facial Expression: poised regal expression with soft dignified eyes, gentle serene half-smile accentuating her signature centered black bindi. Pose & Camera: Over-The-Shoulder Turn — turning back over shoulder towards camera, highlighting back cut, halter ties, and side silhouette curvature in a chic studio setting with natural golden hour lighting. Lighting: Golden hour sunlight streaming through traditional jharokha courtyard. Shot on Hasselblad 50mm / iPhone 16 Pro, authentic 35mm film grain, hyper-realistic fabric drape and texture, 8K ultra-detailed, zero CGI smooth plastic skin.",SUCCESS
45,Comfy Modern Women Dresses,₹342,🌟 High-Fashion Statement Outfit,Playful Candid Smirk,https://images.meesho.com/images/products/1082806150/xf6aw_512.webp?width=512,D:\affi;ate\trend-earning-system\photoshoot_pinterest_engine\rendered_posts\PIN_045_comfy_modern_women.jpg,"Authentic raw 8K photoshoot of the exact same 21-year-old young Indian creator (youthful soft-oval face shape with delicate jawline, smooth glowing warm honey skin, expressive almond honey-brown eyes with tightline, delicate straight nose, plump soft rose-pink lips, signature crisp round black bindi centered precisely above eyebrows, voluminous dark espresso black wavy hair with wispy curtain strands, traditional silver oxidised bell-shaped jhumkas and stacked silver bangles) wearing the stylish Comfy Modern Women Dresses in premium Lycra. Facial Expression: playful flirtatious smirk with raised eyebrow, cute head-tilt making silver jhumkas sway naturally. Pose & Camera: Seated Luxury Lounge — seated casually on modern velvet armchair, legs crossed elegantly, fabric draping gracefully across the frame in a chic studio setting with natural golden hour lighting. Lighting: Bright natural high-key window daylight. Shot on Hasselblad 50mm / iPhone 16 Pro, authentic 35mm film grain, hyper-realistic fabric drape and texture, 8K ultra-detailed, zero CGI smooth plastic skin.",SUCCESS
46,Comfy Modern Women Dresses,₹342,🌟 High-Fashion Statement Outfit,Romantic Nostalgic Gaze,https://images.meesho.com/images/products/1082818632/dezzn_512.webp?width=512,D:\affi;ate\trend-earning-system\photoshoot_pinterest_engine\rendered_posts\PIN_046_comfy_modern_women.jpg,"Authentic raw 8K photoshoot of the exact same 21-year-old young Indian creator (youthful soft-oval face shape with delicate jawline, smooth glowing warm honey skin, expressive almond honey-brown eyes with tightline, delicate straight nose, plump soft rose-pink lips, signature crisp round black bindi centered precisely above eyebrows, voluminous dark espresso black wavy hair with wispy curtain strands, traditional silver oxidised bell-shaped jhumkas and stacked silver bangles) wearing the stylish Comfy Modern Women Dresses in premium Lycra. Facial Expression: dreamy soft romantic expression, eyes catching bright natural catchlights, gentle feminine chin angle. Pose & Camera: Saree Pallu Flaunt — holding pleated pallu delicately with manicured fingers, shoulder drape highlighted with glistening stacked silver bangles in a chic studio setting with natural golden hour lighting. Lighting: Sunset warm golden hour backlight creating subtle hair rim glow. Shot on Hasselblad 50mm / iPhone 16 Pro, authentic 35mm film grain, hyper-realistic fabric drape and texture, 8K ultra-detailed, zero CGI smooth plastic skin.",SUCCESS
47,Comfy Modern Women Dresses,₹342,🌟 High-Fashion Statement Outfit,Confident GenZ Creator,https://images.meesho.com/images/products/1082818632/cdzbv_512.webp?width=512,D:\affi;ate\trend-earning-system\photoshoot_pinterest_engine\rendered_posts\PIN_047_comfy_modern_women.jpg,"Authentic raw 8K photoshoot of the exact same 21-year-old young Indian creator (youthful soft-oval face shape with delicate jawline, smooth glowing warm honey skin, expressive almond honey-brown eyes with tightline, delicate straight nose, plump soft rose-pink lips, signature crisp round black bindi centered precisely above eyebrows, voluminous dark espresso black wavy hair with wispy curtain strands, traditional silver oxidised bell-shaped jhumkas and stacked silver bangles) wearing the stylish Comfy Modern Women Dresses in premium Lycra. Facial Expression: modern cool girl creator expression, direct charismatic gaze, confident radiant smile with flawless natural skin texture. Pose & Camera: Medium Close-Up Detail — medium 85mm portrait shot, one hand casually touching collarbone/neckline, focusing on fabric texture and earring sparkle in a chic studio setting with natural golden hour lighting. Lighting: Clean crisp ring-light fill mixed with natural soft room daylight. Shot on Hasselblad 50mm / iPhone 16 Pro, authentic 35mm film grain, hyper-realistic fabric drape and texture, 8K ultra-detailed, zero CGI smooth plastic skin.",SUCCESS
48,Comfy Modern Women Dresses,₹342,🌟 High-Fashion Statement Outfit,Fierce Editorial Stare,https://images.meesho.com/images/products/1082818632/knopz_512.webp?width=512,D:\affi;ate\trend-earning-system\photoshoot_pinterest_engine\rendered_posts\PIN_048_comfy_modern_women.jpg,"Authentic raw 8K photoshoot of the exact same 21-year-old young Indian creator (youthful soft-oval face shape with delicate jawline, smooth glowing warm honey skin, expressive almond honey-brown eyes with tightline, delicate straight nose, plump soft rose-pink lips, signature crisp round black bindi centered precisely above eyebrows, voluminous dark espresso black wavy hair with wispy curtain strands, traditional silver oxidised bell-shaped jhumkas and stacked silver bangles) wearing the stylish Comfy Modern Women Dresses in premium Lycra. Facial Expression: intense high-fashion editorial eye contact, relaxed lips with effortless confidence, sharp defined jawline angle. Pose & Camera: Full-Length Runway Strut — full-body walking perspective, one foot forward showing garment movement and flow, hands casually grazing outfit hem in a chic studio setting with natural golden hour lighting. Lighting: Dramatic directional studio key light with subtle shadow contouring. Shot on Hasselblad 50mm / iPhone 16 Pro, authentic 35mm film grain, hyper-realistic fabric drape and texture, 8K ultra-detailed, zero CGI smooth plastic skin.",SUCCESS
49,Comfy Modern Women Dresses,₹342,🌟 High-Fashion Statement Outfit,Sultry Aesthetic Mirror Glance,https://images.meesho.com/images/products/1082818632/hd66e_128.webp?width=512,D:\affi;ate\trend-earning-system\photoshoot_pinterest_engine\rendered_posts\PIN_049_comfy_modern_women.jpg,"Authentic raw 8K photoshoot of the exact same 21-year-old young Indian creator (youthful soft-oval face shape with delicate jawline, smooth glowing warm honey skin, expressive almond honey-brown eyes with tightline, delicate straight nose, plump soft rose-pink lips, signature crisp round black bindi centered precisely above eyebrows, voluminous dark espresso black wavy hair with wispy curtain strands, traditional silver oxidised bell-shaped jhumkas and stacked silver bangles) wearing the stylish Comfy Modern Women Dresses in premium Lycra. Facial Expression: sultry relaxed gaze looking into mirror reflection through long dark eyelashes, subtle parted lips with natural rose sheen. Pose & Camera: Mirror Selfie Outfit Check — full-length iPhone mirror selfie holding phone in front with aesthetic case, slight hip pop showcasing body contour and waist fit in a chic studio setting with natural golden hour lighting. Lighting: Warm ambient bedroom glow with soft mirror flash highlights. Shot on Hasselblad 50mm / iPhone 16 Pro, authentic 35mm film grain, hyper-realistic fabric drape and texture, 8K ultra-detailed, zero CGI smooth plastic skin.",SUCCESS
50,Comfy Modern Women Dresses,₹342,🌟 High-Fashion Statement Outfit,Regal Ethnic Grace,https://images.meesho.com/images/products/1075638417/poeh2_512.webp?width=512,D:\affi;ate\trend-earning-system\photoshoot_pinterest_engine\rendered_posts\PIN_050_comfy_modern_women.jpg,"Authentic raw 8K photoshoot of the exact same 21-year-old young Indian creator (youthful soft-oval face shape with delicate jawline, smooth glowing warm honey skin, expressive almond honey-brown eyes with tightline, delicate straight nose, plump soft rose-pink lips, signature crisp round black bindi centered precisely above eyebrows, voluminous dark espresso black wavy hair with wispy curtain strands, traditional silver oxidised bell-shaped jhumkas and stacked silver bangles) wearing the stylish Comfy Modern Women Dresses in premium Lycra. Facial Expression: poised regal expression with soft dignified eyes, gentle serene half-smile accentuating her signature centered black bindi. Pose & Camera: Over-The-Shoulder Turn — turning back over shoulder towards camera, highlighting back cut, halter ties, and side silhouette curvature in a chic studio setting with natural golden hour lighting. Lighting: Golden hour sunlight streaming through traditional jharokha courtyard. Shot on Hasselblad 50mm / iPhone 16 Pro, authentic 35mm film grain, hyper-realistic fabric drape and texture, 8K ultra-detailed, zero CGI smooth plastic skin.",SUCCESS
51,Comfy Modern Women Dresses,₹342,🌟 High-Fashion Statement Outfit,Playful Candid Smirk,https://images.meesho.com/images/products/1068981548/uw1ou_512.webp?width=512,D:\affi;ate\trend-earning-system\photoshoot_pinterest_engine\rendered_posts\PIN_051_comfy_modern_women.jpg,"Authentic raw 8K photoshoot of the exact same 21-year-old young Indian creator (youthful soft-oval face shape with delicate jawline, smooth glowing warm honey skin, expressive almond honey-brown eyes with tightline, delicate straight nose, plump soft rose-pink lips, signature crisp round black bindi centered precisely above eyebrows, voluminous dark espresso black wavy hair with wispy curtain strands, traditional silver oxidised bell-shaped jhumkas and stacked silver bangles) wearing the stylish Comfy Modern Women Dresses in premium Lycra. Facial Expression: playful flirtatious smirk with raised eyebrow, cute head-tilt making silver jhumkas sway naturally. Pose & Camera: Seated Luxury Lounge — seated casually on modern velvet armchair, legs crossed elegantly, fabric draping gracefully across the frame in a chic studio setting with natural golden hour lighting. Lighting: Bright natural high-key window daylight. Shot on Hasselblad 50mm / iPhone 16 Pro, authentic 35mm film grain, hyper-realistic fabric drape and texture, 8K ultra-detailed, zero CGI smooth plastic skin.",SUCCESS
52,Comfy Modern Women Dresses,₹342,🌟 High-Fashion Statement Outfit,Romantic Nostalgic Gaze,https://images.meesho.com/images/products/1077406950/v50zc_512.webp?width=512,D:\affi;ate\trend-earning-system\photoshoot_pinterest_engine\rendered_posts\PIN_052_comfy_modern_women.jpg,"Authentic raw 8K photoshoot of the exact same 21-year-old young Indian creator (youthful soft-oval face shape with delicate jawline, smooth glowing warm honey skin, expressive almond honey-brown eyes with tightline, delicate straight nose, plump soft rose-pink lips, signature crisp round black bindi centered precisely above eyebrows, voluminous dark espresso black wavy hair with wispy curtain strands, traditional silver oxidised bell-shaped jhumkas and stacked silver bangles) wearing the stylish Comfy Modern Women Dresses in premium Lycra. Facial Expression: dreamy soft romantic expression, eyes catching bright natural catchlights, gentle feminine chin angle. Pose & Camera: Saree Pallu Flaunt — holding pleated pallu delicately with manicured fingers, shoulder drape highlighted with glistening stacked silver bangles in a chic studio setting with natural golden hour lighting. Lighting: Sunset warm golden hour backlight creating subtle hair rim glow. Shot on Hasselblad 50mm / iPhone 16 Pro, authentic 35mm film grain, hyper-realistic fabric drape and texture, 8K ultra-detailed, zero CGI smooth plastic skin.",SUCCESS
53,Comfy Modern Women Dresses,₹342,🌟 High-Fashion Statement Outfit,Confident GenZ Creator,https://images.meesho.com/images/products/1111138130/67ife_512.webp?width=512,D:\affi;ate\trend-earning-system\photoshoot_pinterest_engine\rendered_posts\PIN_053_comfy_modern_women.jpg,"Authentic raw 8K photoshoot of the exact same 21-year-old young Indian creator (youthful soft-oval face shape with delicate jawline, smooth glowing warm honey skin, expressive almond honey-brown eyes with tightline, delicate straight nose, plump soft rose-pink lips, signature crisp round black bindi centered precisely above eyebrows, voluminous dark espresso black wavy hair with wispy curtain strands, traditional silver oxidised bell-shaped jhumkas and stacked silver bangles) wearing the stylish Comfy Modern Women Dresses in premium Lycra. Facial Expression: modern cool girl creator expression, direct charismatic gaze, confident radiant smile with flawless natural skin texture. Pose & Camera: Medium Close-Up Detail — medium 85mm portrait shot, one hand casually touching collarbone/neckline, focusing on fabric texture and earring sparkle in a chic studio setting with natural golden hour lighting. Lighting: Clean crisp ring-light fill mixed with natural soft room daylight. Shot on Hasselblad 50mm / iPhone 16 Pro, authentic 35mm film grain, hyper-realistic fabric drape and texture, 8K ultra-detailed, zero CGI smooth plastic skin.",SUCCESS
54,Comfy Modern Women Dresses,₹342,🌟 High-Fashion Statement Outfit,Fierce Editorial Stare,https://images.meesho.com/images/products/1093992026/54jat_512.webp?width=512,D:\affi;ate\trend-earning-system\photoshoot_pinterest_engine\rendered_posts\PIN_054_comfy_modern_women.jpg,"Authentic raw 8K photoshoot of the exact same 21-year-old young Indian creator (youthful soft-oval face shape with delicate jawline, smooth glowing warm honey skin, expressive almond honey-brown eyes with tightline, delicate straight nose, plump soft rose-pink lips, signature crisp round black bindi centered precisely above eyebrows, voluminous dark espresso black wavy hair with wispy curtain strands, traditional silver oxidised bell-shaped jhumkas and stacked silver bangles) wearing the stylish Comfy Modern Women Dresses in premium Lycra. Facial Expression: intense high-fashion editorial eye contact, relaxed lips with effortless confidence, sharp defined jawline angle. Pose & Camera: Full-Length Runway Strut — full-body walking perspective, one foot forward showing garment movement and flow, hands casually grazing outfit hem in a chic studio setting with natural golden hour lighting. Lighting: Dramatic directional studio key light with subtle shadow contouring. Shot on Hasselblad 50mm / iPhone 16 Pro, authentic 35mm film grain, hyper-realistic fabric drape and texture, 8K ultra-detailed, zero CGI smooth plastic skin.",SUCCESS
55,Comfy Modern Women Dresses,₹342,🌟 High-Fashion Statement Outfit,Sultry Aesthetic Mirror Glance,https://images.meesho.com/images/products/1082830762/tfytm_512.webp?width=512,D:\affi;ate\trend-earning-system\photoshoot_pinterest_engine\rendered_posts\PIN_055_comfy_modern_women.jpg,"Authentic raw 8K photoshoot of the exact same 21-year-old young Indian creator (youthful soft-oval face shape with delicate jawline, smooth glowing warm honey skin, expressive almond honey-brown eyes with tightline, delicate straight nose, plump soft rose-pink lips, signature crisp round black bindi centered precisely above eyebrows, voluminous dark espresso black wavy hair with wispy curtain strands, traditional silver oxidised bell-shaped jhumkas and stacked silver bangles) wearing the stylish Comfy Modern Women Dresses in premium Lycra. Facial Expression: sultry relaxed gaze looking into mirror reflection through long dark eyelashes, subtle parted lips with natural rose sheen. Pose & Camera: Mirror Selfie Outfit Check — full-length iPhone mirror selfie holding phone in front with aesthetic case, slight hip pop showcasing body contour and waist fit in a chic studio setting with natural golden hour lighting. Lighting: Warm ambient bedroom glow with soft mirror flash highlights. Shot on Hasselblad 50mm / iPhone 16 Pro, authentic 35mm film grain, hyper-realistic fabric drape and texture, 8K ultra-detailed, zero CGI smooth plastic skin.",SUCCESS
56,Comfy Modern Women Dresses,₹342,🌟 High-Fashion Statement Outfit,Regal Ethnic Grace,https://images.meesho.com/images/products/1075386905/maxwy_512.webp?width=512,D:\affi;ate\trend-earning-system\photoshoot_pinterest_engine\rendered_posts\PIN_056_comfy_modern_women.jpg,"Authentic raw 8K photoshoot of the exact same 21-year-old young Indian creator (youthful soft-oval face shape with delicate jawline, smooth glowing warm honey skin, expressive almond honey-brown eyes with tightline, delicate straight nose, plump soft rose-pink lips, signature crisp round black bindi centered precisely above eyebrows, voluminous dark espresso black wavy hair with wispy curtain strands, traditional silver oxidised bell-shaped jhumkas and stacked silver bangles) wearing the stylish Comfy Modern Women Dresses in premium Lycra. Facial Expression: poised regal expression with soft dignified eyes, gentle serene half-smile accentuating her signature centered black bindi. Pose & Camera: Over-The-Shoulder Turn — turning back over shoulder towards camera, highlighting back cut, halter ties, and side silhouette curvature in a chic studio setting with natural golden hour lighting. Lighting: Golden hour sunlight streaming through traditional jharokha courtyard. Shot on Hasselblad 50mm / iPhone 16 Pro, authentic 35mm film grain, hyper-realistic fabric drape and texture, 8K ultra-detailed, zero CGI smooth plastic skin.",SUCCESS
57,Comfy Modern Women Dresses,₹342,🌟 High-Fashion Statement Outfit,Playful Candid Smirk,https://images.meesho.com/images/products/1111163434/7kj6r_512.webp?width=512,D:\affi;ate\trend-earning-system\photoshoot_pinterest_engine\rendered_posts\PIN_057_comfy_modern_women.jpg,"Authentic raw 8K photoshoot of the exact same 21-year-old young Indian creator (youthful soft-oval face shape with delicate jawline, smooth glowing warm honey skin, expressive almond honey-brown eyes with tightline, delicate straight nose, plump soft rose-pink lips, signature crisp round black bindi centered precisely above eyebrows, voluminous dark espresso black wavy hair with wispy curtain strands, traditional silver oxidised bell-shaped jhumkas and stacked silver bangles) wearing the stylish Comfy Modern Women Dresses in premium Lycra. Facial Expression: playful flirtatious smirk with raised eyebrow, cute head-tilt making silver jhumkas sway naturally. Pose & Camera: Seated Luxury Lounge — seated casually on modern velvet armchair, legs crossed elegantly, fabric draping gracefully across the frame in a chic studio setting with natural golden hour lighting. Lighting: Bright natural high-key window daylight. Shot on Hasselblad 50mm / iPhone 16 Pro, authentic 35mm film grain, hyper-realistic fabric drape and texture, 8K ultra-detailed, zero CGI smooth plastic skin.",SUCCESS
58,Comfy Modern Women Dresses,₹342,🌟 High-Fashion Statement Outfit,Romantic Nostalgic Gaze,https://images.meesho.com/images/products/643406991/70l5a_512.webp?width=512,D:\affi;ate\trend-earning-system\photoshoot_pinterest_engine\rendered_posts\PIN_058_comfy_modern_women.jpg,"Authentic raw 8K photoshoot of the exact same 21-year-old young Indian creator (youthful soft-oval face shape with delicate jawline, smooth glowing warm honey skin, expressive almond honey-brown eyes with tightline, delicate straight nose, plump soft rose-pink lips, signature crisp round black bindi centered precisely above eyebrows, voluminous dark espresso black wavy hair with wispy curtain strands, traditional silver oxidised bell-shaped jhumkas and stacked silver bangles) wearing the stylish Comfy Modern Women Dresses in premium Lycra. Facial Expression: dreamy soft romantic expression, eyes catching bright natural catchlights, gentle feminine chin angle. Pose & Camera: Saree Pallu Flaunt — holding pleated pallu delicately with manicured fingers, shoulder drape highlighted with glistening stacked silver bangles in a chic studio setting with natural golden hour lighting. Lighting: Sunset warm golden hour backlight creating subtle hair rim glow. Shot on Hasselblad 50mm / iPhone 16 Pro, authentic 35mm film grain, hyper-realistic fabric drape and texture, 8K ultra-detailed, zero CGI smooth plastic skin.",SUCCESS
59,Comfy Modern Women Dresses,₹342,🌟 High-Fashion Statement Outfit,Confident GenZ Creator,https://images.meesho.com/images/products/1070298255/f7fsa_512.webp?width=512,D:\affi;ate\trend-earning-system\photoshoot_pinterest_engine\rendered_posts\PIN_059_comfy_modern_women.jpg,"Authentic raw 8K photoshoot of the exact same 21-year-old young Indian creator (youthful soft-oval face shape with delicate jawline, smooth glowing warm honey skin, expressive almond honey-brown eyes with tightline, delicate straight nose, plump soft rose-pink lips, signature crisp round black bindi centered precisely above eyebrows, voluminous dark espresso black wavy hair with wispy curtain strands, traditional silver oxidised bell-shaped jhumkas and stacked silver bangles) wearing the stylish Comfy Modern Women Dresses in premium Lycra. Facial Expression: modern cool girl creator expression, direct charismatic gaze, confident radiant smile with flawless natural skin texture. Pose & Camera: Medium Close-Up Detail — medium 85mm portrait shot, one hand casually touching collarbone/neckline, focusing on fabric texture and earring sparkle in a chic studio setting with natural golden hour lighting. Lighting: Clean crisp ring-light fill mixed with natural soft room daylight. Shot on Hasselblad 50mm / iPhone 16 Pro, authentic 35mm film grain, hyper-realistic fabric drape and texture, 8K ultra-detailed, zero CGI smooth plastic skin.",SUCCESS
60,Comfy Modern Women Dresses,₹342,🌟 High-Fashion Statement Outfit,Fierce Editorial Stare,https://images.meesho.com/images/products/1075996808/qmbtc_512.webp?width=512,D:\affi;ate\trend-earning-system\photoshoot_pinterest_engine\rendered_posts\PIN_060_comfy_modern_women.jpg,"Authentic raw 8K photoshoot of the exact same 21-year-old young Indian creator (youthful soft-oval face shape with delicate jawline, smooth glowing warm honey skin, expressive almond honey-brown eyes with tightline, delicate straight nose, plump soft rose-pink lips, signature crisp round black bindi centered precisely above eyebrows, voluminous dark espresso black wavy hair with wispy curtain strands, traditional silver oxidised bell-shaped jhumkas and stacked silver bangles) wearing the stylish Comfy Modern Women Dresses in premium Lycra. Facial Expression: intense high-fashion editorial eye contact, relaxed lips with effortless confidence, sharp defined jawline angle. Pose & Camera: Full-Length Runway Strut — full-body walking perspective, one foot forward showing garment movement and flow, hands casually grazing outfit hem in a chic studio setting with natural golden hour lighting. Lighting: Dramatic directional studio key light with subtle shadow contouring. Shot on Hasselblad 50mm / iPhone 16 Pro, authentic 35mm film grain, hyper-realistic fabric drape and texture, 8K ultra-detailed, zero CGI smooth plastic skin.",SUCCESS
61,Comfy Modern Women Dresses,₹342,🌟 High-Fashion Statement Outfit,Sultry Aesthetic Mirror Glance,https://images.meesho.com/images/products/715755717/gu8wp_512.webp?width=512,D:\affi;ate\trend-earning-system\photoshoot_pinterest_engine\rendered_posts\PIN_061_comfy_modern_women.jpg,"Authentic raw 8K photoshoot of the exact same 21-year-old young Indian creator (youthful soft-oval face shape with delicate jawline, smooth glowing warm honey skin, expressive almond honey-brown eyes with tightline, delicate straight nose, plump soft rose-pink lips, signature crisp round black bindi centered precisely above eyebrows, voluminous dark espresso black wavy hair with wispy curtain strands, traditional silver oxidised bell-shaped jhumkas and stacked silver bangles) wearing the stylish Comfy Modern Women Dresses in premium Lycra. Facial Expression: sultry relaxed gaze looking into mirror reflection through long dark eyelashes, subtle parted lips with natural rose sheen. Pose & Camera: Mirror Selfie Outfit Check — full-length iPhone mirror selfie holding phone in front with aesthetic case, slight hip pop showcasing body contour and waist fit in a chic studio setting with natural golden hour lighting. Lighting: Warm ambient bedroom glow with soft mirror flash highlights. Shot on Hasselblad 50mm / iPhone 16 Pro, authentic 35mm film grain, hyper-realistic fabric drape and texture, 8K ultra-detailed, zero CGI smooth plastic skin.",SUCCESS
62,Trendy Graceful Women Dresses,₹353,🌟 High-Fashion Statement Outfit,Regal Ethnic Grace,https://images.meesho.com/images/products/716325363/pip2n_512.webp?width=512,D:\affi;ate\trend-earning-system\photoshoot_pinterest_engine\rendered_posts\PIN_062_trendy_graceful_wo.jpg,"Authentic raw 8K photoshoot of the exact same 21-year-old young Indian creator (youthful soft-oval face shape with delicate jawline, smooth glowing warm honey skin, expressive almond honey-brown eyes with tightline, delicate straight nose, plump soft rose-pink lips, signature crisp round black bindi centered precisely above eyebrows, voluminous dark espresso black wavy hair with wispy curtain strands, traditional silver oxidised bell-shaped jhumkas and stacked silver bangles) wearing the stylish Trendy Graceful Women Dresses in premium Lycra. Facial Expression: poised regal expression with soft dignified eyes, gentle serene half-smile accentuating her signature centered black bindi. Pose & Camera: Over-The-Shoulder Turn — turning back over shoulder towards camera, highlighting back cut, halter ties, and side silhouette curvature in a chic studio setting with natural golden hour lighting. Lighting: Golden hour sunlight streaming through traditional jharokha courtyard. Shot on Hasselblad 50mm / iPhone 16 Pro, authentic 35mm film grain, hyper-realistic fabric drape and texture, 8K ultra-detailed, zero CGI smooth plastic skin.",SUCCESS
63,Trendy Graceful Women Dresses,₹353,🌟 High-Fashion Statement Outfit,Playful Candid Smirk,https://images.meesho.com/images/products/1065515258/82sca_512.webp?width=512,D:\affi;ate\trend-earning-system\photoshoot_pinterest_engine\rendered_posts\PIN_063_trendy_graceful_wo.jpg,"Authentic raw 8K photoshoot of the exact same 21-year-old young Indian creator (youthful soft-oval face shape with delicate jawline, smooth glowing warm honey skin, expressive almond honey-brown eyes with tightline, delicate straight nose, plump soft rose-pink lips, signature crisp round black bindi centered precisely above eyebrows, voluminous dark espresso black wavy hair with wispy curtain strands, traditional silver oxidised bell-shaped jhumkas and stacked silver bangles) wearing the stylish Trendy Graceful Women Dresses in premium Lycra. Facial Expression: playful flirtatious smirk with raised eyebrow, cute head-tilt making silver jhumkas sway naturally. Pose & Camera: Seated Luxury Lounge — seated casually on modern velvet armchair, legs crossed elegantly, fabric draping gracefully across the frame in a chic studio setting with natural golden hour lighting. Lighting: Bright natural high-key window daylight. Shot on Hasselblad 50mm / iPhone 16 Pro, authentic 35mm film grain, hyper-realistic fabric drape and texture, 8K ultra-detailed, zero CGI smooth plastic skin.",SUCCESS
64,Trendy Graceful Women Dresses,₹353,🌟 High-Fashion Statement Outfit,Romantic Nostalgic Gaze,https://images.meesho.com/images/products/716325363/hmhf6_512.webp?width=512,D:\affi;ate\trend-earning-system\photoshoot_pinterest_engine\rendered_posts\PIN_064_trendy_graceful_wo.jpg,"Authentic raw 8K photoshoot of the exact same 21-year-old young Indian creator (youthful soft-oval face shape with delicate jawline, smooth glowing warm honey skin, expressive almond honey-brown eyes with tightline, delicate straight nose, plump soft rose-pink lips, signature crisp round black bindi centered precisely above eyebrows, voluminous dark espresso black wavy hair with wispy curtain strands, traditional silver oxidised bell-shaped jhumkas and stacked silver bangles) wearing the stylish Trendy Graceful Women Dresses in premium Lycra. Facial Expression: dreamy soft romantic expression, eyes catching bright natural catchlights, gentle feminine chin angle. Pose & Camera: Saree Pallu Flaunt — holding pleated pallu delicately with manicured fingers, shoulder drape highlighted with glistening stacked silver bangles in a chic studio setting with natural golden hour lighting. Lighting: Sunset warm golden hour backlight creating subtle hair rim glow. Shot on Hasselblad 50mm / iPhone 16 Pro, authentic 35mm film grain, hyper-realistic fabric drape and texture, 8K ultra-detailed, zero CGI smooth plastic skin.",SUCCESS
65,Trendy Graceful Women Dresses,₹353,🌟 High-Fashion Statement Outfit,Confident GenZ Creator,https://images.meesho.com/images/products/716325363/dn6i7_512.webp?width=512,D:\affi;ate\trend-earning-system\photoshoot_pinterest_engine\rendered_posts\PIN_065_trendy_graceful_wo.jpg,"Authentic raw 8K photoshoot of the exact same 21-year-old young Indian creator (youthful soft-oval face shape with delicate jawline, smooth glowing warm honey skin, expressive almond honey-brown eyes with tightline, delicate straight nose, plump soft rose-pink lips, signature crisp round black bindi centered precisely above eyebrows, voluminous dark espresso black wavy hair with wispy curtain strands, traditional silver oxidised bell-shaped jhumkas and stacked silver bangles) wearing the stylish Trendy Graceful Women Dresses in premium Lycra. Facial Expression: modern cool girl creator expression, direct charismatic gaze, confident radiant smile with flawless natural skin texture. Pose & Camera: Medium Close-Up Detail — medium 85mm portrait shot, one hand casually touching collarbone/neckline, focusing on fabric texture and earring sparkle in a chic studio setting with natural golden hour lighting. Lighting: Clean crisp ring-light fill mixed with natural soft room daylight. Shot on Hasselblad 50mm / iPhone 16 Pro, authentic 35mm film grain, hyper-realistic fabric drape and texture, 8K ultra-detailed, zero CGI smooth plastic skin.",SUCCESS
66,Trendy Graceful Women Dresses,₹353,🌟 High-Fashion Statement Outfit,Fierce Editorial Stare,https://images.meesho.com/images/products/716325363/qxtim_512.webp?width=512,D:\affi;ate\trend-earning-system\photoshoot_pinterest_engine\rendered_posts\PIN_066_trendy_graceful_wo.jpg,"Authentic raw 8K photoshoot of the exact same 21-year-old young Indian creator (youthful soft-oval face shape with delicate jawline, smooth glowing warm honey skin, expressive almond honey-brown eyes with tightline, delicate straight nose, plump soft rose-pink lips, signature crisp round black bindi centered precisely above eyebrows, voluminous dark espresso black wavy hair with wispy curtain strands, traditional silver oxidised bell-shaped jhumkas and stacked silver bangles) wearing the stylish Trendy Graceful Women Dresses in premium Lycra. Facial Expression: intense high-fashion editorial eye contact, relaxed lips with effortless confidence, sharp defined jawline angle. Pose & Camera: Full-Length Runway Strut — full-body walking perspective, one foot forward showing garment movement and flow, hands casually grazing outfit hem in a chic studio setting with natural golden hour lighting. Lighting: Dramatic directional studio key light with subtle shadow contouring. Shot on Hasselblad 50mm / iPhone 16 Pro, authentic 35mm film grain, hyper-realistic fabric drape and texture, 8K ultra-detailed, zero CGI smooth plastic skin.",SUCCESS
67,Trendy Graceful Women Dresses,₹353,🌟 High-Fashion Statement Outfit,Sultry Aesthetic Mirror Glance,https://images.meesho.com/images/products/716325363/pip2n_128.webp?width=512,D:\affi;ate\trend-earning-system\photoshoot_pinterest_engine\rendered_posts\PIN_067_trendy_graceful_wo.jpg,"Authentic raw 8K photoshoot of the exact same 21-year-old young Indian creator (youthful soft-oval face shape with delicate jawline, smooth glowing warm honey skin, expressive almond honey-brown eyes with tightline, delicate straight nose, plump soft rose-pink lips, signature crisp round black bindi centered precisely above eyebrows, voluminous dark espresso black wavy hair with wispy curtain strands, traditional silver oxidised bell-shaped jhumkas and stacked silver bangles) wearing the stylish Trendy Graceful Women Dresses in premium Lycra. Facial Expression: sultry relaxed gaze looking into mirror reflection through long dark eyelashes, subtle parted lips with natural rose sheen. Pose & Camera: Mirror Selfie Outfit Check — full-length iPhone mirror selfie holding phone in front with aesthetic case, slight hip pop showcasing body contour and waist fit in a chic studio setting with natural golden hour lighting. Lighting: Warm ambient bedroom glow with soft mirror flash highlights. Shot on Hasselblad 50mm / iPhone 16 Pro, authentic 35mm film grain, hyper-realistic fabric drape and texture, 8K ultra-detailed, zero CGI smooth plastic skin.",SUCCESS
68,Trendy Graceful Women Dresses,₹353,🌟 High-Fashion Statement Outfit,Regal Ethnic Grace,https://images.meesho.com/images/products/682695141/bjd5j_512.webp?width=512,D:\affi;ate\trend-earning-system\photoshoot_pinterest_engine\rendered_posts\PIN_068_trendy_graceful_wo.jpg,"Authentic raw 8K photoshoot of the exact same 21-year-old young Indian creator (youthful soft-oval face shape with delicate jawline, smooth glowing warm honey skin, expressive almond honey-brown eyes with tightline, delicate straight nose, plump soft rose-pink lips, signature crisp round black bindi centered precisely above eyebrows, voluminous dark espresso black wavy hair with wispy curtain strands, traditional silver oxidised bell-shaped jhumkas and stacked silver bangles) wearing the stylish Trendy Graceful Women Dresses in premium Lycra. Facial Expression: poised regal expression with soft dignified eyes, gentle serene half-smile accentuating her signature centered black bindi. Pose & Camera: Over-The-Shoulder Turn — turning back over shoulder towards camera, highlighting back cut, halter ties, and side silhouette curvature in a chic studio setting with natural golden hour lighting. Lighting: Golden hour sunlight streaming through traditional jharokha courtyard. Shot on Hasselblad 50mm / iPhone 16 Pro, authentic 35mm film grain, hyper-realistic fabric drape and texture, 8K ultra-detailed, zero CGI smooth plastic skin.",SUCCESS
69,Trendy Graceful Women Dresses,₹353,🌟 High-Fashion Statement Outfit,Playful Candid Smirk,https://images.meesho.com/images/products/1075358200/tbvvy_512.webp?width=512,D:\affi;ate\trend-earning-system\photoshoot_pinterest_engine\rendered_posts\PIN_069_trendy_graceful_wo.jpg,"Authentic raw 8K photoshoot of the exact same 21-year-old young Indian creator (youthful soft-oval face shape with delicate jawline, smooth glowing warm honey skin, expressive almond honey-brown eyes with tightline, delicate straight nose, plump soft rose-pink lips, signature crisp round black bindi centered precisely above eyebrows, voluminous dark espresso black wavy hair with wispy curtain strands, traditional silver oxidised bell-shaped jhumkas and stacked silver bangles) wearing the stylish Trendy Graceful Women Dresses in premium Lycra. Facial Expression: playful flirtatious smirk with raised eyebrow, cute head-tilt making silver jhumkas sway naturally. Pose & Camera: Seated Luxury Lounge — seated casually on modern velvet armchair, legs crossed elegantly, fabric draping gracefully across the frame in a chic studio setting with natural golden hour lighting. Lighting: Bright natural high-key window daylight. Shot on Hasselblad 50mm / iPhone 16 Pro, authentic 35mm film grain, hyper-realistic fabric drape and texture, 8K ultra-detailed, zero CGI smooth plastic skin.",SUCCESS
70,Trendy Graceful Women Dresses,₹353,🌟 High-Fashion Statement Outfit,Romantic Nostalgic Gaze,https://images.meesho.com/images/products/605666389/yn6ia_512.webp?width=512,D:\affi;ate\trend-earning-system\photoshoot_pinterest_engine\rendered_posts\PIN_070_trendy_graceful_wo.jpg,"Authentic raw 8K photoshoot of the exact same 21-year-old young Indian creator (youthful soft-oval face shape with delicate jawline, smooth glowing warm honey skin, expressive almond honey-brown eyes with tightline, delicate straight nose, plump soft rose-pink lips, signature crisp round black bindi centered precisely above eyebrows, voluminous dark espresso black wavy hair with wispy curtain strands, traditional silver oxidised bell-shaped jhumkas and stacked silver bangles) wearing the stylish Trendy Graceful Women Dresses in premium Lycra. Facial Expression: dreamy soft romantic expression, eyes catching bright natural catchlights, gentle feminine chin angle. Pose & Camera: Saree Pallu Flaunt — holding pleated pallu delicately with manicured fingers, shoulder drape highlighted with glistening stacked silver bangles in a chic studio setting with natural golden hour lighting. Lighting: Sunset warm golden hour backlight creating subtle hair rim glow. Shot on Hasselblad 50mm / iPhone 16 Pro, authentic 35mm film grain, hyper-realistic fabric drape and texture, 8K ultra-detailed, zero CGI smooth plastic skin.",SUCCESS
71,Trendy Graceful Women Dresses,₹353,🌟 High-Fashion Statement Outfit,Confident GenZ Creator,https://images.meesho.com/images/products/1111092933/57sv4_512.webp?width=512,D:\affi;ate\trend-earning-system\photoshoot_pinterest_engine\rendered_posts\PIN_071_trendy_graceful_wo.jpg,"Authentic raw 8K photoshoot of the exact same 21-year-old young Indian creator (youthful soft-oval face shape with delicate jawline, smooth glowing warm honey skin, expressive almond honey-brown eyes with tightline, delicate straight nose, plump soft rose-pink lips, signature crisp round black bindi centered precisely above eyebrows, voluminous dark espresso black wavy hair with wispy curtain strands, traditional silver oxidised bell-shaped jhumkas and stacked silver bangles) wearing the stylish Trendy Graceful Women Dresses in premium Lycra. Facial Expression: modern cool girl creator expression, direct charismatic gaze, confident radiant smile with flawless natural skin texture. Pose & Camera: Medium Close-Up Detail — medium 85mm portrait shot, one hand casually touching collarbone/neckline, focusing on fabric texture and earring sparkle in a chic studio setting with natural golden hour lighting. Lighting: Clean crisp ring-light fill mixed with natural soft room daylight. Shot on Hasselblad 50mm / iPhone 16 Pro, authentic 35mm film grain, hyper-realistic fabric drape and texture, 8K ultra-detailed, zero CGI smooth plastic skin.",SUCCESS
72,Trendy Graceful Women Dresses,₹353,🌟 High-Fashion Statement Outfit,Fierce Editorial Stare,https://images.meesho.com/images/products/318952702/hsbpn_512.webp?width=512,D:\affi;ate\trend-earning-system\photoshoot_pinterest_engine\rendered_posts\PIN_072_trendy_graceful_wo.jpg,"Authentic raw 8K photoshoot of the exact same 21-year-old young Indian creator (youthful soft-oval face shape with delicate jawline, smooth glowing warm honey skin, expressive almond honey-brown eyes with tightline, delicate straight nose, plump soft rose-pink lips, signature crisp round black bindi centered precisely above eyebrows, voluminous dark espresso black wavy hair with wispy curtain strands, traditional silver oxidised bell-shaped jhumkas and stacked silver bangles) wearing the stylish Trendy Graceful Women Dresses in premium Lycra. Facial Expression: intense high-fashion editorial eye contact, relaxed lips with effortless confidence, sharp defined jawline angle. Pose & Camera: Full-Length Runway Strut — full-body walking perspective, one foot forward showing garment movement and flow, hands casually grazing outfit hem in a chic studio setting with natural golden hour lighting. Lighting: Dramatic directional studio key light with subtle shadow contouring. Shot on Hasselblad 50mm / iPhone 16 Pro, authentic 35mm film grain, hyper-realistic fabric drape and texture, 8K ultra-detailed, zero CGI smooth plastic skin.",SUCCESS
73,Trendy Graceful Women Dresses,₹353,🌟 High-Fashion Statement Outfit,Sultry Aesthetic Mirror Glance,https://images.meesho.com/images/products/1110984715/3pjwp_512.webp?width=512,D:\affi;ate\trend-earning-system\photoshoot_pinterest_engine\rendered_posts\PIN_073_trendy_graceful_wo.jpg,"Authentic raw 8K photoshoot of the exact same 21-year-old young Indian creator (youthful soft-oval face shape with delicate jawline, smooth glowing warm honey skin, expressive almond honey-brown eyes with tightline, delicate straight nose, plump soft rose-pink lips, signature crisp round black bindi centered precisely above eyebrows, voluminous dark espresso black wavy hair with wispy curtain strands, traditional silver oxidised bell-shaped jhumkas and stacked silver bangles) wearing the stylish Trendy Graceful Women Dresses in premium Lycra. Facial Expression: sultry relaxed gaze looking into mirror reflection through long dark eyelashes, subtle parted lips with natural rose sheen. Pose & Camera: Mirror Selfie Outfit Check — full-length iPhone mirror selfie holding phone in front with aesthetic case, slight hip pop showcasing body contour and waist fit in a chic studio setting with natural golden hour lighting. Lighting: Warm ambient bedroom glow with soft mirror flash highlights. Shot on Hasselblad 50mm / iPhone 16 Pro, authentic 35mm film grain, hyper-realistic fabric drape and texture, 8K ultra-detailed, zero CGI smooth plastic skin.",SUCCESS
74,Trendy Graceful Women Dresses,₹353,🌟 High-Fashion Statement Outfit,Regal Ethnic Grace,https://images.meesho.com/images/products/1093981516/evwjv_512.webp?width=512,D:\affi;ate\trend-earning-system\photoshoot_pinterest_engine\rendered_posts\PIN_074_trendy_graceful_wo.jpg,"Authentic raw 8K photoshoot of the exact same 21-year-old young Indian creator (youthful soft-oval face shape with delicate jawline, smooth glowing warm honey skin, expressive almond honey-brown eyes with tightline, delicate straight nose, plump soft rose-pink lips, signature crisp round black bindi centered precisely above eyebrows, voluminous dark espresso black wavy hair with wispy curtain strands, traditional silver oxidised bell-shaped jhumkas and stacked silver bangles) wearing the stylish Trendy Graceful Women Dresses in premium Lycra. Facial Expression: poised regal expression with soft dignified eyes, gentle serene half-smile accentuating her signature centered black bindi. Pose & Camera: Over-The-Shoulder Turn — turning back over shoulder towards camera, highlighting back cut, halter ties, and side silhouette curvature in a chic studio setting with natural golden hour lighting. Lighting: Golden hour sunlight streaming through traditional jharokha courtyard. Shot on Hasselblad 50mm / iPhone 16 Pro, authentic 35mm film grain, hyper-realistic fabric drape and texture, 8K ultra-detailed, zero CGI smooth plastic skin.",SUCCESS
75,Trendy Graceful Women Dresses,₹353,🌟 High-Fashion Statement Outfit,Playful Candid Smirk,https://images.meesho.com/images/products/505320565/dxaj1_512.webp?width=512,D:\affi;ate\trend-earning-system\photoshoot_pinterest_engine\rendered_posts\PIN_075_trendy_graceful_wo.jpg,"Authentic raw 8K photoshoot of the exact same 21-year-old young Indian creator (youthful soft-oval face shape with delicate jawline, smooth glowing warm honey skin, expressive almond honey-brown eyes with tightline, delicate straight nose, plump soft rose-pink lips, signature crisp round black bindi centered precisely above eyebrows, voluminous dark espresso black wavy hair with wispy curtain strands, traditional silver oxidised bell-shaped jhumkas and stacked silver bangles) wearing the stylish Trendy Graceful Women Dresses in premium Lycra. Facial Expression: playful flirtatious smirk with raised eyebrow, cute head-tilt making silver jhumkas sway naturally. Pose & Camera: Seated Luxury Lounge — seated casually on modern velvet armchair, legs crossed elegantly, fabric draping gracefully across the frame in a chic studio setting with natural golden hour lighting. Lighting: Bright natural high-key window daylight. Shot on Hasselblad 50mm / iPhone 16 Pro, authentic 35mm film grain, hyper-realistic fabric drape and texture, 8K ultra-detailed, zero CGI smooth plastic skin.",SUCCESS
76,Classic Modern Women Dresses,₹551,🥻 Saree & Ethnic Couture,Romantic Nostalgic Gaze,https://images.meesho.com/images/products/1020588366/hchkt_512.webp?width=512,D:\affi;ate\trend-earning-system\photoshoot_pinterest_engine\rendered_posts\PIN_076_classic_modern_wom.jpg,"Authentic raw 8K photoshoot of the exact same 21-year-old young Indian creator (youthful soft-oval face shape with delicate jawline, smooth glowing warm honey skin, expressive almond honey-brown eyes with tightline, delicate straight nose, plump soft rose-pink lips, signature crisp round black bindi centered precisely above eyebrows, voluminous dark espresso black wavy hair with wispy curtain strands, traditional silver oxidised bell-shaped jhumkas and stacked silver bangles) wearing the Classic Modern Women Dresses crafted in rich Super Net with ornate border and pleated pallu. Facial Expression: dreamy soft romantic expression, eyes catching bright natural catchlights, gentle feminine chin angle. Pose & Camera: Saree Pallu Flaunt — holding pleated pallu delicately with manicured fingers, shoulder drape highlighted with glistening stacked silver bangles in a regal sunlit heritage courtyard / aesthetic marble room. Lighting: Sunset warm golden hour backlight creating subtle hair rim glow. Shot on Hasselblad 50mm / iPhone 16 Pro, authentic 35mm film grain, hyper-realistic fabric drape and texture, 8K ultra-detailed, zero CGI smooth plastic skin.",SUCCESS
77,Classic Modern Women Dresses,₹551,🥻 Saree & Ethnic Couture,Confident GenZ Creator,https://images.meesho.com/images/products/1056959160/torsf_512.webp?width=512,D:\affi;ate\trend-earning-system\photoshoot_pinterest_engine\rendered_posts\PIN_077_classic_modern_wom.jpg,"Authentic raw 8K photoshoot of the exact same 21-year-old young Indian creator (youthful soft-oval face shape with delicate jawline, smooth glowing warm honey skin, expressive almond honey-brown eyes with tightline, delicate straight nose, plump soft rose-pink lips, signature crisp round black bindi centered precisely above eyebrows, voluminous dark espresso black wavy hair with wispy curtain strands, traditional silver oxidised bell-shaped jhumkas and stacked silver bangles) wearing the Classic Modern Women Dresses crafted in rich Super Net with ornate border and pleated pallu. Facial Expression: modern cool girl creator expression, direct charismatic gaze, confident radiant smile with flawless natural skin texture. Pose & Camera: Medium Close-Up Detail — medium 85mm portrait shot, one hand casually touching collarbone/neckline, focusing on fabric texture and earring sparkle in a regal sunlit heritage courtyard / aesthetic marble room. Lighting: Clean crisp ring-light fill mixed with natural soft room daylight. Shot on Hasselblad 50mm / iPhone 16 Pro, authentic 35mm film grain, hyper-realistic fabric drape and texture, 8K ultra-detailed, zero CGI smooth plastic skin.",SUCCESS
78,Classic Modern Women Dresses,₹551,🥻 Saree & Ethnic Couture,Fierce Editorial Stare,https://images.meesho.com/images/products/1020588366/hokiy_512.webp?width=512,D:\affi;ate\trend-earning-system\photoshoot_pinterest_engine\rendered_posts\PIN_078_classic_modern_wom.jpg,"Authentic raw 8K photoshoot of the exact same 21-year-old young Indian creator (youthful soft-oval face shape with delicate jawline, smooth glowing warm honey skin, expressive almond honey-brown eyes with tightline, delicate straight nose, plump soft rose-pink lips, signature crisp round black bindi centered precisely above eyebrows, voluminous dark espresso black wavy hair with wispy curtain strands, traditional silver oxidised bell-shaped jhumkas and stacked silver bangles) wearing the Classic Modern Women Dresses crafted in rich Super Net with ornate border and pleated pallu. Facial Expression: intense high-fashion editorial eye contact, relaxed lips with effortless confidence, sharp defined jawline angle. Pose & Camera: Full-Length Runway Strut — full-body walking perspective, one foot forward showing garment movement and flow, hands casually grazing outfit hem in a regal sunlit heritage courtyard / aesthetic marble room. Lighting: Dramatic directional studio key light with subtle shadow contouring. Shot on Hasselblad 50mm / iPhone 16 Pro, authentic 35mm film grain, hyper-realistic fabric drape and texture, 8K ultra-detailed, zero CGI smooth plastic skin.",SUCCESS
79,Classic Modern Women Dresses,₹551,🥻 Saree & Ethnic Couture,Sultry Aesthetic Mirror Glance,https://images.meesho.com/images/products/1020588366/adamt_512.webp?width=512,D:\affi;ate\trend-earning-system\photoshoot_pinterest_engine\rendered_posts\PIN_079_classic_modern_wom.jpg,"Authentic raw 8K photoshoot of the exact same 21-year-old young Indian creator (youthful soft-oval face shape with delicate jawline, smooth glowing warm honey skin, expressive almond honey-brown eyes with tightline, delicate straight nose, plump soft rose-pink lips, signature crisp round black bindi centered precisely above eyebrows, voluminous dark espresso black wavy hair with wispy curtain strands, traditional silver oxidised bell-shaped jhumkas and stacked silver bangles) wearing the Classic Modern Women Dresses crafted in rich Super Net with ornate border and pleated pallu. Facial Expression: sultry relaxed gaze looking into mirror reflection through long dark eyelashes, subtle parted lips with natural rose sheen. Pose & Camera: Mirror Selfie Outfit Check — full-length iPhone mirror selfie holding phone in front with aesthetic case, slight hip pop showcasing body contour and waist fit in a regal sunlit heritage courtyard / aesthetic marble room. Lighting: Warm ambient bedroom glow with soft mirror flash highlights. Shot on Hasselblad 50mm / iPhone 16 Pro, authentic 35mm film grain, hyper-realistic fabric drape and texture, 8K ultra-detailed, zero CGI smooth plastic skin.",SUCCESS
80,Classic Modern Women Dresses,₹551,🥻 Saree & Ethnic Couture,Regal Ethnic Grace,https://images.meesho.com/images/products/1020588366/ufgg7_512.webp?width=512,D:\affi;ate\trend-earning-system\photoshoot_pinterest_engine\rendered_posts\PIN_080_classic_modern_wom.jpg,"Authentic raw 8K photoshoot of the exact same 21-year-old young Indian creator (youthful soft-oval face shape with delicate jawline, smooth glowing warm honey skin, expressive almond honey-brown eyes with tightline, delicate straight nose, plump soft rose-pink lips, signature crisp round black bindi centered precisely above eyebrows, voluminous dark espresso black wavy hair with wispy curtain strands, traditional silver oxidised bell-shaped jhumkas and stacked silver bangles) wearing the Classic Modern Women Dresses crafted in rich Super Net with ornate border and pleated pallu. Facial Expression: poised regal expression with soft dignified eyes, gentle serene half-smile accentuating her signature centered black bindi. Pose & Camera: Over-The-Shoulder Turn — turning back over shoulder towards camera, highlighting back cut, halter ties, and side silhouette curvature in a regal sunlit heritage courtyard / aesthetic marble room. Lighting: Golden hour sunlight streaming through traditional jharokha courtyard. Shot on Hasselblad 50mm / iPhone 16 Pro, authentic 35mm film grain, hyper-realistic fabric drape and texture, 8K ultra-detailed, zero CGI smooth plastic skin.",SUCCESS
81,Classic Modern Women Dresses,₹551,🥻 Saree & Ethnic Couture,Playful Candid Smirk,https://images.meesho.com/images/products/1020588366/hchkt_128.webp?width=512,D:\affi;ate\trend-earning-system\photoshoot_pinterest_engine\rendered_posts\PIN_081_classic_modern_wom.jpg,"Authentic raw 8K photoshoot of the exact same 21-year-old young Indian creator (youthful soft-oval face shape with delicate jawline, smooth glowing warm honey skin, expressive almond honey-brown eyes with tightline, delicate straight nose, plump soft rose-pink lips, signature crisp round black bindi centered precisely above eyebrows, voluminous dark espresso black wavy hair with wispy curtain strands, traditional silver oxidised bell-shaped jhumkas and stacked silver bangles) wearing the Classic Modern Women Dresses crafted in rich Super Net with ornate border and pleated pallu. Facial Expression: playful flirtatious smirk with raised eyebrow, cute head-tilt making silver jhumkas sway naturally. Pose & Camera: Seated Luxury Lounge — seated casually on modern velvet armchair, legs crossed elegantly, fabric draping gracefully across the frame in a regal sunlit heritage courtyard / aesthetic marble room. Lighting: Bright natural high-key window daylight. Shot on Hasselblad 50mm / iPhone 16 Pro, authentic 35mm film grain, hyper-realistic fabric drape and texture, 8K ultra-detailed, zero CGI smooth plastic skin.",SUCCESS
82,Classic Modern Women Dresses,₹551,🥻 Saree & Ethnic Couture,Romantic Nostalgic Gaze,https://images.meesho.com/images/products/1056980701/crkkq_512.webp?width=512,D:\affi;ate\trend-earning-system\photoshoot_pinterest_engine\rendered_posts\PIN_082_classic_modern_wom.jpg,"Authentic raw 8K photoshoot of the exact same 21-year-old young Indian creator (youthful soft-oval face shape with delicate jawline, smooth glowing warm honey skin, expressive almond honey-brown eyes with tightline, delicate straight nose, plump soft rose-pink lips, signature crisp round black bindi centered precisely above eyebrows, voluminous dark espresso black wavy hair with wispy curtain strands, traditional silver oxidised bell-shaped jhumkas and stacked silver bangles) wearing the Classic Modern Women Dresses crafted in rich Super Net with ornate border and pleated pallu. Facial Expression: dreamy soft romantic expression, eyes catching bright natural catchlights, gentle feminine chin angle. Pose & Camera: Saree Pallu Flaunt — holding pleated pallu delicately with manicured fingers, shoulder drape highlighted with glistening stacked silver bangles in a regal sunlit heritage courtyard / aesthetic marble room. Lighting: Sunset warm golden hour backlight creating subtle hair rim glow. Shot on Hasselblad 50mm / iPhone 16 Pro, authentic 35mm film grain, hyper-realistic fabric drape and texture, 8K ultra-detailed, zero CGI smooth plastic skin.",SUCCESS
83,Classic Modern Women Dresses,₹551,🥻 Saree & Ethnic Couture,Confident GenZ Creator,https://images.meesho.com/images/products/993398825/bzsfr_512.webp?width=512,D:\affi;ate\trend-earning-system\photoshoot_pinterest_engine\rendered_posts\PIN_083_classic_modern_wom.jpg,"Authentic raw 8K photoshoot of the exact same 21-year-old young Indian creator (youthful soft-oval face shape with delicate jawline, smooth glowing warm honey skin, expressive almond honey-brown eyes with tightline, delicate straight nose, plump soft rose-pink lips, signature crisp round black bindi centered precisely above eyebrows, voluminous dark espresso black wavy hair with wispy curtain strands, traditional silver oxidised bell-shaped jhumkas and stacked silver bangles) wearing the Classic Modern Women Dresses crafted in rich Super Net with ornate border and pleated pallu. Facial Expression: modern cool girl creator expression, direct charismatic gaze, confident radiant smile with flawless natural skin texture. Pose & Camera: Medium Close-Up Detail — medium 85mm portrait shot, one hand casually touching collarbone/neckline, focusing on fabric texture and earring sparkle in a regal sunlit heritage courtyard / aesthetic marble room. Lighting: Clean crisp ring-light fill mixed with natural soft room daylight. Shot on Hasselblad 50mm / iPhone 16 Pro, authentic 35mm film grain, hyper-realistic fabric drape and texture, 8K ultra-detailed, zero CGI smooth plastic skin.",SUCCESS
84,Classic Modern Women Dresses,₹551,🥻 Saree & Ethnic Couture,Fierce Editorial Stare,https://images.meesho.com/images/products/1020598349/9mfww_512.webp?width=512,D:\affi;ate\trend-earning-system\photoshoot_pinterest_engine\rendered_posts\PIN_084_classic_modern_wom.jpg,"Authentic raw 8K photoshoot of the exact same 21-year-old young Indian creator (youthful soft-oval face shape with delicate jawline, smooth glowing warm honey skin, expressive almond honey-brown eyes with tightline, delicate straight nose, plump soft rose-pink lips, signature crisp round black bindi centered precisely above eyebrows, voluminous dark espresso black wavy hair with wispy curtain strands, traditional silver oxidised bell-shaped jhumkas and stacked silver bangles) wearing the Classic Modern Women Dresses crafted in rich Super Net with ornate border and pleated pallu. Facial Expression: intense high-fashion editorial eye contact, relaxed lips with effortless confidence, sharp defined jawline angle. Pose & Camera: Full-Length Runway Strut — full-body walking perspective, one foot forward showing garment movement and flow, hands casually grazing outfit hem in a regal sunlit heritage courtyard / aesthetic marble room. Lighting: Dramatic directional studio key light with subtle shadow contouring. Shot on Hasselblad 50mm / iPhone 16 Pro, authentic 35mm film grain, hyper-realistic fabric drape and texture, 8K ultra-detailed, zero CGI smooth plastic skin.",SUCCESS
85,Classic Modern Women Dresses,₹551,🥻 Saree & Ethnic Couture,Sultry Aesthetic Mirror Glance,https://images.meesho.com/images/products/1056969307/gwpm3_512.webp?width=512,D:\affi;ate\trend-earning-system\photoshoot_pinterest_engine\rendered_posts\PIN_085_classic_modern_wom.jpg,"Authentic raw 8K photoshoot of the exact same 21-year-old young Indian creator (youthful soft-oval face shape with delicate jawline, smooth glowing warm honey skin, expressive almond honey-brown eyes with tightline, delicate straight nose, plump soft rose-pink lips, signature crisp round black bindi centered precisely above eyebrows, voluminous dark espresso black wavy hair with wispy curtain strands, traditional silver oxidised bell-shaped jhumkas and stacked silver bangles) wearing the Classic Modern Women Dresses crafted in rich Super Net with ornate border and pleated pallu. Facial Expression: sultry relaxed gaze looking into mirror reflection through long dark eyelashes, subtle parted lips with natural rose sheen. Pose & Camera: Mirror Selfie Outfit Check — full-length iPhone mirror selfie holding phone in front with aesthetic case, slight hip pop showcasing body contour and waist fit in a regal sunlit heritage courtyard / aesthetic marble room. Lighting: Warm ambient bedroom glow with soft mirror flash highlights. Shot on Hasselblad 50mm / iPhone 16 Pro, authentic 35mm film grain, hyper-realistic fabric drape and texture, 8K ultra-detailed, zero CGI smooth plastic skin.",SUCCESS
86,Classic Modern Women Dresses,₹551,🥻 Saree & Ethnic Couture,Regal Ethnic Grace,https://images.meesho.com/images/products/637146786/e99cs_512.webp?width=512,D:\affi;ate\trend-earning-system\photoshoot_pinterest_engine\rendered_posts\PIN_086_classic_modern_wom.jpg,"Authentic raw 8K photoshoot of the exact same 21-year-old young Indian creator (youthful soft-oval face shape with delicate jawline, smooth glowing warm honey skin, expressive almond honey-brown eyes with tightline, delicate straight nose, plump soft rose-pink lips, signature crisp round black bindi centered precisely above eyebrows, voluminous dark espresso black wavy hair with wispy curtain strands, traditional silver oxidised bell-shaped jhumkas and stacked silver bangles) wearing the Classic Modern Women Dresses crafted in rich Super Net with ornate border and pleated pallu. Facial Expression: poised regal expression with soft dignified eyes, gentle serene half-smile accentuating her signature centered black bindi. Pose & Camera: Over-The-Shoulder Turn — turning back over shoulder towards camera, highlighting back cut, halter ties, and side silhouette curvature in a regal sunlit heritage courtyard / aesthetic marble room. Lighting: Golden hour sunlight streaming through traditional jharokha courtyard. Shot on Hasselblad 50mm / iPhone 16 Pro, authentic 35mm film grain, hyper-realistic fabric drape and texture, 8K ultra-detailed, zero CGI smooth plastic skin.",SUCCESS
87,Classic Modern Women Dresses,₹551,🥻 Saree & Ethnic Couture,Playful Candid Smirk,https://images.meesho.com/images/products/1106292219/3tgwh_512.webp?width=512,D:\affi;ate\trend-earning-system\photoshoot_pinterest_engine\rendered_posts\PIN_087_classic_modern_wom.jpg,"Authentic raw 8K photoshoot of the exact same 21-year-old young Indian creator (youthful soft-oval face shape with delicate jawline, smooth glowing warm honey skin, expressive almond honey-brown eyes with tightline, delicate straight nose, plump soft rose-pink lips, signature crisp round black bindi centered precisely above eyebrows, voluminous dark espresso black wavy hair with wispy curtain strands, traditional silver oxidised bell-shaped jhumkas and stacked silver bangles) wearing the Classic Modern Women Dresses crafted in rich Super Net with ornate border and pleated pallu. Facial Expression: playful flirtatious smirk with raised eyebrow, cute head-tilt making silver jhumkas sway naturally. Pose & Camera: Seated Luxury Lounge — seated casually on modern velvet armchair, legs crossed elegantly, fabric draping gracefully across the frame in a regal sunlit heritage courtyard / aesthetic marble room. Lighting: Bright natural high-key window daylight. Shot on Hasselblad 50mm / iPhone 16 Pro, authentic 35mm film grain, hyper-realistic fabric drape and texture, 8K ultra-detailed, zero CGI smooth plastic skin.",SUCCESS
88,Classic Modern Women Dresses,₹551,🥻 Saree & Ethnic Couture,Romantic Nostalgic Gaze,https://images.meesho.com/images/products/628484661/y00mx_512.webp?width=512,D:\affi;ate\trend-earning-system\photoshoot_pinterest_engine\rendered_posts\PIN_088_classic_modern_wom.jpg,"Authentic raw 8K photoshoot of the exact same 21-year-old young Indian creator (youthful soft-oval face shape with delicate jawline, smooth glowing warm honey skin, expressive almond honey-brown eyes with tightline, delicate straight nose, plump soft rose-pink lips, signature crisp round black bindi centered precisely above eyebrows, voluminous dark espresso black wavy hair with wispy curtain strands, traditional silver oxidised bell-shaped jhumkas and stacked silver bangles) wearing the Classic Modern Women Dresses crafted in rich Super Net with ornate border and pleated pallu. Facial Expression: dreamy soft romantic expression, eyes catching bright natural catchlights, gentle feminine chin angle. Pose & Camera: Saree Pallu Flaunt — holding pleated pallu delicately with manicured fingers, shoulder drape highlighted with glistening stacked silver bangles in a regal sunlit heritage courtyard / aesthetic marble room. Lighting: Sunset warm golden hour backlight creating subtle hair rim glow. Shot on Hasselblad 50mm / iPhone 16 Pro, authentic 35mm film grain, hyper-realistic fabric drape and texture, 8K ultra-detailed, zero CGI smooth plastic skin.",SUCCESS
89,Classic Modern Women Dresses,₹551,🥻 Saree & Ethnic Couture,Confident GenZ Creator,https://images.meesho.com/images/products/667270494/sjyvl_512.webp?width=512,D:\affi;ate\trend-earning-system\photoshoot_pinterest_engine\rendered_posts\PIN_089_classic_modern_wom.jpg,"Authentic raw 8K photoshoot of the exact same 21-year-old young Indian creator (youthful soft-oval face shape with delicate jawline, smooth glowing warm honey skin, expressive almond honey-brown eyes with tightline, delicate straight nose, plump soft rose-pink lips, signature crisp round black bindi centered precisely above eyebrows, voluminous dark espresso black wavy hair with wispy curtain strands, traditional silver oxidised bell-shaped jhumkas and stacked silver bangles) wearing the Classic Modern Women Dresses crafted in rich Super Net with ornate border and pleated pallu. Facial Expression: modern cool girl creator expression, direct charismatic gaze, confident radiant smile with flawless natural skin texture. Pose & Camera: Medium Close-Up Detail — medium 85mm portrait shot, one hand casually touching collarbone/neckline, focusing on fabric texture and earring sparkle in a regal sunlit heritage courtyard / aesthetic marble room. Lighting: Clean crisp ring-light fill mixed with natural soft room daylight. Shot on Hasselblad 50mm / iPhone 16 Pro, authentic 35mm film grain, hyper-realistic fabric drape and texture, 8K ultra-detailed, zero CGI smooth plastic skin.",SUCCESS
90,Classic Modern Women Dresses,₹551,🥻 Saree & Ethnic Couture,Fierce Editorial Stare,https://images.meesho.com/images/products/1020658508/o4onc_512.webp?width=512,D:\affi;ate\trend-earning-system\photoshoot_pinterest_engine\rendered_posts\PIN_090_classic_modern_wom.jpg,"Authentic raw 8K photoshoot of the exact same 21-year-old young Indian creator (youthful soft-oval face shape with delicate jawline, smooth glowing warm honey skin, expressive almond honey-brown eyes with tightline, delicate straight nose, plump soft rose-pink lips, signature crisp round black bindi centered precisely above eyebrows, voluminous dark espresso black wavy hair with wispy curtain strands, traditional silver oxidised bell-shaped jhumkas and stacked silver bangles) wearing the Classic Modern Women Dresses crafted in rich Super Net with ornate border and pleated pallu. Facial Expression: intense high-fashion editorial eye contact, relaxed lips with effortless confidence, sharp defined jawline angle. Pose & Camera: Full-Length Runway Strut — full-body walking perspective, one foot forward showing garment movement and flow, hands casually grazing outfit hem in a regal sunlit heritage courtyard / aesthetic marble room. Lighting: Dramatic directional studio key light with subtle shadow contouring. Shot on Hasselblad 50mm / iPhone 16 Pro, authentic 35mm film grain, hyper-realistic fabric drape and texture, 8K ultra-detailed, zero CGI smooth plastic skin.",SUCCESS
91,Classic Modern Women Dresses,₹551,🥻 Saree & Ethnic Couture,Sultry Aesthetic Mirror Glance,https://images.meesho.com/images/products/1057005766/dzn6x_512.webp?width=512,D:\affi;ate\trend-earning-system\photoshoot_pinterest_engine\rendered_posts\PIN_091_classic_modern_wom.jpg,"Authentic raw 8K photoshoot of the exact same 21-year-old young Indian creator (youthful soft-oval face shape with delicate jawline, smooth glowing warm honey skin, expressive almond honey-brown eyes with tightline, delicate straight nose, plump soft rose-pink lips, signature crisp round black bindi centered precisely above eyebrows, voluminous dark espresso black wavy hair with wispy curtain strands, traditional silver oxidised bell-shaped jhumkas and stacked silver bangles) wearing the Classic Modern Women Dresses crafted in rich Super Net with ornate border and pleated pallu. Facial Expression: sultry relaxed gaze looking into mirror reflection through long dark eyelashes, subtle parted lips with natural rose sheen. Pose & Camera: Mirror Selfie Outfit Check — full-length iPhone mirror selfie holding phone in front with aesthetic case, slight hip pop showcasing body contour and waist fit in a regal sunlit heritage courtyard / aesthetic marble room. Lighting: Warm ambient bedroom glow with soft mirror flash highlights. Shot on Hasselblad 50mm / iPhone 16 Pro, authentic 35mm film grain, hyper-realistic fabric drape and texture, 8K ultra-detailed, zero CGI smooth plastic skin.",SUCCESS
92,Comfy Ravishing Women Dresses,₹342,🌟 High-Fashion Statement Outfit,Regal Ethnic Grace,https://images.meesho.com/images/products/1087497961/sahao_512.webp?width=512,D:\affi;ate\trend-earning-system\photoshoot_pinterest_engine\rendered_posts\PIN_092_comfy_ravishing_wo.jpg,"Authentic raw 8K photoshoot of the exact same 21-year-old young Indian creator (youthful soft-oval face shape with delicate jawline, smooth glowing warm honey skin, expressive almond honey-brown eyes with tightline, delicate straight nose, plump soft rose-pink lips, signature crisp round black bindi centered precisely above eyebrows, voluminous dark espresso black wavy hair with wispy curtain strands, traditional silver oxidised bell-shaped jhumkas and stacked silver bangles) wearing the stylish Comfy Ravishing Women Dresses in premium Lycra. Facial Expression: poised regal expression with soft dignified eyes, gentle serene half-smile accentuating her signature centered black bindi. Pose & Camera: Over-The-Shoulder Turn — turning back over shoulder towards camera, highlighting back cut, halter ties, and side silhouette curvature in a chic studio setting with natural golden hour lighting. Lighting: Golden hour sunlight streaming through traditional jharokha courtyard. Shot on Hasselblad 50mm / iPhone 16 Pro, authentic 35mm film grain, hyper-realistic fabric drape and texture, 8K ultra-detailed, zero CGI smooth plastic skin.",SUCCESS
93,Comfy Ravishing Women Dresses,₹342,🌟 High-Fashion Statement Outfit,Playful Candid Smirk,https://images.meesho.com/images/products/735247578/lhjbx_512.webp?width=512,D:\affi;ate\trend-earning-system\photoshoot_pinterest_engine\rendered_posts\PIN_093_comfy_ravishing_wo.jpg,"Authentic raw 8K photoshoot of the exact same 21-year-old young Indian creator (youthful soft-oval face shape with delicate jawline, smooth glowing warm honey skin, expressive almond honey-brown eyes with tightline, delicate straight nose, plump soft rose-pink lips, signature crisp round black bindi centered precisely above eyebrows, voluminous dark espresso black wavy hair with wispy curtain strands, traditional silver oxidised bell-shaped jhumkas and stacked silver bangles) wearing the stylish Comfy Ravishing Women Dresses in premium Lycra. Facial Expression: playful flirtatious smirk with raised eyebrow, cute head-tilt making silver jhumkas sway naturally. Pose & Camera: Seated Luxury Lounge — seated casually on modern velvet armchair, legs crossed elegantly, fabric draping gracefully across the frame in a chic studio setting with natural golden hour lighting. Lighting: Bright natural high-key window daylight. Shot on Hasselblad 50mm / iPhone 16 Pro, authentic 35mm film grain, hyper-realistic fabric drape and texture, 8K ultra-detailed, zero CGI smooth plastic skin.",SUCCESS
94,Comfy Ravishing Women Dresses,₹342,🌟 High-Fashion Statement Outfit,Romantic Nostalgic Gaze,https://images.meesho.com/images/products/1093992026/px1ro_512.webp?width=512,D:\affi;ate\trend-earning-system\photoshoot_pinterest_engine\rendered_posts\PIN_094_comfy_ravishing_wo.jpg,"Authentic raw 8K photoshoot of the exact same 21-year-old young Indian creator (youthful soft-oval face shape with delicate jawline, smooth glowing warm honey skin, expressive almond honey-brown eyes with tightline, delicate straight nose, plump soft rose-pink lips, signature crisp round black bindi centered precisely above eyebrows, voluminous dark espresso black wavy hair with wispy curtain strands, traditional silver oxidised bell-shaped jhumkas and stacked silver bangles) wearing the stylish Comfy Ravishing Women Dresses in premium Lycra. Facial Expression: dreamy soft romantic expression, eyes catching bright natural catchlights, gentle feminine chin angle. Pose & Camera: Saree Pallu Flaunt — holding pleated pallu delicately with manicured fingers, shoulder drape highlighted with glistening stacked silver bangles in a chic studio setting with natural golden hour lighting. Lighting: Sunset warm golden hour backlight creating subtle hair rim glow. Shot on Hasselblad 50mm / iPhone 16 Pro, authentic 35mm film grain, hyper-realistic fabric drape and texture, 8K ultra-detailed, zero CGI smooth plastic skin.",SUCCESS
95,Comfy Ravishing Women Dresses,₹342,🌟 High-Fashion Statement Outfit,Confident GenZ Creator,https://images.meesho.com/images/products/1093992026/7rfg9_512.webp?width=512,D:\affi;ate\trend-earning-system\photoshoot_pinterest_engine\rendered_posts\PIN_095_comfy_ravishing_wo.jpg,"Authentic raw 8K photoshoot of the exact same 21-year-old young Indian creator (youthful soft-oval face shape with delicate jawline, smooth glowing warm honey skin, expressive almond honey-brown eyes with tightline, delicate straight nose, plump soft rose-pink lips, signature crisp round black bindi centered precisely above eyebrows, voluminous dark espresso black wavy hair with wispy curtain strands, traditional silver oxidised bell-shaped jhumkas and stacked silver bangles) wearing the stylish Comfy Ravishing Women Dresses in premium Lycra. Facial Expression: modern cool girl creator expression, direct charismatic gaze, confident radiant smile with flawless natural skin texture. Pose & Camera: Medium Close-Up Detail — medium 85mm portrait shot, one hand casually touching collarbone/neckline, focusing on fabric texture and earring sparkle in a chic studio setting with natural golden hour lighting. Lighting: Clean crisp ring-light fill mixed with natural soft room daylight. Shot on Hasselblad 50mm / iPhone 16 Pro, authentic 35mm film grain, hyper-realistic fabric drape and texture, 8K ultra-detailed, zero CGI smooth plastic skin.",SUCCESS
96,Comfy Ravishing Women Dresses,₹342,🌟 High-Fashion Statement Outfit,Fierce Editorial Stare,https://images.meesho.com/images/products/1093992026/pyzot_512.webp?width=512,D:\affi;ate\trend-earning-system\photoshoot_pinterest_engine\rendered_posts\PIN_096_comfy_ravishing_wo.jpg,"Authentic raw 8K photoshoot of the exact same 21-year-old young Indian creator (youthful soft-oval face shape with delicate jawline, smooth glowing warm honey skin, expressive almond honey-brown eyes with tightline, delicate straight nose, plump soft rose-pink lips, signature crisp round black bindi centered precisely above eyebrows, voluminous dark espresso black wavy hair with wispy curtain strands, traditional silver oxidised bell-shaped jhumkas and stacked silver bangles) wearing the stylish Comfy Ravishing Women Dresses in premium Lycra. Facial Expression: intense high-fashion editorial eye contact, relaxed lips with effortless confidence, sharp defined jawline angle. Pose & Camera: Full-Length Runway Strut — full-body walking perspective, one foot forward showing garment movement and flow, hands casually grazing outfit hem in a chic studio setting with natural golden hour lighting. Lighting: Dramatic directional studio key light with subtle shadow contouring. Shot on Hasselblad 50mm / iPhone 16 Pro, authentic 35mm film grain, hyper-realistic fabric drape and texture, 8K ultra-detailed, zero CGI smooth plastic skin.",SUCCESS
97,Comfy Ravishing Women Dresses,₹342,🌟 High-Fashion Statement Outfit,Sultry Aesthetic Mirror Glance,https://images.meesho.com/images/products/1093992026/54jat_128.webp?width=512,D:\affi;ate\trend-earning-system\photoshoot_pinterest_engine\rendered_posts\PIN_097_comfy_ravishing_wo.jpg,"Authentic raw 8K photoshoot of the exact same 21-year-old young Indian creator (youthful soft-oval face shape with delicate jawline, smooth glowing warm honey skin, expressive almond honey-brown eyes with tightline, delicate straight nose, plump soft rose-pink lips, signature crisp round black bindi centered precisely above eyebrows, voluminous dark espresso black wavy hair with wispy curtain strands, traditional silver oxidised bell-shaped jhumkas and stacked silver bangles) wearing the stylish Comfy Ravishing Women Dresses in premium Lycra. Facial Expression: sultry relaxed gaze looking into mirror reflection through long dark eyelashes, subtle parted lips with natural rose sheen. Pose & Camera: Mirror Selfie Outfit Check — full-length iPhone mirror selfie holding phone in front with aesthetic case, slight hip pop showcasing body contour and waist fit in a chic studio setting with natural golden hour lighting. Lighting: Warm ambient bedroom glow with soft mirror flash highlights. Shot on Hasselblad 50mm / iPhone 16 Pro, authentic 35mm film grain, hyper-realistic fabric drape and texture, 8K ultra-detailed, zero CGI smooth plastic skin.",SUCCESS
98,Comfy Ravishing Women Dresses,₹342,🌟 High-Fashion Statement Outfit,Regal Ethnic Grace,https://images.meesho.com/images/products/1090292536/fnf5d_512.webp?width=512,D:\affi;ate\trend-earning-system\photoshoot_pinterest_engine\rendered_posts\PIN_098_comfy_ravishing_wo.jpg,"Authentic raw 8K photoshoot of the exact same 21-year-old young Indian creator (youthful soft-oval face shape with delicate jawline, smooth glowing warm honey skin, expressive almond honey-brown eyes with tightline, delicate straight nose, plump soft rose-pink lips, signature crisp round black bindi centered precisely above eyebrows, voluminous dark espresso black wavy hair with wispy curtain strands, traditional silver oxidised bell-shaped jhumkas and stacked silver bangles) wearing the stylish Comfy Ravishing Women Dresses in premium Lycra. Facial Expression: poised regal expression with soft dignified eyes, gentle serene half-smile accentuating her signature centered black bindi. Pose & Camera: Over-The-Shoulder Turn — turning back over shoulder towards camera, highlighting back cut, halter ties, and side silhouette curvature in a chic studio setting with natural golden hour lighting. Lighting: Golden hour sunlight streaming through traditional jharokha courtyard. Shot on Hasselblad 50mm / iPhone 16 Pro, authentic 35mm film grain, hyper-realistic fabric drape and texture, 8K ultra-detailed, zero CGI smooth plastic skin.",SUCCESS
99,Comfy Ravishing Women Dresses,₹342,🌟 High-Fashion Statement Outfit,Playful Candid Smirk,https://images.meesho.com/images/products/1077081816/krufl_512.webp?width=512,D:\affi;ate\trend-earning-system\photoshoot_pinterest_engine\rendered_posts\PIN_099_comfy_ravishing_wo.jpg,"Authentic raw 8K photoshoot of the exact same 21-year-old young Indian creator (youthful soft-oval face shape with delicate jawline, smooth glowing warm honey skin, expressive almond honey-brown eyes with tightline, delicate straight nose, plump soft rose-pink lips, signature crisp round black bindi centered precisely above eyebrows, voluminous dark espresso black wavy hair with wispy curtain strands, traditional silver oxidised bell-shaped jhumkas and stacked silver bangles) wearing the stylish Comfy Ravishing Women Dresses in premium Lycra. Facial Expression: playful flirtatious smirk with raised eyebrow, cute head-tilt making silver jhumkas sway naturally. Pose & Camera: Seated Luxury Lounge — seated casually on modern velvet armchair, legs crossed elegantly, fabric draping gracefully across the frame in a chic studio setting with natural golden hour lighting. Lighting: Bright natural high-key window daylight. Shot on Hasselblad 50mm / iPhone 16 Pro, authentic 35mm film grain, hyper-realistic fabric drape and texture, 8K ultra-detailed, zero CGI smooth plastic skin.",SUCCESS
100,Comfy Ravishing Women Dresses,₹342,🌟 High-Fashion Statement Outfit,Romantic Nostalgic Gaze,https://images.meesho.com/images/products/1111174429/wghte_512.webp?width=512,D:\affi;ate\trend-earning-system\photoshoot_pinterest_engine\rendered_posts\PIN_100_comfy_ravishing_wo.jpg,"Authentic raw 8K photoshoot of the exact same 21-year-old young Indian creator (youthful soft-oval face shape with delicate jawline, smooth glowing warm honey skin, expressive almond honey-brown eyes with tightline, delicate straight nose, plump soft rose-pink lips, signature crisp round black bindi centered precisely above eyebrows, voluminous dark espresso black wavy hair with wispy curtain strands, traditional silver oxidised bell-shaped jhumkas and stacked silver bangles) wearing the stylish Comfy Ravishing Women Dresses in premium Lycra. Facial Expression: dreamy soft romantic expression, eyes catching bright natural catchlights, gentle feminine chin angle. Pose & Camera: Saree Pallu Flaunt — holding pleated pallu delicately with manicured fingers, shoulder drape highlighted with glistening stacked silver bangles in a chic studio setting with natural golden hour lighting. Lighting: Sunset warm golden hour backlight creating subtle hair rim glow. Shot on Hasselblad 50mm / iPhone 16 Pro, authentic 35mm film grain, hyper-realistic fabric drape and texture, 8K ultra-detailed, zero CGI smooth plastic skin.",SUCCESS
101,Comfy Ravishing Women Dresses,₹342,🌟 High-Fashion Statement Outfit,Confident GenZ Creator,https://images.meesho.com/images/products/1110839238/xs8ws_512.webp?width=512,D:\affi;ate\trend-earning-system\photoshoot_pinterest_engine\rendered_posts\PIN_101_comfy_ravishing_wo.jpg,"Authentic raw 8K photoshoot of the exact same 21-year-old young Indian creator (youthful soft-oval face shape with delicate jawline, smooth glowing warm honey skin, expressive almond honey-brown eyes with tightline, delicate straight nose, plump soft rose-pink lips, signature crisp round black bindi centered precisely above eyebrows, voluminous dark espresso black wavy hair with wispy curtain strands, traditional silver oxidised bell-shaped jhumkas and stacked silver bangles) wearing the stylish Comfy Ravishing Women Dresses in premium Lycra. Facial Expression: modern cool girl creator expression, direct charismatic gaze, confident radiant smile with flawless natural skin texture. Pose & Camera: Medium Close-Up Detail — medium 85mm portrait shot, one hand casually touching collarbone/neckline, focusing on fabric texture and earring sparkle in a chic studio setting with natural golden hour lighting. Lighting: Clean crisp ring-light fill mixed with natural soft room daylight. Shot on Hasselblad 50mm / iPhone 16 Pro, authentic 35mm film grain, hyper-realistic fabric drape and texture, 8K ultra-detailed, zero CGI smooth plastic skin.",SUCCESS
102,Comfy Ravishing Women Dresses,₹342,🌟 High-Fashion Statement Outfit,Fierce Editorial Stare,https://images.meesho.com/images/products/1077371275/nh5co_512.webp?width=512,D:\affi;ate\trend-earning-system\photoshoot_pinterest_engine\rendered_posts\PIN_102_comfy_ravishing_wo.jpg,"Authentic raw 8K photoshoot of the exact same 21-year-old young Indian creator (youthful soft-oval face shape with delicate jawline, smooth glowing warm honey skin, expressive almond honey-brown eyes with tightline, delicate straight nose, plump soft rose-pink lips, signature crisp round black bindi centered precisely above eyebrows, voluminous dark espresso black wavy hair with wispy curtain strands, traditional silver oxidised bell-shaped jhumkas and stacked silver bangles) wearing the stylish Comfy Ravishing Women Dresses in premium Lycra. Facial Expression: intense high-fashion editorial eye contact, relaxed lips with effortless confidence, sharp defined jawline angle. Pose & Camera: Full-Length Runway Strut — full-body walking perspective, one foot forward showing garment movement and flow, hands casually grazing outfit hem in a chic studio setting with natural golden hour lighting. Lighting: Dramatic directional studio key light with subtle shadow contouring. Shot on Hasselblad 50mm / iPhone 16 Pro, authentic 35mm film grain, hyper-realistic fabric drape and texture, 8K ultra-detailed, zero CGI smooth plastic skin.",SUCCESS
103,Comfy Ravishing Women Dresses,₹342,🌟 High-Fashion Statement Outfit,Sultry Aesthetic Mirror Glance,https://images.meesho.com/images/products/1090223387/iwxnn_512.webp?width=512,D:\affi;ate\trend-earning-system\photoshoot_pinterest_engine\rendered_posts\PIN_103_comfy_ravishing_wo.jpg,"Authentic raw 8K photoshoot of the exact same 21-year-old young Indian creator (youthful soft-oval face shape with delicate jawline, smooth glowing warm honey skin, expressive almond honey-brown eyes with tightline, delicate straight nose, plump soft rose-pink lips, signature crisp round black bindi centered precisely above eyebrows, voluminous dark espresso black wavy hair with wispy curtain strands, traditional silver oxidised bell-shaped jhumkas and stacked silver bangles) wearing the stylish Comfy Ravishing Women Dresses in premium Lycra. Facial Expression: sultry relaxed gaze looking into mirror reflection through long dark eyelashes, subtle parted lips with natural rose sheen. Pose & Camera: Mirror Selfie Outfit Check — full-length iPhone mirror selfie holding phone in front with aesthetic case, slight hip pop showcasing body contour and waist fit in a chic studio setting with natural golden hour lighting. Lighting: Warm ambient bedroom glow with soft mirror flash highlights. Shot on Hasselblad 50mm / iPhone 16 Pro, authentic 35mm film grain, hyper-realistic fabric drape and texture, 8K ultra-detailed, zero CGI smooth plastic skin.",SUCCESS
104,Urbane Partywear Women Dresses,₹420,🌟 High-Fashion Statement Outfit,Regal Ethnic Grace,https://images.meesho.com/images/products/1110668669/jgtkv_512.webp?width=512,D:\affi;ate\trend-earning-system\photoshoot_pinterest_engine\rendered_posts\PIN_104_urbane_partywear_w.jpg,"Authentic raw 8K photoshoot of the exact same 21-year-old young Indian creator (youthful soft-oval face shape with delicate jawline, smooth glowing warm honey skin, expressive almond honey-brown eyes with tightline, delicate straight nose, plump soft rose-pink lips, signature crisp round black bindi centered precisely above eyebrows, voluminous dark espresso black wavy hair with wispy curtain strands, traditional silver oxidised bell-shaped jhumkas and stacked silver bangles) wearing the stylish Urbane Partywear Women Dresses in premium Cotton Blend. Facial Expression: poised regal expression with soft dignified eyes, gentle serene half-smile accentuating her signature centered black bindi. Pose & Camera: Over-The-Shoulder Turn — turning back over shoulder towards camera, highlighting back cut, halter ties, and side silhouette curvature in a chic studio setting with natural golden hour lighting. Lighting: Golden hour sunlight streaming through traditional jharokha courtyard. Shot on Hasselblad 50mm / iPhone 16 Pro, authentic 35mm film grain, hyper-realistic fabric drape and texture, 8K ultra-detailed, zero CGI smooth plastic skin.",SUCCESS
105,Urbane Partywear Women Dresses,₹420,🌟 High-Fashion Statement Outfit,Playful Candid Smirk,https://images.meesho.com/images/products/678247844/pvmwd_512.webp?width=512,D:\affi;ate\trend-earning-system\photoshoot_pinterest_engine\rendered_posts\PIN_105_urbane_partywear_w.jpg,"Authentic raw 8K photoshoot of the exact same 21-year-old young Indian creator (youthful soft-oval face shape with delicate jawline, smooth glowing warm honey skin, expressive almond honey-brown eyes with tightline, delicate straight nose, plump soft rose-pink lips, signature crisp round black bindi centered precisely above eyebrows, voluminous dark espresso black wavy hair with wispy curtain strands, traditional silver oxidised bell-shaped jhumkas and stacked silver bangles) wearing the stylish Urbane Partywear Women Dresses in premium Cotton Blend. Facial Expression: playful flirtatious smirk with raised eyebrow, cute head-tilt making silver jhumkas sway naturally. Pose & Camera: Seated Luxury Lounge — seated casually on modern velvet armchair, legs crossed elegantly, fabric draping gracefully across the frame in a chic studio setting with natural golden hour lighting. Lighting: Bright natural high-key window daylight. Shot on Hasselblad 50mm / iPhone 16 Pro, authentic 35mm film grain, hyper-realistic fabric drape and texture, 8K ultra-detailed, zero CGI smooth plastic skin.",SUCCESS
106,Urbane Partywear Women Dresses,₹420,🌟 High-Fashion Statement Outfit,Romantic Nostalgic Gaze,https://images.meesho.com/images/products/1101116669/m07cb_512.webp?width=512,D:\affi;ate\trend-earning-system\photoshoot_pinterest_engine\rendered_posts\PIN_106_urbane_partywear_w.jpg,"Authentic raw 8K photoshoot of the exact same 21-year-old young Indian creator (youthful soft-oval face shape with delicate jawline, smooth glowing warm honey skin, expressive almond honey-brown eyes with tightline, delicate straight nose, plump soft rose-pink lips, signature crisp round black bindi centered precisely above eyebrows, voluminous dark espresso black wavy hair with wispy curtain strands, traditional silver oxidised bell-shaped jhumkas and stacked silver bangles) wearing the stylish Urbane Partywear Women Dresses in premium Cotton Blend. Facial Expression: dreamy soft romantic expression, eyes catching bright natural catchlights, gentle feminine chin angle. Pose & Camera: Saree Pallu Flaunt — holding pleated pallu delicately with manicured fingers, shoulder drape highlighted with glistening stacked silver bangles in a chic studio setting with natural golden hour lighting. Lighting: Sunset warm golden hour backlight creating subtle hair rim glow. Shot on Hasselblad 50mm / iPhone 16 Pro, authentic 35mm film grain, hyper-realistic fabric drape and texture, 8K ultra-detailed, zero CGI smooth plastic skin.",SUCCESS
107,Urbane Partywear Women Dresses,₹420,🌟 High-Fashion Statement Outfit,Confident GenZ Creator,https://images.meesho.com/images/products/1110668669/yl5ge_512.webp?width=512,D:\affi;ate\trend-earning-system\photoshoot_pinterest_engine\rendered_posts\PIN_107_urbane_partywear_w.jpg,"Authentic raw 8K photoshoot of the exact same 21-year-old young Indian creator (youthful soft-oval face shape with delicate jawline, smooth glowing warm honey skin, expressive almond honey-brown eyes with tightline, delicate straight nose, plump soft rose-pink lips, signature crisp round black bindi centered precisely above eyebrows, voluminous dark espresso black wavy hair with wispy curtain strands, traditional silver oxidised bell-shaped jhumkas and stacked silver bangles) wearing the stylish Urbane Partywear Women Dresses in premium Cotton Blend. Facial Expression: modern cool girl creator expression, direct charismatic gaze, confident radiant smile with flawless natural skin texture. Pose & Camera: Medium Close-Up Detail — medium 85mm portrait shot, one hand casually touching collarbone/neckline, focusing on fabric texture and earring sparkle in a chic studio setting with natural golden hour lighting. Lighting: Clean crisp ring-light fill mixed with natural soft room daylight. Shot on Hasselblad 50mm / iPhone 16 Pro, authentic 35mm film grain, hyper-realistic fabric drape and texture, 8K ultra-detailed, zero CGI smooth plastic skin.",SUCCESS
108,Urbane Partywear Women Dresses,₹420,🌟 High-Fashion Statement Outfit,Fierce Editorial Stare,https://images.meesho.com/images/products/1110668669/ugozi_512.webp?width=512,D:\affi;ate\trend-earning-system\photoshoot_pinterest_engine\rendered_posts\PIN_108_urbane_partywear_w.jpg,"Authentic raw 8K photoshoot of the exact same 21-year-old young Indian creator (youthful soft-oval face shape with delicate jawline, smooth glowing warm honey skin, expressive almond honey-brown eyes with tightline, delicate straight nose, plump soft rose-pink lips, signature crisp round black bindi centered precisely above eyebrows, voluminous dark espresso black wavy hair with wispy curtain strands, traditional silver oxidised bell-shaped jhumkas and stacked silver bangles) wearing the stylish Urbane Partywear Women Dresses in premium Cotton Blend. Facial Expression: intense high-fashion editorial eye contact, relaxed lips with effortless confidence, sharp defined jawline angle. Pose & Camera: Full-Length Runway Strut — full-body walking perspective, one foot forward showing garment movement and flow, hands casually grazing outfit hem in a chic studio setting with natural golden hour lighting. Lighting: Dramatic directional studio key light with subtle shadow contouring. Shot on Hasselblad 50mm / iPhone 16 Pro, authentic 35mm film grain, hyper-realistic fabric drape and texture, 8K ultra-detailed, zero CGI smooth plastic skin.",SUCCESS
109,Urbane Partywear Women Dresses,₹420,🌟 High-Fashion Statement Outfit,Sultry Aesthetic Mirror Glance,https://images.meesho.com/images/products/1110668669/j8cwx_512.webp?width=512,D:\affi;ate\trend-earning-system\photoshoot_pinterest_engine\rendered_posts\PIN_109_urbane_partywear_w.jpg,"Authentic raw 8K photoshoot of the exact same 21-year-old young Indian creator (youthful soft-oval face shape with delicate jawline, smooth glowing warm honey skin, expressive almond honey-brown eyes with tightline, delicate straight nose, plump soft rose-pink lips, signature crisp round black bindi centered precisely above eyebrows, voluminous dark espresso black wavy hair with wispy curtain strands, traditional silver oxidised bell-shaped jhumkas and stacked silver bangles) wearing the stylish Urbane Partywear Women Dresses in premium Cotton Blend. Facial Expression: sultry relaxed gaze looking into mirror reflection through long dark eyelashes, subtle parted lips with natural rose sheen. Pose & Camera: Mirror Selfie Outfit Check — full-length iPhone mirror selfie holding phone in front with aesthetic case, slight hip pop showcasing body contour and waist fit in a chic studio setting with natural golden hour lighting. Lighting: Warm ambient bedroom glow with soft mirror flash highlights. Shot on Hasselblad 50mm / iPhone 16 Pro, authentic 35mm film grain, hyper-realistic fabric drape and texture, 8K ultra-detailed, zero CGI smooth plastic skin.",SUCCESS
110,Urbane Partywear Women Dresses,₹420,🌟 High-Fashion Statement Outfit,Regal Ethnic Grace,https://images.meesho.com/images/products/1110668669/jgtkv_128.webp?width=512,D:\affi;ate\trend-earning-system\photoshoot_pinterest_engine\rendered_posts\PIN_110_urbane_partywear_w.jpg,"Authentic raw 8K photoshoot of the exact same 21-year-old young Indian creator (youthful soft-oval face shape with delicate jawline, smooth glowing warm honey skin, expressive almond honey-brown eyes with tightline, delicate straight nose, plump soft rose-pink lips, signature crisp round black bindi centered precisely above eyebrows, voluminous dark espresso black wavy hair with wispy curtain strands, traditional silver oxidised bell-shaped jhumkas and stacked silver bangles) wearing the stylish Urbane Partywear Women Dresses in premium Cotton Blend. Facial Expression: poised regal expression with soft dignified eyes, gentle serene half-smile accentuating her signature centered black bindi. Pose & Camera: Over-The-Shoulder Turn — turning back over shoulder towards camera, highlighting back cut, halter ties, and side silhouette curvature in a chic studio setting with natural golden hour lighting. Lighting: Golden hour sunlight streaming through traditional jharokha courtyard. Shot on Hasselblad 50mm / iPhone 16 Pro, authentic 35mm film grain, hyper-realistic fabric drape and texture, 8K ultra-detailed, zero CGI smooth plastic skin.",SUCCESS
111,Urbane Partywear Women Dresses,₹420,🌟 High-Fashion Statement Outfit,Playful Candid Smirk,https://images.meesho.com/images/products/1086109074/w26mz_512.webp?width=512,D:\affi;ate\trend-earning-system\photoshoot_pinterest_engine\rendered_posts\PIN_111_urbane_partywear_w.jpg,"Authentic raw 8K photoshoot of the exact same 21-year-old young Indian creator (youthful soft-oval face shape with delicate jawline, smooth glowing warm honey skin, expressive almond honey-brown eyes with tightline, delicate straight nose, plump soft rose-pink lips, signature crisp round black bindi centered precisely above eyebrows, voluminous dark espresso black wavy hair with wispy curtain strands, traditional silver oxidised bell-shaped jhumkas and stacked silver bangles) wearing the stylish Urbane Partywear Women Dresses in premium Cotton Blend. Facial Expression: playful flirtatious smirk with raised eyebrow, cute head-tilt making silver jhumkas sway naturally. Pose & Camera: Seated Luxury Lounge — seated casually on modern velvet armchair, legs crossed elegantly, fabric draping gracefully across the frame in a chic studio setting with natural golden hour lighting. Lighting: Bright natural high-key window daylight. Shot on Hasselblad 50mm / iPhone 16 Pro, authentic 35mm film grain, hyper-realistic fabric drape and texture, 8K ultra-detailed, zero CGI smooth plastic skin.",SUCCESS
112,Urbane Partywear Women Dresses,₹420,🌟 High-Fashion Statement Outfit,Romantic Nostalgic Gaze,https://images.meesho.com/images/products/1108419938/8md0x_512.webp?width=512,D:\affi;ate\trend-earning-system\photoshoot_pinterest_engine\rendered_posts\PIN_112_urbane_partywear_w.jpg,"Authentic raw 8K photoshoot of the exact same 21-year-old young Indian creator (youthful soft-oval face shape with delicate jawline, smooth glowing warm honey skin, expressive almond honey-brown eyes with tightline, delicate straight nose, plump soft rose-pink lips, signature crisp round black bindi centered precisely above eyebrows, voluminous dark espresso black wavy hair with wispy curtain strands, traditional silver oxidised bell-shaped jhumkas and stacked silver bangles) wearing the stylish Urbane Partywear Women Dresses in premium Cotton Blend. Facial Expression: dreamy soft romantic expression, eyes catching bright natural catchlights, gentle feminine chin angle. Pose & Camera: Saree Pallu Flaunt — holding pleated pallu delicately with manicured fingers, shoulder drape highlighted with glistening stacked silver bangles in a chic studio setting with natural golden hour lighting. Lighting: Sunset warm golden hour backlight creating subtle hair rim glow. Shot on Hasselblad 50mm / iPhone 16 Pro, authentic 35mm film grain, hyper-realistic fabric drape and texture, 8K ultra-detailed, zero CGI smooth plastic skin.",SUCCESS
113,Urbane Partywear Women Dresses,₹420,🌟 High-Fashion Statement Outfit,Confident GenZ Creator,https://images.meesho.com/images/products/700879305/ipxeh_512.webp?width=512,D:\affi;ate\trend-earning-system\photoshoot_pinterest_engine\rendered_posts\PIN_113_urbane_partywear_w.jpg,"Authentic raw 8K photoshoot of the exact same 21-year-old young Indian creator (youthful soft-oval face shape with delicate jawline, smooth glowing warm honey skin, expressive almond honey-brown eyes with tightline, delicate straight nose, plump soft rose-pink lips, signature crisp round black bindi centered precisely above eyebrows, voluminous dark espresso black wavy hair with wispy curtain strands, traditional silver oxidised bell-shaped jhumkas and stacked silver bangles) wearing the stylish Urbane Partywear Women Dresses in premium Cotton Blend. Facial Expression: modern cool girl creator expression, direct charismatic gaze, confident radiant smile with flawless natural skin texture. Pose & Camera: Medium Close-Up Detail — medium 85mm portrait shot, one hand casually touching collarbone/neckline, focusing on fabric texture and earring sparkle in a chic studio setting with natural golden hour lighting. Lighting: Clean crisp ring-light fill mixed with natural soft room daylight. Shot on Hasselblad 50mm / iPhone 16 Pro, authentic 35mm film grain, hyper-realistic fabric drape and texture, 8K ultra-detailed, zero CGI smooth plastic skin.",SUCCESS
114,Urbane Partywear Women Dresses,₹420,🌟 High-Fashion Statement Outfit,Fierce Editorial Stare,https://images.meesho.com/images/products/525591028/bgg5a_512.webp?width=512,D:\affi;ate\trend-earning-system\photoshoot_pinterest_engine\rendered_posts\PIN_114_urbane_partywear_w.jpg,"Authentic raw 8K photoshoot of the exact same 21-year-old young Indian creator (youthful soft-oval face shape with delicate jawline, smooth glowing warm honey skin, expressive almond honey-brown eyes with tightline, delicate straight nose, plump soft rose-pink lips, signature crisp round black bindi centered precisely above eyebrows, voluminous dark espresso black wavy hair with wispy curtain strands, traditional silver oxidised bell-shaped jhumkas and stacked silver bangles) wearing the stylish Urbane Partywear Women Dresses in premium Cotton Blend. Facial Expression: intense high-fashion editorial eye contact, relaxed lips with effortless confidence, sharp defined jawline angle. Pose & Camera: Full-Length Runway Strut — full-body walking perspective, one foot forward showing garment movement and flow, hands casually grazing outfit hem in a chic studio setting with natural golden hour lighting. Lighting: Dramatic directional studio key light with subtle shadow contouring. Shot on Hasselblad 50mm / iPhone 16 Pro, authentic 35mm film grain, hyper-realistic fabric drape and texture, 8K ultra-detailed, zero CGI smooth plastic skin.",SUCCESS
115,Urbane Partywear Women Dresses,₹420,🌟 High-Fashion Statement Outfit,Sultry Aesthetic Mirror Glance,https://images.meesho.com/images/products/1110540896/oj7hw_512.webp?width=512,D:\affi;ate\trend-earning-system\photoshoot_pinterest_engine\rendered_posts\PIN_115_urbane_partywear_w.jpg,"Authentic raw 8K photoshoot of the exact same 21-year-old young Indian creator (youthful soft-oval face shape with delicate jawline, smooth glowing warm honey skin, expressive almond honey-brown eyes with tightline, delicate straight nose, plump soft rose-pink lips, signature crisp round black bindi centered precisely above eyebrows, voluminous dark espresso black wavy hair with wispy curtain strands, traditional silver oxidised bell-shaped jhumkas and stacked silver bangles) wearing the stylish Urbane Partywear Women Dresses in premium Cotton Blend. Facial Expression: sultry relaxed gaze looking into mirror reflection through long dark eyelashes, subtle parted lips with natural rose sheen. Pose & Camera: Mirror Selfie Outfit Check — full-length iPhone mirror selfie holding phone in front with aesthetic case, slight hip pop showcasing body contour and waist fit in a chic studio setting with natural golden hour lighting. Lighting: Warm ambient bedroom glow with soft mirror flash highlights. Shot on Hasselblad 50mm / iPhone 16 Pro, authentic 35mm film grain, hyper-realistic fabric drape and texture, 8K ultra-detailed, zero CGI smooth plastic skin.",SUCCESS
116,Urbane Partywear Women Dresses,₹420,🌟 High-Fashion Statement Outfit,Regal Ethnic Grace,https://images.meesho.com/images/products/1093032914/amejz_512.webp?width=512,D:\affi;ate\trend-earning-system\photoshoot_pinterest_engine\rendered_posts\PIN_116_urbane_partywear_w.jpg,"Authentic raw 8K photoshoot of the exact same 21-year-old young Indian creator (youthful soft-oval face shape with delicate jawline, smooth glowing warm honey skin, expressive almond honey-brown eyes with tightline, delicate straight nose, plump soft rose-pink lips, signature crisp round black bindi centered precisely above eyebrows, voluminous dark espresso black wavy hair with wispy curtain strands, traditional silver oxidised bell-shaped jhumkas and stacked silver bangles) wearing the stylish Urbane Partywear Women Dresses in premium Cotton Blend. Facial Expression: poised regal expression with soft dignified eyes, gentle serene half-smile accentuating her signature centered black bindi. Pose & Camera: Over-The-Shoulder Turn — turning back over shoulder towards camera, highlighting back cut, halter ties, and side silhouette curvature in a chic studio setting with natural golden hour lighting. Lighting: Golden hour sunlight streaming through traditional jharokha courtyard. Shot on Hasselblad 50mm / iPhone 16 Pro, authentic 35mm film grain, hyper-realistic fabric drape and texture, 8K ultra-detailed, zero CGI smooth plastic skin.",SUCCESS
117,Urbane Partywear Women Dresses,₹420,🌟 High-Fashion Statement Outfit,Playful Candid Smirk,https://images.meesho.com/images/products/1068897993/sif5q_512.webp?width=512,D:\affi;ate\trend-earning-system\photoshoot_pinterest_engine\rendered_posts\PIN_117_urbane_partywear_w.jpg,"Authentic raw 8K photoshoot of the exact same 21-year-old young Indian creator (youthful soft-oval face shape with delicate jawline, smooth glowing warm honey skin, expressive almond honey-brown eyes with tightline, delicate straight nose, plump soft rose-pink lips, signature crisp round black bindi centered precisely above eyebrows, voluminous dark espresso black wavy hair with wispy curtain strands, traditional silver oxidised bell-shaped jhumkas and stacked silver bangles) wearing the stylish Urbane Partywear Women Dresses in premium Cotton Blend. Facial Expression: playful flirtatious smirk with raised eyebrow, cute head-tilt making silver jhumkas sway naturally. Pose & Camera: Seated Luxury Lounge — seated casually on modern velvet armchair, legs crossed elegantly, fabric draping gracefully across the frame in a chic studio setting with natural golden hour lighting. Lighting: Bright natural high-key window daylight. Shot on Hasselblad 50mm / iPhone 16 Pro, authentic 35mm film grain, hyper-realistic fabric drape and texture, 8K ultra-detailed, zero CGI smooth plastic skin.",SUCCESS
118,Urbane Partywear Women Dresses,₹420,🌟 High-Fashion Statement Outfit,Romantic Nostalgic Gaze,https://images.meesho.com/images/products/1109224571/o2nmt_512.webp?width=512,D:\affi;ate\trend-earning-system\photoshoot_pinterest_engine\rendered_posts\PIN_118_urbane_partywear_w.jpg,"Authentic raw 8K photoshoot of the exact same 21-year-old young Indian creator (youthful soft-oval face shape with delicate jawline, smooth glowing warm honey skin, expressive almond honey-brown eyes with tightline, delicate straight nose, plump soft rose-pink lips, signature crisp round black bindi centered precisely above eyebrows, voluminous dark espresso black wavy hair with wispy curtain strands, traditional silver oxidised bell-shaped jhumkas and stacked silver bangles) wearing the stylish Urbane Partywear Women Dresses in premium Cotton Blend. Facial Expression: dreamy soft romantic expression, eyes catching bright natural catchlights, gentle feminine chin angle. Pose & Camera: Saree Pallu Flaunt — holding pleated pallu delicately with manicured fingers, shoulder drape highlighted with glistening stacked silver bangles in a chic studio setting with natural golden hour lighting. Lighting: Sunset warm golden hour backlight creating subtle hair rim glow. Shot on Hasselblad 50mm / iPhone 16 Pro, authentic 35mm film grain, hyper-realistic fabric drape and texture, 8K ultra-detailed, zero CGI smooth plastic skin.",SUCCESS
119,Urbane Partywear Women Dresses,₹420,🌟 High-Fashion Statement Outfit,Confident GenZ Creator,https://images.meesho.com/images/products/1111057422/eqou0_512.webp?width=512,D:\affi;ate\trend-earning-system\photoshoot_pinterest_engine\rendered_posts\PIN_119_urbane_partywear_w.jpg,"Authentic raw 8K photoshoot of the exact same 21-year-old young Indian creator (youthful soft-oval face shape with delicate jawline, smooth glowing warm honey skin, expressive almond honey-brown eyes with tightline, delicate straight nose, plump soft rose-pink lips, signature crisp round black bindi centered precisely above eyebrows, voluminous dark espresso black wavy hair with wispy curtain strands, traditional silver oxidised bell-shaped jhumkas and stacked silver bangles) wearing the stylish Urbane Partywear Women Dresses in premium Cotton Blend. Facial Expression: modern cool girl creator expression, direct charismatic gaze, confident radiant smile with flawless natural skin texture. Pose & Camera: Medium Close-Up Detail — medium 85mm portrait shot, one hand casually touching collarbone/neckline, focusing on fabric texture and earring sparkle in a chic studio setting with natural golden hour lighting. Lighting: Clean crisp ring-light fill mixed with natural soft room daylight. Shot on Hasselblad 50mm / iPhone 16 Pro, authentic 35mm film grain, hyper-realistic fabric drape and texture, 8K ultra-detailed, zero CGI smooth plastic skin.",SUCCESS
120,Urbane Partywear Women Dresses,₹420,🌟 High-Fashion Statement Outfit,Fierce Editorial Stare,https://images.meesho.com/images/products/619737321/5emdh_512.webp?width=512,D:\affi;ate\trend-earning-system\photoshoot_pinterest_engine\rendered_posts\PIN_120_urbane_partywear_w.jpg,"Authentic raw 8K photoshoot of the exact same 21-year-old young Indian creator (youthful soft-oval face shape with delicate jawline, smooth glowing warm honey skin, expressive almond honey-brown eyes with tightline, delicate straight nose, plump soft rose-pink lips, signature crisp round black bindi centered precisely above eyebrows, voluminous dark espresso black wavy hair with wispy curtain strands, traditional silver oxidised bell-shaped jhumkas and stacked silver bangles) wearing the stylish Urbane Partywear Women Dresses in premium Cotton Blend. Facial Expression: intense high-fashion editorial eye contact, relaxed lips with effortless confidence, sharp defined jawline angle. Pose & Camera: Full-Length Runway Strut — full-body walking perspective, one foot forward showing garment movement and flow, hands casually grazing outfit hem in a chic studio setting with natural golden hour lighting. Lighting: Dramatic directional studio key light with subtle shadow contouring. Shot on Hasselblad 50mm / iPhone 16 Pro, authentic 35mm film grain, hyper-realistic fabric drape and texture, 8K ultra-detailed, zero CGI smooth plastic skin.",SUCCESS
121,Urbane Partywear Women Dresses,₹420,🌟 High-Fashion Statement Outfit,Sultry Aesthetic Mirror Glance,https://images.meesho.com/images/products/936488186/py2s2_512.webp?width=512,D:\affi;ate\trend-earning-system\photoshoot_pinterest_engine\rendered_posts\PIN_121_urbane_partywear_w.jpg,"Authentic raw 8K photoshoot of the exact same 21-year-old young Indian creator (youthful soft-oval face shape with delicate jawline, smooth glowing warm honey skin, expressive almond honey-brown eyes with tightline, delicate straight nose, plump soft rose-pink lips, signature crisp round black bindi centered precisely above eyebrows, voluminous dark espresso black wavy hair with wispy curtain strands, traditional silver oxidised bell-shaped jhumkas and stacked silver bangles) wearing the stylish Urbane Partywear Women Dresses in premium Cotton Blend. Facial Expression: sultry relaxed gaze looking into mirror reflection through long dark eyelashes, subtle parted lips with natural rose sheen. Pose & Camera: Mirror Selfie Outfit Check — full-length iPhone mirror selfie holding phone in front with aesthetic case, slight hip pop showcasing body contour and waist fit in a chic studio setting with natural golden hour lighting. Lighting: Warm ambient bedroom glow with soft mirror flash highlights. Shot on Hasselblad 50mm / iPhone 16 Pro, authentic 35mm film grain, hyper-realistic fabric drape and texture, 8K ultra-detailed, zero CGI smooth plastic skin.",SUCCESS
122,Urbane Partywear Women Dresses,₹420,🌟 High-Fashion Statement Outfit,Regal Ethnic Grace,https://images.meesho.com/images/products/970375458/9s4v8_512.webp?width=512,D:\affi;ate\trend-earning-system\photoshoot_pinterest_engine\rendered_posts\PIN_122_urbane_partywear_w.jpg,"Authentic raw 8K photoshoot of the exact same 21-year-old young Indian creator (youthful soft-oval face shape with delicate jawline, smooth glowing warm honey skin, expressive almond honey-brown eyes with tightline, delicate straight nose, plump soft rose-pink lips, signature crisp round black bindi centered precisely above eyebrows, voluminous dark espresso black wavy hair with wispy curtain strands, traditional silver oxidised bell-shaped jhumkas and stacked silver bangles) wearing the stylish Urbane Partywear Women Dresses in premium Cotton Blend. Facial Expression: poised regal expression with soft dignified eyes, gentle serene half-smile accentuating her signature centered black bindi. Pose & Camera: Over-The-Shoulder Turn — turning back over shoulder towards camera, highlighting back cut, halter ties, and side silhouette curvature in a chic studio setting with natural golden hour lighting. Lighting: Golden hour sunlight streaming through traditional jharokha courtyard. Shot on Hasselblad 50mm / iPhone 16 Pro, authentic 35mm film grain, hyper-realistic fabric drape and texture, 8K ultra-detailed, zero CGI smooth plastic skin.",SUCCESS
123,Urbane Partywear Women Dresses,₹420,🌟 High-Fashion Statement Outfit,Playful Candid Smirk,https://images.meesho.com/images/products/619608577/ua3jk_512.webp?width=512,D:\affi;ate\trend-earning-system\photoshoot_pinterest_engine\rendered_posts\PIN_123_urbane_partywear_w.jpg,"Authentic raw 8K photoshoot of the exact same 21-year-old young Indian creator (youthful soft-oval face shape with delicate jawline, smooth glowing warm honey skin, expressive almond honey-brown eyes with tightline, delicate straight nose, plump soft rose-pink lips, signature crisp round black bindi centered precisely above eyebrows, voluminous dark espresso black wavy hair with wispy curtain strands, traditional silver oxidised bell-shaped jhumkas and stacked silver bangles) wearing the stylish Urbane Partywear Women Dresses in premium Cotton Blend. Facial Expression: playful flirtatious smirk with raised eyebrow, cute head-tilt making silver jhumkas sway naturally. Pose & Camera: Seated Luxury Lounge — seated casually on modern velvet armchair, legs crossed elegantly, fabric draping gracefully across the frame in a chic studio setting with natural golden hour lighting. Lighting: Bright natural high-key window daylight. Shot on Hasselblad 50mm / iPhone 16 Pro, authentic 35mm film grain, hyper-realistic fabric drape and texture, 8K ultra-detailed, zero CGI smooth plastic skin.",SUCCESS
124,Urbane Partywear Women Dresses,₹420,🌟 High-Fashion Statement Outfit,Romantic Nostalgic Gaze,https://images.meesho.com/images/products/494512940/7yi7s_512.webp?width=512,D:\affi;ate\trend-earning-system\photoshoot_pinterest_engine\rendered_posts\PIN_124_urbane_partywear_w.jpg,"Authentic raw 8K photoshoot of the exact same 21-year-old young Indian creator (youthful soft-oval face shape with delicate jawline, smooth glowing warm honey skin, expressive almond honey-brown eyes with tightline, delicate straight nose, plump soft rose-pink lips, signature crisp round black bindi centered precisely above eyebrows, voluminous dark espresso black wavy hair with wispy curtain strands, traditional silver oxidised bell-shaped jhumkas and stacked silver bangles) wearing the stylish Urbane Partywear Women Dresses in premium Cotton Blend. Facial Expression: dreamy soft romantic expression, eyes catching bright natural catchlights, gentle feminine chin angle. Pose & Camera: Saree Pallu Flaunt — holding pleated pallu delicately with manicured fingers, shoulder drape highlighted with glistening stacked silver bangles in a chic studio setting with natural golden hour lighting. Lighting: Sunset warm golden hour backlight creating subtle hair rim glow. Shot on Hasselblad 50mm / iPhone 16 Pro, authentic 35mm film grain, hyper-realistic fabric drape and texture, 8K ultra-detailed, zero CGI smooth plastic skin.",SUCCESS
125,Classic Glamorous Women Dresses,₹318,🌟 High-Fashion Statement Outfit,Confident GenZ Creator,https://images.meesho.com/images/products/1110613914/xbhwv_512.webp?width=512,D:\affi;ate\trend-earning-system\photoshoot_pinterest_engine\rendered_posts\PIN_125_classic_glamorous_.jpg,"Authentic raw 8K photoshoot of the exact same 21-year-old young Indian creator (youthful soft-oval face shape with delicate jawline, smooth glowing warm honey skin, expressive almond honey-brown eyes with tightline, delicate straight nose, plump soft rose-pink lips, signature crisp round black bindi centered precisely above eyebrows, voluminous dark espresso black wavy hair with wispy curtain strands, traditional silver oxidised bell-shaped jhumkas and stacked silver bangles) wearing the stylish Classic Glamorous Women Dresses in premium Cotton Blend. Facial Expression: modern cool girl creator expression, direct charismatic gaze, confident radiant smile with flawless natural skin texture. Pose & Camera: Medium Close-Up Detail — medium 85mm portrait shot, one hand casually touching collarbone/neckline, focusing on fabric texture and earring sparkle in a chic studio setting with natural golden hour lighting. Lighting: Clean crisp ring-light fill mixed with natural soft room daylight. Shot on Hasselblad 50mm / iPhone 16 Pro, authentic 35mm film grain, hyper-realistic fabric drape and texture, 8K ultra-detailed, zero CGI smooth plastic skin.",SUCCESS
126,Classic Glamorous Women Dresses,₹318,🌟 High-Fashion Statement Outfit,Fierce Editorial Stare,https://images.meesho.com/images/products/1077043053/pt5h5_512.webp?width=512,D:\affi;ate\trend-earning-system\photoshoot_pinterest_engine\rendered_posts\PIN_126_classic_glamorous_.jpg,"Authentic raw 8K photoshoot of the exact same 21-year-old young Indian creator (youthful soft-oval face shape with delicate jawline, smooth glowing warm honey skin, expressive almond honey-brown eyes with tightline, delicate straight nose, plump soft rose-pink lips, signature crisp round black bindi centered precisely above eyebrows, voluminous dark espresso black wavy hair with wispy curtain strands, traditional silver oxidised bell-shaped jhumkas and stacked silver bangles) wearing the stylish Classic Glamorous Women Dresses in premium Cotton Blend. Facial Expression: intense high-fashion editorial eye contact, relaxed lips with effortless confidence, sharp defined jawline angle. Pose & Camera: Full-Length Runway Strut — full-body walking perspective, one foot forward showing garment movement and flow, hands casually grazing outfit hem in a chic studio setting with natural golden hour lighting. Lighting: Dramatic directional studio key light with subtle shadow contouring. Shot on Hasselblad 50mm / iPhone 16 Pro, authentic 35mm film grain, hyper-realistic fabric drape and texture, 8K ultra-detailed, zero CGI smooth plastic skin.",SUCCESS
127,Classic Glamorous Women Dresses,₹318,🌟 High-Fashion Statement Outfit,Sultry Aesthetic Mirror Glance,https://images.meesho.com/images/products/1110613914/rz1nl_512.webp?width=512,D:\affi;ate\trend-earning-system\photoshoot_pinterest_engine\rendered_posts\PIN_127_classic_glamorous_.jpg,"Authentic raw 8K photoshoot of the exact same 21-year-old young Indian creator (youthful soft-oval face shape with delicate jawline, smooth glowing warm honey skin, expressive almond honey-brown eyes with tightline, delicate straight nose, plump soft rose-pink lips, signature crisp round black bindi centered precisely above eyebrows, voluminous dark espresso black wavy hair with wispy curtain strands, traditional silver oxidised bell-shaped jhumkas and stacked silver bangles) wearing the stylish Classic Glamorous Women Dresses in premium Cotton Blend. Facial Expression: sultry relaxed gaze looking into mirror reflection through long dark eyelashes, subtle parted lips with natural rose sheen. Pose & Camera: Mirror Selfie Outfit Check — full-length iPhone mirror selfie holding phone in front with aesthetic case, slight hip pop showcasing body contour and waist fit in a chic studio setting with natural golden hour lighting. Lighting: Warm ambient bedroom glow with soft mirror flash highlights. Shot on Hasselblad 50mm / iPhone 16 Pro, authentic 35mm film grain, hyper-realistic fabric drape and texture, 8K ultra-detailed, zero CGI smooth plastic skin.",SUCCESS
128,Classic Glamorous Women Dresses,₹318,🌟 High-Fashion Statement Outfit,Regal Ethnic Grace,https://images.meesho.com/images/products/1110613914/vaztg_512.webp?width=512,D:\affi;ate\trend-earning-system\photoshoot_pinterest_engine\rendered_posts\PIN_128_classic_glamorous_.jpg,"Authentic raw 8K photoshoot of the exact same 21-year-old young Indian creator (youthful soft-oval face shape with delicate jawline, smooth glowing warm honey skin, expressive almond honey-brown eyes with tightline, delicate straight nose, plump soft rose-pink lips, signature crisp round black bindi centered precisely above eyebrows, voluminous dark espresso black wavy hair with wispy curtain strands, traditional silver oxidised bell-shaped jhumkas and stacked silver bangles) wearing the stylish Classic Glamorous Women Dresses in premium Cotton Blend. Facial Expression: poised regal expression with soft dignified eyes, gentle serene half-smile accentuating her signature centered black bindi. Pose & Camera: Over-The-Shoulder Turn — turning back over shoulder towards camera, highlighting back cut, halter ties, and side silhouette curvature in a chic studio setting with natural golden hour lighting. Lighting: Golden hour sunlight streaming through traditional jharokha courtyard. Shot on Hasselblad 50mm / iPhone 16 Pro, authentic 35mm film grain, hyper-realistic fabric drape and texture, 8K ultra-detailed, zero CGI smooth plastic skin.",SUCCESS
129,Classic Glamorous Women Dresses,₹318,🌟 High-Fashion Statement Outfit,Playful Candid Smirk,https://images.meesho.com/images/products/1110613914/k5vtx_512.webp?width=512,D:\affi;ate\trend-earning-system\photoshoot_pinterest_engine\rendered_posts\PIN_129_classic_glamorous_.jpg,"Authentic raw 8K photoshoot of the exact same 21-year-old young Indian creator (youthful soft-oval face shape with delicate jawline, smooth glowing warm honey skin, expressive almond honey-brown eyes with tightline, delicate straight nose, plump soft rose-pink lips, signature crisp round black bindi centered precisely above eyebrows, voluminous dark espresso black wavy hair with wispy curtain strands, traditional silver oxidised bell-shaped jhumkas and stacked silver bangles) wearing the stylish Classic Glamorous Women Dresses in premium Cotton Blend. Facial Expression: playful flirtatious smirk with raised eyebrow, cute head-tilt making silver jhumkas sway naturally. Pose & Camera: Seated Luxury Lounge — seated casually on modern velvet armchair, legs crossed elegantly, fabric draping gracefully across the frame in a chic studio setting with natural golden hour lighting. Lighting: Bright natural high-key window daylight. Shot on Hasselblad 50mm / iPhone 16 Pro, authentic 35mm film grain, hyper-realistic fabric drape and texture, 8K ultra-detailed, zero CGI smooth plastic skin.",SUCCESS
130,Classic Glamorous Women Dresses,₹318,🌟 High-Fashion Statement Outfit,Romantic Nostalgic Gaze,https://images.meesho.com/images/products/1110613914/xbhwv_128.webp?width=512,D:\affi;ate\trend-earning-system\photoshoot_pinterest_engine\rendered_posts\PIN_130_classic_glamorous_.jpg,"Authentic raw 8K photoshoot of the exact same 21-year-old young Indian creator (youthful soft-oval face shape with delicate jawline, smooth glowing warm honey skin, expressive almond honey-brown eyes with tightline, delicate straight nose, plump soft rose-pink lips, signature crisp round black bindi centered precisely above eyebrows, voluminous dark espresso black wavy hair with wispy curtain strands, traditional silver oxidised bell-shaped jhumkas and stacked silver bangles) wearing the stylish Classic Glamorous Women Dresses in premium Cotton Blend. Facial Expression: dreamy soft romantic expression, eyes catching bright natural catchlights, gentle feminine chin angle. Pose & Camera: Saree Pallu Flaunt — holding pleated pallu delicately with manicured fingers, shoulder drape highlighted with glistening stacked silver bangles in a chic studio setting with natural golden hour lighting. Lighting: Sunset warm golden hour backlight creating subtle hair rim glow. Shot on Hasselblad 50mm / iPhone 16 Pro, authentic 35mm film grain, hyper-realistic fabric drape and texture, 8K ultra-detailed, zero CGI smooth plastic skin.",SUCCESS
131,Classic Glamorous Women Dresses,₹318,🌟 High-Fashion Statement Outfit,Confident GenZ Creator,https://images.meesho.com/images/products/1057009465/caf1q_512.webp?width=512,D:\affi;ate\trend-earning-system\photoshoot_pinterest_engine\rendered_posts\PIN_131_classic_glamorous_.jpg,"Authentic raw 8K photoshoot of the exact same 21-year-old young Indian creator (youthful soft-oval face shape with delicate jawline, smooth glowing warm honey skin, expressive almond honey-brown eyes with tightline, delicate straight nose, plump soft rose-pink lips, signature crisp round black bindi centered precisely above eyebrows, voluminous dark espresso black wavy hair with wispy curtain strands, traditional silver oxidised bell-shaped jhumkas and stacked silver bangles) wearing the stylish Classic Glamorous Women Dresses in premium Cotton Blend. Facial Expression: modern cool girl creator expression, direct charismatic gaze, confident radiant smile with flawless natural skin texture. Pose & Camera: Medium Close-Up Detail — medium 85mm portrait shot, one hand casually touching collarbone/neckline, focusing on fabric texture and earring sparkle in a chic studio setting with natural golden hour lighting. Lighting: Clean crisp ring-light fill mixed with natural soft room daylight. Shot on Hasselblad 50mm / iPhone 16 Pro, authentic 35mm film grain, hyper-realistic fabric drape and texture, 8K ultra-detailed, zero CGI smooth plastic skin.",SUCCESS
132,Classic Glamorous Women Dresses,₹318,🌟 High-Fashion Statement Outfit,Fierce Editorial Stare,https://images.meesho.com/images/products/135297751/so5vl_512.webp?width=512,D:\affi;ate\trend-earning-system\photoshoot_pinterest_engine\rendered_posts\PIN_132_classic_glamorous_.jpg,"Authentic raw 8K photoshoot of the exact same 21-year-old young Indian creator (youthful soft-oval face shape with delicate jawline, smooth glowing warm honey skin, expressive almond honey-brown eyes with tightline, delicate straight nose, plump soft rose-pink lips, signature crisp round black bindi centered precisely above eyebrows, voluminous dark espresso black wavy hair with wispy curtain strands, traditional silver oxidised bell-shaped jhumkas and stacked silver bangles) wearing the stylish Classic Glamorous Women Dresses in premium Cotton Blend. Facial Expression: intense high-fashion editorial eye contact, relaxed lips with effortless confidence, sharp defined jawline angle. Pose & Camera: Full-Length Runway Strut — full-body walking perspective, one foot forward showing garment movement and flow, hands casually grazing outfit hem in a chic studio setting with natural golden hour lighting. Lighting: Dramatic directional studio key light with subtle shadow contouring. Shot on Hasselblad 50mm / iPhone 16 Pro, authentic 35mm film grain, hyper-realistic fabric drape and texture, 8K ultra-detailed, zero CGI smooth plastic skin.",SUCCESS
133,Classic Glamorous Women Dresses,₹318,🌟 High-Fashion Statement Outfit,Sultry Aesthetic Mirror Glance,https://images.meesho.com/images/products/932574748/fpe1p_512.webp?width=512,D:\affi;ate\trend-earning-system\photoshoot_pinterest_engine\rendered_posts\PIN_133_classic_glamorous_.jpg,"Authentic raw 8K photoshoot of the exact same 21-year-old young Indian creator (youthful soft-oval face shape with delicate jawline, smooth glowing warm honey skin, expressive almond honey-brown eyes with tightline, delicate straight nose, plump soft rose-pink lips, signature crisp round black bindi centered precisely above eyebrows, voluminous dark espresso black wavy hair with wispy curtain strands, traditional silver oxidised bell-shaped jhumkas and stacked silver bangles) wearing the stylish Classic Glamorous Women Dresses in premium Cotton Blend. Facial Expression: sultry relaxed gaze looking into mirror reflection through long dark eyelashes, subtle parted lips with natural rose sheen. Pose & Camera: Mirror Selfie Outfit Check — full-length iPhone mirror selfie holding phone in front with aesthetic case, slight hip pop showcasing body contour and waist fit in a chic studio setting with natural golden hour lighting. Lighting: Warm ambient bedroom glow with soft mirror flash highlights. Shot on Hasselblad 50mm / iPhone 16 Pro, authentic 35mm film grain, hyper-realistic fabric drape and texture, 8K ultra-detailed, zero CGI smooth plastic skin.",SUCCESS
134,Classic Glamorous Women Dresses,₹318,🌟 High-Fashion Statement Outfit,Regal Ethnic Grace,https://images.meesho.com/images/products/1057484783/927ma_512.webp?width=512,D:\affi;ate\trend-earning-system\photoshoot_pinterest_engine\rendered_posts\PIN_134_classic_glamorous_.jpg,"Authentic raw 8K photoshoot of the exact same 21-year-old young Indian creator (youthful soft-oval face shape with delicate jawline, smooth glowing warm honey skin, expressive almond honey-brown eyes with tightline, delicate straight nose, plump soft rose-pink lips, signature crisp round black bindi centered precisely above eyebrows, voluminous dark espresso black wavy hair with wispy curtain strands, traditional silver oxidised bell-shaped jhumkas and stacked silver bangles) wearing the stylish Classic Glamorous Women Dresses in premium Cotton Blend. Facial Expression: poised regal expression with soft dignified eyes, gentle serene half-smile accentuating her signature centered black bindi. Pose & Camera: Over-The-Shoulder Turn — turning back over shoulder towards camera, highlighting back cut, halter ties, and side silhouette curvature in a chic studio setting with natural golden hour lighting. Lighting: Golden hour sunlight streaming through traditional jharokha courtyard. Shot on Hasselblad 50mm / iPhone 16 Pro, authentic 35mm film grain, hyper-realistic fabric drape and texture, 8K ultra-detailed, zero CGI smooth plastic skin.",SUCCESS
135,Classic Glamorous Women Dresses,₹318,🌟 High-Fashion Statement Outfit,Playful Candid Smirk,https://images.meesho.com/images/products/1001973818/bwasl_512.webp?width=512,D:\affi;ate\trend-earning-system\photoshoot_pinterest_engine\rendered_posts\PIN_135_classic_glamorous_.jpg,"Authentic raw 8K photoshoot of the exact same 21-year-old young Indian creator (youthful soft-oval face shape with delicate jawline, smooth glowing warm honey skin, expressive almond honey-brown eyes with tightline, delicate straight nose, plump soft rose-pink lips, signature crisp round black bindi centered precisely above eyebrows, voluminous dark espresso black wavy hair with wispy curtain strands, traditional silver oxidised bell-shaped jhumkas and stacked silver bangles) wearing the stylish Classic Glamorous Women Dresses in premium Cotton Blend. Facial Expression: playful flirtatious smirk with raised eyebrow, cute head-tilt making silver jhumkas sway naturally. Pose & Camera: Seated Luxury Lounge — seated casually on modern velvet armchair, legs crossed elegantly, fabric draping gracefully across the frame in a chic studio setting with natural golden hour lighting. Lighting: Bright natural high-key window daylight. Shot on Hasselblad 50mm / iPhone 16 Pro, authentic 35mm film grain, hyper-realistic fabric drape and texture, 8K ultra-detailed, zero CGI smooth plastic skin.",SUCCESS
136,Classic Glamorous Women Dresses,₹318,🌟 High-Fashion Statement Outfit,Romantic Nostalgic Gaze,https://images.meesho.com/images/products/1108325728/1uamy_512.webp?width=512,D:\affi;ate\trend-earning-system\photoshoot_pinterest_engine\rendered_posts\PIN_136_classic_glamorous_.jpg,"Authentic raw 8K photoshoot of the exact same 21-year-old young Indian creator (youthful soft-oval face shape with delicate jawline, smooth glowing warm honey skin, expressive almond honey-brown eyes with tightline, delicate straight nose, plump soft rose-pink lips, signature crisp round black bindi centered precisely above eyebrows, voluminous dark espresso black wavy hair with wispy curtain strands, traditional silver oxidised bell-shaped jhumkas and stacked silver bangles) wearing the stylish Classic Glamorous Women Dresses in premium Cotton Blend. Facial Expression: dreamy soft romantic expression, eyes catching bright natural catchlights, gentle feminine chin angle. Pose & Camera: Saree Pallu Flaunt — holding pleated pallu delicately with manicured fingers, shoulder drape highlighted with glistening stacked silver bangles in a chic studio setting with natural golden hour lighting. Lighting: Sunset warm golden hour backlight creating subtle hair rim glow. Shot on Hasselblad 50mm / iPhone 16 Pro, authentic 35mm film grain, hyper-realistic fabric drape and texture, 8K ultra-detailed, zero CGI smooth plastic skin.",SUCCESS
137,Classic Glamorous Women Dresses,₹318,🌟 High-Fashion Statement Outfit,Confident GenZ Creator,https://images.meesho.com/images/products/1111163606/vrcqx_512.webp?width=512,D:\affi;ate\trend-earning-system\photoshoot_pinterest_engine\rendered_posts\PIN_137_classic_glamorous_.jpg,"Authentic raw 8K photoshoot of the exact same 21-year-old young Indian creator (youthful soft-oval face shape with delicate jawline, smooth glowing warm honey skin, expressive almond honey-brown eyes with tightline, delicate straight nose, plump soft rose-pink lips, signature crisp round black bindi centered precisely above eyebrows, voluminous dark espresso black wavy hair with wispy curtain strands, traditional silver oxidised bell-shaped jhumkas and stacked silver bangles) wearing the stylish Classic Glamorous Women Dresses in premium Cotton Blend. Facial Expression: modern cool girl creator expression, direct charismatic gaze, confident radiant smile with flawless natural skin texture. Pose & Camera: Medium Close-Up Detail — medium 85mm portrait shot, one hand casually touching collarbone/neckline, focusing on fabric texture and earring sparkle in a chic studio setting with natural golden hour lighting. Lighting: Clean crisp ring-light fill mixed with natural soft room daylight. Shot on Hasselblad 50mm / iPhone 16 Pro, authentic 35mm film grain, hyper-realistic fabric drape and texture, 8K ultra-detailed, zero CGI smooth plastic skin.",SUCCESS
138,Classic Glamorous Women Dresses,₹318,🌟 High-Fashion Statement Outfit,Fierce Editorial Stare,https://images.meesho.com/images/products/1094828700/8gbyw_512.webp?width=512,D:\affi;ate\trend-earning-system\photoshoot_pinterest_engine\rendered_posts\PIN_138_classic_glamorous_.jpg,"Authentic raw 8K photoshoot of the exact same 21-year-old young Indian creator (youthful soft-oval face shape with delicate jawline, smooth glowing warm honey skin, expressive almond honey-brown eyes with tightline, delicate straight nose, plump soft rose-pink lips, signature crisp round black bindi centered precisely above eyebrows, voluminous dark espresso black wavy hair with wispy curtain strands, traditional silver oxidised bell-shaped jhumkas and stacked silver bangles) wearing the stylish Classic Glamorous Women Dresses in premium Cotton Blend. Facial Expression: intense high-fashion editorial eye contact, relaxed lips with effortless confidence, sharp defined jawline angle. Pose & Camera: Full-Length Runway Strut — full-body walking perspective, one foot forward showing garment movement and flow, hands casually grazing outfit hem in a chic studio setting with natural golden hour lighting. Lighting: Dramatic directional studio key light with subtle shadow contouring. Shot on Hasselblad 50mm / iPhone 16 Pro, authentic 35mm film grain, hyper-realistic fabric drape and texture, 8K ultra-detailed, zero CGI smooth plastic skin.",SUCCESS
139,Classic Glamorous Women Dresses,₹318,🌟 High-Fashion Statement Outfit,Sultry Aesthetic Mirror Glance,https://images.meesho.com/images/products/1108326402/muogv_512.webp?width=512,D:\affi;ate\trend-earning-system\photoshoot_pinterest_engine\rendered_posts\PIN_139_classic_glamorous_.jpg,"Authentic raw 8K photoshoot of the exact same 21-year-old young Indian creator (youthful soft-oval face shape with delicate jawline, smooth glowing warm honey skin, expressive almond honey-brown eyes with tightline, delicate straight nose, plump soft rose-pink lips, signature crisp round black bindi centered precisely above eyebrows, voluminous dark espresso black wavy hair with wispy curtain strands, traditional silver oxidised bell-shaped jhumkas and stacked silver bangles) wearing the stylish Classic Glamorous Women Dresses in premium Cotton Blend. Facial Expression: sultry relaxed gaze looking into mirror reflection through long dark eyelashes, subtle parted lips with natural rose sheen. Pose & Camera: Mirror Selfie Outfit Check — full-length iPhone mirror selfie holding phone in front with aesthetic case, slight hip pop showcasing body contour and waist fit in a chic studio setting with natural golden hour lighting. Lighting: Warm ambient bedroom glow with soft mirror flash highlights. Shot on Hasselblad 50mm / iPhone 16 Pro, authentic 35mm film grain, hyper-realistic fabric drape and texture, 8K ultra-detailed, zero CGI smooth plastic skin.",SUCCESS
140,Classic Glamorous Women Dresses,₹318,🌟 High-Fashion Statement Outfit,Regal Ethnic Grace,https://images.meesho.com/images/products/1088514510/8gsbl_512.webp?width=512,D:\affi;ate\trend-earning-system\photoshoot_pinterest_engine\rendered_posts\PIN_140_classic_glamorous_.jpg,"Authentic raw 8K photoshoot of the exact same 21-year-old young Indian creator (youthful soft-oval face shape with delicate jawline, smooth glowing warm honey skin, expressive almond honey-brown eyes with tightline, delicate straight nose, plump soft rose-pink lips, signature crisp round black bindi centered precisely above eyebrows, voluminous dark espresso black wavy hair with wispy curtain strands, traditional silver oxidised bell-shaped jhumkas and stacked silver bangles) wearing the stylish Classic Glamorous Women Dresses in premium Cotton Blend. Facial Expression: poised regal expression with soft dignified eyes, gentle serene half-smile accentuating her signature centered black bindi. Pose & Camera: Over-The-Shoulder Turn — turning back over shoulder towards camera, highlighting back cut, halter ties, and side silhouette curvature in a chic studio setting with natural golden hour lighting. Lighting: Golden hour sunlight streaming through traditional jharokha courtyard. Shot on Hasselblad 50mm / iPhone 16 Pro, authentic 35mm film grain, hyper-realistic fabric drape and texture, 8K ultra-detailed, zero CGI smooth plastic skin.",SUCCESS
141,Classic Glamorous Women Dresses,₹318,🌟 High-Fashion Statement Outfit,Playful Candid Smirk,https://images.meesho.com/images/products/751766515/mlxcf_512.webp?width=512,D:\affi;ate\trend-earning-system\photoshoot_pinterest_engine\rendered_posts\PIN_141_classic_glamorous_.jpg,"Authentic raw 8K photoshoot of the exact same 21-year-old young Indian creator (youthful soft-oval face shape with delicate jawline, smooth glowing warm honey skin, expressive almond honey-brown eyes with tightline, delicate straight nose, plump soft rose-pink lips, signature crisp round black bindi centered precisely above eyebrows, voluminous dark espresso black wavy hair with wispy curtain strands, traditional silver oxidised bell-shaped jhumkas and stacked silver bangles) wearing the stylish Classic Glamorous Women Dresses in premium Cotton Blend. Facial Expression: playful flirtatious smirk with raised eyebrow, cute head-tilt making silver jhumkas sway naturally. Pose & Camera: Seated Luxury Lounge — seated casually on modern velvet armchair, legs crossed elegantly, fabric draping gracefully across the frame in a chic studio setting with natural golden hour lighting. Lighting: Bright natural high-key window daylight. Shot on Hasselblad 50mm / iPhone 16 Pro, authentic 35mm film grain, hyper-realistic fabric drape and texture, 8K ultra-detailed, zero CGI smooth plastic skin.",SUCCESS
142,Comfy Latest Women Dresses,₹342,🌟 High-Fashion Statement Outfit,Romantic Nostalgic Gaze,https://images.meesho.com/images/products/1108396575/5r7xv_512.webp?width=512,D:\affi;ate\trend-earning-system\photoshoot_pinterest_engine\rendered_posts\PIN_142_comfy_latest_women.jpg,"Authentic raw 8K photoshoot of the exact same 21-year-old young Indian creator (youthful soft-oval face shape with delicate jawline, smooth glowing warm honey skin, expressive almond honey-brown eyes with tightline, delicate straight nose, plump soft rose-pink lips, signature crisp round black bindi centered precisely above eyebrows, voluminous dark espresso black wavy hair with wispy curtain strands, traditional silver oxidised bell-shaped jhumkas and stacked silver bangles) wearing the stylish Comfy Latest Women Dresses in premium Lycra. Facial Expression: dreamy soft romantic expression, eyes catching bright natural catchlights, gentle feminine chin angle. Pose & Camera: Saree Pallu Flaunt — holding pleated pallu delicately with manicured fingers, shoulder drape highlighted with glistening stacked silver bangles in a chic studio setting with natural golden hour lighting. Lighting: Sunset warm golden hour backlight creating subtle hair rim glow. Shot on Hasselblad 50mm / iPhone 16 Pro, authentic 35mm film grain, hyper-realistic fabric drape and texture, 8K ultra-detailed, zero CGI smooth plastic skin.",SUCCESS
143,Comfy Latest Women Dresses,₹342,🌟 High-Fashion Statement Outfit,Confident GenZ Creator,https://images.meesho.com/images/products/1068981548/0cver_512.webp?width=512,D:\affi;ate\trend-earning-system\photoshoot_pinterest_engine\rendered_posts\PIN_143_comfy_latest_women.jpg,"Authentic raw 8K photoshoot of the exact same 21-year-old young Indian creator (youthful soft-oval face shape with delicate jawline, smooth glowing warm honey skin, expressive almond honey-brown eyes with tightline, delicate straight nose, plump soft rose-pink lips, signature crisp round black bindi centered precisely above eyebrows, voluminous dark espresso black wavy hair with wispy curtain strands, traditional silver oxidised bell-shaped jhumkas and stacked silver bangles) wearing the stylish Comfy Latest Women Dresses in premium Lycra. Facial Expression: modern cool girl creator expression, direct charismatic gaze, confident radiant smile with flawless natural skin texture. Pose & Camera: Medium Close-Up Detail — medium 85mm portrait shot, one hand casually touching collarbone/neckline, focusing on fabric texture and earring sparkle in a chic studio setting with natural golden hour lighting. Lighting: Clean crisp ring-light fill mixed with natural soft room daylight. Shot on Hasselblad 50mm / iPhone 16 Pro, authentic 35mm film grain, hyper-realistic fabric drape and texture, 8K ultra-detailed, zero CGI smooth plastic skin.",SUCCESS
144,Comfy Latest Women Dresses,₹342,🌟 High-Fashion Statement Outfit,Fierce Editorial Stare,https://images.meesho.com/images/products/1068981548/8nir4_512.webp?width=512,D:\affi;ate\trend-earning-system\photoshoot_pinterest_engine\rendered_posts\PIN_144_comfy_latest_women.jpg,"Authentic raw 8K photoshoot of the exact same 21-year-old young Indian creator (youthful soft-oval face shape with delicate jawline, smooth glowing warm honey skin, expressive almond honey-brown eyes with tightline, delicate straight nose, plump soft rose-pink lips, signature crisp round black bindi centered precisely above eyebrows, voluminous dark espresso black wavy hair with wispy curtain strands, traditional silver oxidised bell-shaped jhumkas and stacked silver bangles) wearing the stylish Comfy Latest Women Dresses in premium Lycra. Facial Expression: intense high-fashion editorial eye contact, relaxed lips with effortless confidence, sharp defined jawline angle. Pose & Camera: Full-Length Runway Strut — full-body walking perspective, one foot forward showing garment movement and flow, hands casually grazing outfit hem in a chic studio setting with natural golden hour lighting. Lighting: Dramatic directional studio key light with subtle shadow contouring. Shot on Hasselblad 50mm / iPhone 16 Pro, authentic 35mm film grain, hyper-realistic fabric drape and texture, 8K ultra-detailed, zero CGI smooth plastic skin.",SUCCESS
145,Comfy Latest Women Dresses,₹342,🌟 High-Fashion Statement Outfit,Sultry Aesthetic Mirror Glance,https://images.meesho.com/images/products/1068981548/p9w2c_512.webp?width=512,D:\affi;ate\trend-earning-system\photoshoot_pinterest_engine\rendered_posts\PIN_145_comfy_latest_women.jpg,"Authentic raw 8K photoshoot of the exact same 21-year-old young Indian creator (youthful soft-oval face shape with delicate jawline, smooth glowing warm honey skin, expressive almond honey-brown eyes with tightline, delicate straight nose, plump soft rose-pink lips, signature crisp round black bindi centered precisely above eyebrows, voluminous dark espresso black wavy hair with wispy curtain strands, traditional silver oxidised bell-shaped jhumkas and stacked silver bangles) wearing the stylish Comfy Latest Women Dresses in premium Lycra. Facial Expression: sultry relaxed gaze looking into mirror reflection through long dark eyelashes, subtle parted lips with natural rose sheen. Pose & Camera: Mirror Selfie Outfit Check — full-length iPhone mirror selfie holding phone in front with aesthetic case, slight hip pop showcasing body contour and waist fit in a chic studio setting with natural golden hour lighting. Lighting: Warm ambient bedroom glow with soft mirror flash highlights. Shot on Hasselblad 50mm / iPhone 16 Pro, authentic 35mm film grain, hyper-realistic fabric drape and texture, 8K ultra-detailed, zero CGI smooth plastic skin.",SUCCESS
146,Comfy Latest Women Dresses,₹342,🌟 High-Fashion Statement Outfit,Regal Ethnic Grace,https://images.meesho.com/images/products/1068981548/uw1ou_128.webp?width=512,D:\affi;ate\trend-earning-system\photoshoot_pinterest_engine\rendered_posts\PIN_146_comfy_latest_women.jpg,"Authentic raw 8K photoshoot of the exact same 21-year-old young Indian creator (youthful soft-oval face shape with delicate jawline, smooth glowing warm honey skin, expressive almond honey-brown eyes with tightline, delicate straight nose, plump soft rose-pink lips, signature crisp round black bindi centered precisely above eyebrows, voluminous dark espresso black wavy hair with wispy curtain strands, traditional silver oxidised bell-shaped jhumkas and stacked silver bangles) wearing the stylish Comfy Latest Women Dresses in premium Lycra. Facial Expression: poised regal expression with soft dignified eyes, gentle serene half-smile accentuating her signature centered black bindi. Pose & Camera: Over-The-Shoulder Turn — turning back over shoulder towards camera, highlighting back cut, halter ties, and side silhouette curvature in a chic studio setting with natural golden hour lighting. Lighting: Golden hour sunlight streaming through traditional jharokha courtyard. Shot on Hasselblad 50mm / iPhone 16 Pro, authentic 35mm film grain, hyper-realistic fabric drape and texture, 8K ultra-detailed, zero CGI smooth plastic skin.",SUCCESS
147,Comfy Latest Women Dresses,₹342,🌟 High-Fashion Statement Outfit,Playful Candid Smirk,https://images.meesho.com/images/products/1111166570/0qdj2_512.webp?width=512,D:\affi;ate\trend-earning-system\photoshoot_pinterest_engine\rendered_posts\PIN_147_comfy_latest_women.jpg,"Authentic raw 8K photoshoot of the exact same 21-year-old young Indian creator (youthful soft-oval face shape with delicate jawline, smooth glowing warm honey skin, expressive almond honey-brown eyes with tightline, delicate straight nose, plump soft rose-pink lips, signature crisp round black bindi centered precisely above eyebrows, voluminous dark espresso black wavy hair with wispy curtain strands, traditional silver oxidised bell-shaped jhumkas and stacked silver bangles) wearing the stylish Comfy Latest Women Dresses in premium Lycra. Facial Expression: playful flirtatious smirk with raised eyebrow, cute head-tilt making silver jhumkas sway naturally. Pose & Camera: Seated Luxury Lounge — seated casually on modern velvet armchair, legs crossed elegantly, fabric draping gracefully across the frame in a chic studio setting with natural golden hour lighting. Lighting: Bright natural high-key window daylight. Shot on Hasselblad 50mm / iPhone 16 Pro, authentic 35mm film grain, hyper-realistic fabric drape and texture, 8K ultra-detailed, zero CGI smooth plastic skin.",SUCCESS
148,Comfy Designer Women Dresses,₹426,🌟 High-Fashion Statement Outfit,Romantic Nostalgic Gaze,https://images.meesho.com/images/products/1098906935/c540k_512.webp?width=512,D:\affi;ate\trend-earning-system\photoshoot_pinterest_engine\rendered_posts\PIN_148_comfy_designer_wom.jpg,"Authentic raw 8K photoshoot of the exact same 21-year-old young Indian creator (youthful soft-oval face shape with delicate jawline, smooth glowing warm honey skin, expressive almond honey-brown eyes with tightline, delicate straight nose, plump soft rose-pink lips, signature crisp round black bindi centered precisely above eyebrows, voluminous dark espresso black wavy hair with wispy curtain strands, traditional silver oxidised bell-shaped jhumkas and stacked silver bangles) wearing the stylish Comfy Designer Women Dresses in premium Lycra. Facial Expression: dreamy soft romantic expression, eyes catching bright natural catchlights, gentle feminine chin angle. Pose & Camera: Saree Pallu Flaunt — holding pleated pallu delicately with manicured fingers, shoulder drape highlighted with glistening stacked silver bangles in a chic studio setting with natural golden hour lighting. Lighting: Sunset warm golden hour backlight creating subtle hair rim glow. Shot on Hasselblad 50mm / iPhone 16 Pro, authentic 35mm film grain, hyper-realistic fabric drape and texture, 8K ultra-detailed, zero CGI smooth plastic skin.",SUCCESS
149,Comfy Designer Women Dresses,₹426,🌟 High-Fashion Statement Outfit,Confident GenZ Creator,https://images.meesho.com/images/products/845439169/upnlt_512.webp?width=512,D:\affi;ate\trend-earning-system\photoshoot_pinterest_engine\rendered_posts\PIN_149_comfy_designer_wom.jpg,"Authentic raw 8K photoshoot of the exact same 21-year-old young Indian creator (youthful soft-oval face shape with delicate jawline, smooth glowing warm honey skin, expressive almond honey-brown eyes with tightline, delicate straight nose, plump soft rose-pink lips, signature crisp round black bindi centered precisely above eyebrows, voluminous dark espresso black wavy hair with wispy curtain strands, traditional silver oxidised bell-shaped jhumkas and stacked silver bangles) wearing the stylish Comfy Designer Women Dresses in premium Lycra. Facial Expression: modern cool girl creator expression, direct charismatic gaze, confident radiant smile with flawless natural skin texture. Pose & Camera: Medium Close-Up Detail — medium 85mm portrait shot, one hand casually touching collarbone/neckline, focusing on fabric texture and earring sparkle in a chic studio setting with natural golden hour lighting. Lighting: Clean crisp ring-light fill mixed with natural soft room daylight. Shot on Hasselblad 50mm / iPhone 16 Pro, authentic 35mm film grain, hyper-realistic fabric drape and texture, 8K ultra-detailed, zero CGI smooth plastic skin.",SUCCESS
150,Comfy Designer Women Dresses,₹426,🌟 High-Fashion Statement Outfit,Fierce Editorial Stare,https://images.meesho.com/images/products/1095758862/etqo6_512.webp?width=512,D:\affi;ate\trend-earning-system\photoshoot_pinterest_engine\rendered_posts\PIN_150_comfy_designer_wom.jpg,"Authentic raw 8K photoshoot of the exact same 21-year-old young Indian creator (youthful soft-oval face shape with delicate jawline, smooth glowing warm honey skin, expressive almond honey-brown eyes with tightline, delicate straight nose, plump soft rose-pink lips, signature crisp round black bindi centered precisely above eyebrows, voluminous dark espresso black wavy hair with wispy curtain strands, traditional silver oxidised bell-shaped jhumkas and stacked silver bangles) wearing the stylish Comfy Designer Women Dresses in premium Lycra. Facial Expression: intense high-fashion editorial eye contact, relaxed lips with effortless confidence, sharp defined jawline angle. Pose & Camera: Full-Length Runway Strut — full-body walking perspective, one foot forward showing garment movement and flow, hands casually grazing outfit hem in a chic studio setting with natural golden hour lighting. Lighting: Dramatic directional studio key light with subtle shadow contouring. Shot on Hasselblad 50mm / iPhone 16 Pro, authentic 35mm film grain, hyper-realistic fabric drape and texture, 8K ultra-detailed, zero CGI smooth plastic skin.",SUCCESS
151,Comfy Designer Women Dresses,₹426,🌟 High-Fashion Statement Outfit,Sultry Aesthetic Mirror Glance,https://images.meesho.com/images/products/1098906935/axzza_512.webp?width=512,D:\affi;ate\trend-earning-system\photoshoot_pinterest_engine\rendered_posts\PIN_151_comfy_designer_wom.jpg,"Authentic raw 8K photoshoot of the exact same 21-year-old young Indian creator (youthful soft-oval face shape with delicate jawline, smooth glowing warm honey skin, expressive almond honey-brown eyes with tightline, delicate straight nose, plump soft rose-pink lips, signature crisp round black bindi centered precisely above eyebrows, voluminous dark espresso black wavy hair with wispy curtain strands, traditional silver oxidised bell-shaped jhumkas and stacked silver bangles) wearing the stylish Comfy Designer Women Dresses in premium Lycra. Facial Expression: sultry relaxed gaze looking into mirror reflection through long dark eyelashes, subtle parted lips with natural rose sheen. Pose & Camera: Mirror Selfie Outfit Check — full-length iPhone mirror selfie holding phone in front with aesthetic case, slight hip pop showcasing body contour and waist fit in a chic studio setting with natural golden hour lighting. Lighting: Warm ambient bedroom glow with soft mirror flash highlights. Shot on Hasselblad 50mm / iPhone 16 Pro, authentic 35mm film grain, hyper-realistic fabric drape and texture, 8K ultra-detailed, zero CGI smooth plastic skin.",SUCCESS
152,Comfy Designer Women Dresses,₹426,🌟 High-Fashion Statement Outfit,Regal Ethnic Grace,https://images.meesho.com/images/products/1098906935/r51yu_512.webp?width=512,D:\affi;ate\trend-earning-system\photoshoot_pinterest_engine\rendered_posts\PIN_152_comfy_designer_wom.jpg,"Authentic raw 8K photoshoot of the exact same 21-year-old young Indian creator (youthful soft-oval face shape with delicate jawline, smooth glowing warm honey skin, expressive almond honey-brown eyes with tightline, delicate straight nose, plump soft rose-pink lips, signature crisp round black bindi centered precisely above eyebrows, voluminous dark espresso black wavy hair with wispy curtain strands, traditional silver oxidised bell-shaped jhumkas and stacked silver bangles) wearing the stylish Comfy Designer Women Dresses in premium Lycra. Facial Expression: poised regal expression with soft dignified eyes, gentle serene half-smile accentuating her signature centered black bindi. Pose & Camera: Over-The-Shoulder Turn — turning back over shoulder towards camera, highlighting back cut, halter ties, and side silhouette curvature in a chic studio setting with natural golden hour lighting. Lighting: Golden hour sunlight streaming through traditional jharokha courtyard. Shot on Hasselblad 50mm / iPhone 16 Pro, authentic 35mm film grain, hyper-realistic fabric drape and texture, 8K ultra-detailed, zero CGI smooth plastic skin.",SUCCESS
153,Comfy Designer Women Dresses,₹426,🌟 High-Fashion Statement Outfit,Playful Candid Smirk,https://images.meesho.com/images/products/1098906935/anzvo_512.webp?width=512,D:\affi;ate\trend-earning-system\photoshoot_pinterest_engine\rendered_posts\PIN_153_comfy_designer_wom.jpg,"Authentic raw 8K photoshoot of the exact same 21-year-old young Indian creator (youthful soft-oval face shape with delicate jawline, smooth glowing warm honey skin, expressive almond honey-brown eyes with tightline, delicate straight nose, plump soft rose-pink lips, signature crisp round black bindi centered precisely above eyebrows, voluminous dark espresso black wavy hair with wispy curtain strands, traditional silver oxidised bell-shaped jhumkas and stacked silver bangles) wearing the stylish Comfy Designer Women Dresses in premium Lycra. Facial Expression: playful flirtatious smirk with raised eyebrow, cute head-tilt making silver jhumkas sway naturally. Pose & Camera: Seated Luxury Lounge — seated casually on modern velvet armchair, legs crossed elegantly, fabric draping gracefully across the frame in a chic studio setting with natural golden hour lighting. Lighting: Bright natural high-key window daylight. Shot on Hasselblad 50mm / iPhone 16 Pro, authentic 35mm film grain, hyper-realistic fabric drape and texture, 8K ultra-detailed, zero CGI smooth plastic skin.",SUCCESS
154,Comfy Designer Women Dresses,₹426,🌟 High-Fashion Statement Outfit,Romantic Nostalgic Gaze,https://images.meesho.com/images/products/1098906935/c540k_128.webp?width=512,D:\affi;ate\trend-earning-system\photoshoot_pinterest_engine\rendered_posts\PIN_154_comfy_designer_wom.jpg,"Authentic raw 8K photoshoot of the exact same 21-year-old young Indian creator (youthful soft-oval face shape with delicate jawline, smooth glowing warm honey skin, expressive almond honey-brown eyes with tightline, delicate straight nose, plump soft rose-pink lips, signature crisp round black bindi centered precisely above eyebrows, voluminous dark espresso black wavy hair with wispy curtain strands, traditional silver oxidised bell-shaped jhumkas and stacked silver bangles) wearing the stylish Comfy Designer Women Dresses in premium Lycra. Facial Expression: dreamy soft romantic expression, eyes catching bright natural catchlights, gentle feminine chin angle. Pose & Camera: Saree Pallu Flaunt — holding pleated pallu delicately with manicured fingers, shoulder drape highlighted with glistening stacked silver bangles in a chic studio setting with natural golden hour lighting. Lighting: Sunset warm golden hour backlight creating subtle hair rim glow. Shot on Hasselblad 50mm / iPhone 16 Pro, authentic 35mm film grain, hyper-realistic fabric drape and texture, 8K ultra-detailed, zero CGI smooth plastic skin.",SUCCESS
155,Comfy Designer Women Dresses,₹426,🌟 High-Fashion Statement Outfit,Confident GenZ Creator,https://images.meesho.com/images/products/911400107/zoirc_512.webp?width=512,D:\affi;ate\trend-earning-system\photoshoot_pinterest_engine\rendered_posts\PIN_155_comfy_designer_wom.jpg,"Authentic raw 8K photoshoot of the exact same 21-year-old young Indian creator (youthful soft-oval face shape with delicate jawline, smooth glowing warm honey skin, expressive almond honey-brown eyes with tightline, delicate straight nose, plump soft rose-pink lips, signature crisp round black bindi centered precisely above eyebrows, voluminous dark espresso black wavy hair with wispy curtain strands, traditional silver oxidised bell-shaped jhumkas and stacked silver bangles) wearing the stylish Comfy Designer Women Dresses in premium Lycra. Facial Expression: modern cool girl creator expression, direct charismatic gaze, confident radiant smile with flawless natural skin texture. Pose & Camera: Medium Close-Up Detail — medium 85mm portrait shot, one hand casually touching collarbone/neckline, focusing on fabric texture and earring sparkle in a chic studio setting with natural golden hour lighting. Lighting: Clean crisp ring-light fill mixed with natural soft room daylight. Shot on Hasselblad 50mm / iPhone 16 Pro, authentic 35mm film grain, hyper-realistic fabric drape and texture, 8K ultra-detailed, zero CGI smooth plastic skin.",SUCCESS
156,Comfy Designer Women Dresses,₹426,🌟 High-Fashion Statement Outfit,Fierce Editorial Stare,https://images.meesho.com/images/products/681120201/nx5fv_512.webp?width=512,D:\affi;ate\trend-earning-system\photoshoot_pinterest_engine\rendered_posts\PIN_156_comfy_designer_wom.jpg,"Authentic raw 8K photoshoot of the exact same 21-year-old young Indian creator (youthful soft-oval face shape with delicate jawline, smooth glowing warm honey skin, expressive almond honey-brown eyes with tightline, delicate straight nose, plump soft rose-pink lips, signature crisp round black bindi centered precisely above eyebrows, voluminous dark espresso black wavy hair with wispy curtain strands, traditional silver oxidised bell-shaped jhumkas and stacked silver bangles) wearing the stylish Comfy Designer Women Dresses in premium Lycra. Facial Expression: intense high-fashion editorial eye contact, relaxed lips with effortless confidence, sharp defined jawline angle. Pose & Camera: Full-Length Runway Strut — full-body walking perspective, one foot forward showing garment movement and flow, hands casually grazing outfit hem in a chic studio setting with natural golden hour lighting. Lighting: Dramatic directional studio key light with subtle shadow contouring. Shot on Hasselblad 50mm / iPhone 16 Pro, authentic 35mm film grain, hyper-realistic fabric drape and texture, 8K ultra-detailed, zero CGI smooth plastic skin.",SUCCESS
157,Comfy Designer Women Dresses,₹426,🌟 High-Fashion Statement Outfit,Sultry Aesthetic Mirror Glance,https://images.meesho.com/images/products/1110797198/upnja_512.webp?width=512,D:\affi;ate\trend-earning-system\photoshoot_pinterest_engine\rendered_posts\PIN_157_comfy_designer_wom.jpg,"Authentic raw 8K photoshoot of the exact same 21-year-old young Indian creator (youthful soft-oval face shape with delicate jawline, smooth glowing warm honey skin, expressive almond honey-brown eyes with tightline, delicate straight nose, plump soft rose-pink lips, signature crisp round black bindi centered precisely above eyebrows, voluminous dark espresso black wavy hair with wispy curtain strands, traditional silver oxidised bell-shaped jhumkas and stacked silver bangles) wearing the stylish Comfy Designer Women Dresses in premium Lycra. Facial Expression: sultry relaxed gaze looking into mirror reflection through long dark eyelashes, subtle parted lips with natural rose sheen. Pose & Camera: Mirror Selfie Outfit Check — full-length iPhone mirror selfie holding phone in front with aesthetic case, slight hip pop showcasing body contour and waist fit in a chic studio setting with natural golden hour lighting. Lighting: Warm ambient bedroom glow with soft mirror flash highlights. Shot on Hasselblad 50mm / iPhone 16 Pro, authentic 35mm film grain, hyper-realistic fabric drape and texture, 8K ultra-detailed, zero CGI smooth plastic skin.",SUCCESS
158,Comfy Designer Women Dresses,₹426,🌟 High-Fashion Statement Outfit,Regal Ethnic Grace,https://images.meesho.com/images/products/1071657169/hzkbi_512.webp?width=512,D:\affi;ate\trend-earning-system\photoshoot_pinterest_engine\rendered_posts\PIN_158_comfy_designer_wom.jpg,"Authentic raw 8K photoshoot of the exact same 21-year-old young Indian creator (youthful soft-oval face shape with delicate jawline, smooth glowing warm honey skin, expressive almond honey-brown eyes with tightline, delicate straight nose, plump soft rose-pink lips, signature crisp round black bindi centered precisely above eyebrows, voluminous dark espresso black wavy hair with wispy curtain strands, traditional silver oxidised bell-shaped jhumkas and stacked silver bangles) wearing the stylish Comfy Designer Women Dresses in premium Lycra. Facial Expression: poised regal expression with soft dignified eyes, gentle serene half-smile accentuating her signature centered black bindi. Pose & Camera: Over-The-Shoulder Turn — turning back over shoulder towards camera, highlighting back cut, halter ties, and side silhouette curvature in a chic studio setting with natural golden hour lighting. Lighting: Golden hour sunlight streaming through traditional jharokha courtyard. Shot on Hasselblad 50mm / iPhone 16 Pro, authentic 35mm film grain, hyper-realistic fabric drape and texture, 8K ultra-detailed, zero CGI smooth plastic skin.",SUCCESS
159,Comfy Designer Women Dresses,₹426,🌟 High-Fashion Statement Outfit,Playful Candid Smirk,https://images.meesho.com/images/products/468993331/bo6lh_512.webp?width=512,D:\affi;ate\trend-earning-system\photoshoot_pinterest_engine\rendered_posts\PIN_159_comfy_designer_wom.jpg,"Authentic raw 8K photoshoot of the exact same 21-year-old young Indian creator (youthful soft-oval face shape with delicate jawline, smooth glowing warm honey skin, expressive almond honey-brown eyes with tightline, delicate straight nose, plump soft rose-pink lips, signature crisp round black bindi centered precisely above eyebrows, voluminous dark espresso black wavy hair with wispy curtain strands, traditional silver oxidised bell-shaped jhumkas and stacked silver bangles) wearing the stylish Comfy Designer Women Dresses in premium Lycra. Facial Expression: playful flirtatious smirk with raised eyebrow, cute head-tilt making silver jhumkas sway naturally. Pose & Camera: Seated Luxury Lounge — seated casually on modern velvet armchair, legs crossed elegantly, fabric draping gracefully across the frame in a chic studio setting with natural golden hour lighting. Lighting: Bright natural high-key window daylight. Shot on Hasselblad 50mm / iPhone 16 Pro, authentic 35mm film grain, hyper-realistic fabric drape and texture, 8K ultra-detailed, zero CGI smooth plastic skin.",SUCCESS
160,Comfy Designer Women Dresses,₹426,🌟 High-Fashion Statement Outfit,Romantic Nostalgic Gaze,https://images.meesho.com/images/products/1099321330/jbfu7_512.webp?width=512,D:\affi;ate\trend-earning-system\photoshoot_pinterest_engine\rendered_posts\PIN_160_comfy_designer_wom.jpg,"Authentic raw 8K photoshoot of the exact same 21-year-old young Indian creator (youthful soft-oval face shape with delicate jawline, smooth glowing warm honey skin, expressive almond honey-brown eyes with tightline, delicate straight nose, plump soft rose-pink lips, signature crisp round black bindi centered precisely above eyebrows, voluminous dark espresso black wavy hair with wispy curtain strands, traditional silver oxidised bell-shaped jhumkas and stacked silver bangles) wearing the stylish Comfy Designer Women Dresses in premium Lycra. Facial Expression: dreamy soft romantic expression, eyes catching bright natural catchlights, gentle feminine chin angle. Pose & Camera: Saree Pallu Flaunt — holding pleated pallu delicately with manicured fingers, shoulder drape highlighted with glistening stacked silver bangles in a chic studio setting with natural golden hour lighting. Lighting: Sunset warm golden hour backlight creating subtle hair rim glow. Shot on Hasselblad 50mm / iPhone 16 Pro, authentic 35mm film grain, hyper-realistic fabric drape and texture, 8K ultra-detailed, zero CGI smooth plastic skin.",SUCCESS
161,Comfy Designer Women Dresses,₹426,🌟 High-Fashion Statement Outfit,Confident GenZ Creator,https://images.meesho.com/images/products/396900145/reocm_512.webp?width=512,D:\affi;ate\trend-earning-system\photoshoot_pinterest_engine\rendered_posts\PIN_161_comfy_designer_wom.jpg,"Authentic raw 8K photoshoot of the exact same 21-year-old young Indian creator (youthful soft-oval face shape with delicate jawline, smooth glowing warm honey skin, expressive almond honey-brown eyes with tightline, delicate straight nose, plump soft rose-pink lips, signature crisp round black bindi centered precisely above eyebrows, voluminous dark espresso black wavy hair with wispy curtain strands, traditional silver oxidised bell-shaped jhumkas and stacked silver bangles) wearing the stylish Comfy Designer Women Dresses in premium Lycra. Facial Expression: modern cool girl creator expression, direct charismatic gaze, confident radiant smile with flawless natural skin texture. Pose & Camera: Medium Close-Up Detail — medium 85mm portrait shot, one hand casually touching collarbone/neckline, focusing on fabric texture and earring sparkle in a chic studio setting with natural golden hour lighting. Lighting: Clean crisp ring-light fill mixed with natural soft room daylight. Shot on Hasselblad 50mm / iPhone 16 Pro, authentic 35mm film grain, hyper-realistic fabric drape and texture, 8K ultra-detailed, zero CGI smooth plastic skin.",SUCCESS
162,Classic Designer Women Dresses,₹464,🌟 High-Fashion Statement Outfit,Fierce Editorial Stare,https://images.meesho.com/images/products/629968159/ucbeh_512.webp?width=512,D:\affi;ate\trend-earning-system\photoshoot_pinterest_engine\rendered_posts\PIN_162_classic_designer_w.jpg,"Authentic raw 8K photoshoot of the exact same 21-year-old young Indian creator (youthful soft-oval face shape with delicate jawline, smooth glowing warm honey skin, expressive almond honey-brown eyes with tightline, delicate straight nose, plump soft rose-pink lips, signature crisp round black bindi centered precisely above eyebrows, voluminous dark espresso black wavy hair with wispy curtain strands, traditional silver oxidised bell-shaped jhumkas and stacked silver bangles) wearing the stylish Classic Designer Women Dresses in premium Lycra. Facial Expression: intense high-fashion editorial eye contact, relaxed lips with effortless confidence, sharp defined jawline angle. Pose & Camera: Full-Length Runway Strut — full-body walking perspective, one foot forward showing garment movement and flow, hands casually grazing outfit hem in a chic studio setting with natural golden hour lighting. Lighting: Dramatic directional studio key light with subtle shadow contouring. Shot on Hasselblad 50mm / iPhone 16 Pro, authentic 35mm film grain, hyper-realistic fabric drape and texture, 8K ultra-detailed, zero CGI smooth plastic skin.",SUCCESS
163,Classic Designer Women Dresses,₹464,🌟 High-Fashion Statement Outfit,Sultry Aesthetic Mirror Glance,https://images.meesho.com/images/products/933210159/mvrvc_512.webp?width=512,D:\affi;ate\trend-earning-system\photoshoot_pinterest_engine\rendered_posts\PIN_163_classic_designer_w.jpg,"Authentic raw 8K photoshoot of the exact same 21-year-old young Indian creator (youthful soft-oval face shape with delicate jawline, smooth glowing warm honey skin, expressive almond honey-brown eyes with tightline, delicate straight nose, plump soft rose-pink lips, signature crisp round black bindi centered precisely above eyebrows, voluminous dark espresso black wavy hair with wispy curtain strands, traditional silver oxidised bell-shaped jhumkas and stacked silver bangles) wearing the stylish Classic Designer Women Dresses in premium Lycra. Facial Expression: sultry relaxed gaze looking into mirror reflection through long dark eyelashes, subtle parted lips with natural rose sheen. Pose & Camera: Mirror Selfie Outfit Check — full-length iPhone mirror selfie holding phone in front with aesthetic case, slight hip pop showcasing body contour and waist fit in a chic studio setting with natural golden hour lighting. Lighting: Warm ambient bedroom glow with soft mirror flash highlights. Shot on Hasselblad 50mm / iPhone 16 Pro, authentic 35mm film grain, hyper-realistic fabric drape and texture, 8K ultra-detailed, zero CGI smooth plastic skin.",SUCCESS
164,Classic Designer Women Dresses,₹464,🌟 High-Fashion Statement Outfit,Regal Ethnic Grace,https://images.meesho.com/images/products/933210159/llgxj_512.webp?width=512,D:\affi;ate\trend-earning-system\photoshoot_pinterest_engine\rendered_posts\PIN_164_classic_designer_w.jpg,"Authentic raw 8K photoshoot of the exact same 21-year-old young Indian creator (youthful soft-oval face shape with delicate jawline, smooth glowing warm honey skin, expressive almond honey-brown eyes with tightline, delicate straight nose, plump soft rose-pink lips, signature crisp round black bindi centered precisely above eyebrows, voluminous dark espresso black wavy hair with wispy curtain strands, traditional silver oxidised bell-shaped jhumkas and stacked silver bangles) wearing the stylish Classic Designer Women Dresses in premium Lycra. Facial Expression: poised regal expression with soft dignified eyes, gentle serene half-smile accentuating her signature centered black bindi. Pose & Camera: Over-The-Shoulder Turn — turning back over shoulder towards camera, highlighting back cut, halter ties, and side silhouette curvature in a chic studio setting with natural golden hour lighting. Lighting: Golden hour sunlight streaming through traditional jharokha courtyard. Shot on Hasselblad 50mm / iPhone 16 Pro, authentic 35mm film grain, hyper-realistic fabric drape and texture, 8K ultra-detailed, zero CGI smooth plastic skin.",SUCCESS
165,Classic Designer Women Dresses,₹464,🌟 High-Fashion Statement Outfit,Playful Candid Smirk,https://images.meesho.com/images/products/933210159/k5ovc_128.webp?width=512,D:\affi;ate\trend-earning-system\photoshoot_pinterest_engine\rendered_posts\PIN_165_classic_designer_w.jpg,"Authentic raw 8K photoshoot of the exact same 21-year-old young Indian creator (youthful soft-oval face shape with delicate jawline, smooth glowing warm honey skin, expressive almond honey-brown eyes with tightline, delicate straight nose, plump soft rose-pink lips, signature crisp round black bindi centered precisely above eyebrows, voluminous dark espresso black wavy hair with wispy curtain strands, traditional silver oxidised bell-shaped jhumkas and stacked silver bangles) wearing the stylish Classic Designer Women Dresses in premium Lycra. Facial Expression: playful flirtatious smirk with raised eyebrow, cute head-tilt making silver jhumkas sway naturally. Pose & Camera: Seated Luxury Lounge — seated casually on modern velvet armchair, legs crossed elegantly, fabric draping gracefully across the frame in a chic studio setting with natural golden hour lighting. Lighting: Bright natural high-key window daylight. Shot on Hasselblad 50mm / iPhone 16 Pro, authentic 35mm film grain, hyper-realistic fabric drape and texture, 8K ultra-detailed, zero CGI smooth plastic skin.",SUCCESS
166,Classic Designer Women Dresses,₹464,🌟 High-Fashion Statement Outfit,Romantic Nostalgic Gaze,https://images.meesho.com/images/products/1028132768/hmq5u_512.webp?width=512,D:\affi;ate\trend-earning-system\photoshoot_pinterest_engine\rendered_posts\PIN_166_classic_designer_w.jpg,"Authentic raw 8K photoshoot of the exact same 21-year-old young Indian creator (youthful soft-oval face shape with delicate jawline, smooth glowing warm honey skin, expressive almond honey-brown eyes with tightline, delicate straight nose, plump soft rose-pink lips, signature crisp round black bindi centered precisely above eyebrows, voluminous dark espresso black wavy hair with wispy curtain strands, traditional silver oxidised bell-shaped jhumkas and stacked silver bangles) wearing the stylish Classic Designer Women Dresses in premium Lycra. Facial Expression: dreamy soft romantic expression, eyes catching bright natural catchlights, gentle feminine chin angle. Pose & Camera: Saree Pallu Flaunt — holding pleated pallu delicately with manicured fingers, shoulder drape highlighted with glistening stacked silver bangles in a chic studio setting with natural golden hour lighting. Lighting: Sunset warm golden hour backlight creating subtle hair rim glow. Shot on Hasselblad 50mm / iPhone 16 Pro, authentic 35mm film grain, hyper-realistic fabric drape and texture, 8K ultra-detailed, zero CGI smooth plastic skin.",SUCCESS
167,Classic Designer Women Dresses,₹464,🌟 High-Fashion Statement Outfit,Confident GenZ Creator,https://images.meesho.com/images/products/824141456/mfqog_512.webp?width=512,D:\affi;ate\trend-earning-system\photoshoot_pinterest_engine\rendered_posts\PIN_167_classic_designer_w.jpg,"Authentic raw 8K photoshoot of the exact same 21-year-old young Indian creator (youthful soft-oval face shape with delicate jawline, smooth glowing warm honey skin, expressive almond honey-brown eyes with tightline, delicate straight nose, plump soft rose-pink lips, signature crisp round black bindi centered precisely above eyebrows, voluminous dark espresso black wavy hair with wispy curtain strands, traditional silver oxidised bell-shaped jhumkas and stacked silver bangles) wearing the stylish Classic Designer Women Dresses in premium Lycra. Facial Expression: modern cool girl creator expression, direct charismatic gaze, confident radiant smile with flawless natural skin texture. Pose & Camera: Medium Close-Up Detail — medium 85mm portrait shot, one hand casually touching collarbone/neckline, focusing on fabric texture and earring sparkle in a chic studio setting with natural golden hour lighting. Lighting: Clean crisp ring-light fill mixed with natural soft room daylight. Shot on Hasselblad 50mm / iPhone 16 Pro, authentic 35mm film grain, hyper-realistic fabric drape and texture, 8K ultra-detailed, zero CGI smooth plastic skin.",SUCCESS
168,Classic Designer Women Dresses,₹464,🌟 High-Fashion Statement Outfit,Fierce Editorial Stare,https://images.meesho.com/images/products/1094896055/4oa5x_512.webp?width=512,D:\affi;ate\trend-earning-system\photoshoot_pinterest_engine\rendered_posts\PIN_168_classic_designer_w.jpg,"Authentic raw 8K photoshoot of the exact same 21-year-old young Indian creator (youthful soft-oval face shape with delicate jawline, smooth glowing warm honey skin, expressive almond honey-brown eyes with tightline, delicate straight nose, plump soft rose-pink lips, signature crisp round black bindi centered precisely above eyebrows, voluminous dark espresso black wavy hair with wispy curtain strands, traditional silver oxidised bell-shaped jhumkas and stacked silver bangles) wearing the stylish Classic Designer Women Dresses in premium Lycra. Facial Expression: intense high-fashion editorial eye contact, relaxed lips with effortless confidence, sharp defined jawline angle. Pose & Camera: Full-Length Runway Strut — full-body walking perspective, one foot forward showing garment movement and flow, hands casually grazing outfit hem in a chic studio setting with natural golden hour lighting. Lighting: Dramatic directional studio key light with subtle shadow contouring. Shot on Hasselblad 50mm / iPhone 16 Pro, authentic 35mm film grain, hyper-realistic fabric drape and texture, 8K ultra-detailed, zero CGI smooth plastic skin.",SUCCESS
169,Classic Designer Women Dresses,₹464,🌟 High-Fashion Statement Outfit,Sultry Aesthetic Mirror Glance,https://images.meesho.com/images/products/1008186243/htb9q_512.webp?width=512,D:\affi;ate\trend-earning-system\photoshoot_pinterest_engine\rendered_posts\PIN_169_classic_designer_w.jpg,"Authentic raw 8K photoshoot of the exact same 21-year-old young Indian creator (youthful soft-oval face shape with delicate jawline, smooth glowing warm honey skin, expressive almond honey-brown eyes with tightline, delicate straight nose, plump soft rose-pink lips, signature crisp round black bindi centered precisely above eyebrows, voluminous dark espresso black wavy hair with wispy curtain strands, traditional silver oxidised bell-shaped jhumkas and stacked silver bangles) wearing the stylish Classic Designer Women Dresses in premium Lycra. Facial Expression: sultry relaxed gaze looking into mirror reflection through long dark eyelashes, subtle parted lips with natural rose sheen. Pose & Camera: Mirror Selfie Outfit Check — full-length iPhone mirror selfie holding phone in front with aesthetic case, slight hip pop showcasing body contour and waist fit in a chic studio setting with natural golden hour lighting. Lighting: Warm ambient bedroom glow with soft mirror flash highlights. Shot on Hasselblad 50mm / iPhone 16 Pro, authentic 35mm film grain, hyper-realistic fabric drape and texture, 8K ultra-detailed, zero CGI smooth plastic skin.",SUCCESS
170,Classic Designer Women Dresses,₹464,🌟 High-Fashion Statement Outfit,Regal Ethnic Grace,https://images.meesho.com/images/products/1104269887/zktp3_512.webp?width=512,D:\affi;ate\trend-earning-system\photoshoot_pinterest_engine\rendered_posts\PIN_170_classic_designer_w.jpg,"Authentic raw 8K photoshoot of the exact same 21-year-old young Indian creator (youthful soft-oval face shape with delicate jawline, smooth glowing warm honey skin, expressive almond honey-brown eyes with tightline, delicate straight nose, plump soft rose-pink lips, signature crisp round black bindi centered precisely above eyebrows, voluminous dark espresso black wavy hair with wispy curtain strands, traditional silver oxidised bell-shaped jhumkas and stacked silver bangles) wearing the stylish Classic Designer Women Dresses in premium Lycra. Facial Expression: poised regal expression with soft dignified eyes, gentle serene half-smile accentuating her signature centered black bindi. Pose & Camera: Over-The-Shoulder Turn — turning back over shoulder towards camera, highlighting back cut, halter ties, and side silhouette curvature in a chic studio setting with natural golden hour lighting. Lighting: Golden hour sunlight streaming through traditional jharokha courtyard. Shot on Hasselblad 50mm / iPhone 16 Pro, authentic 35mm film grain, hyper-realistic fabric drape and texture, 8K ultra-detailed, zero CGI smooth plastic skin.",SUCCESS
171,Classic Designer Women Dresses,₹464,🌟 High-Fashion Statement Outfit,Playful Candid Smirk,https://images.meesho.com/images/products/1099737183/j9xqb_512.webp?width=512,D:\affi;ate\trend-earning-system\photoshoot_pinterest_engine\rendered_posts\PIN_171_classic_designer_w.jpg,"Authentic raw 8K photoshoot of the exact same 21-year-old young Indian creator (youthful soft-oval face shape with delicate jawline, smooth glowing warm honey skin, expressive almond honey-brown eyes with tightline, delicate straight nose, plump soft rose-pink lips, signature crisp round black bindi centered precisely above eyebrows, voluminous dark espresso black wavy hair with wispy curtain strands, traditional silver oxidised bell-shaped jhumkas and stacked silver bangles) wearing the stylish Classic Designer Women Dresses in premium Lycra. Facial Expression: playful flirtatious smirk with raised eyebrow, cute head-tilt making silver jhumkas sway naturally. Pose & Camera: Seated Luxury Lounge — seated casually on modern velvet armchair, legs crossed elegantly, fabric draping gracefully across the frame in a chic studio setting with natural golden hour lighting. Lighting: Bright natural high-key window daylight. Shot on Hasselblad 50mm / iPhone 16 Pro, authentic 35mm film grain, hyper-realistic fabric drape and texture, 8K ultra-detailed, zero CGI smooth plastic skin.",SUCCESS
172,Classic Designer Women Dresses,₹464,🌟 High-Fashion Statement Outfit,Romantic Nostalgic Gaze,https://images.meesho.com/images/products/1101496260/bozwi_512.webp?width=512,D:\affi;ate\trend-earning-system\photoshoot_pinterest_engine\rendered_posts\PIN_172_classic_designer_w.jpg,"Authentic raw 8K photoshoot of the exact same 21-year-old young Indian creator (youthful soft-oval face shape with delicate jawline, smooth glowing warm honey skin, expressive almond honey-brown eyes with tightline, delicate straight nose, plump soft rose-pink lips, signature crisp round black bindi centered precisely above eyebrows, voluminous dark espresso black wavy hair with wispy curtain strands, traditional silver oxidised bell-shaped jhumkas and stacked silver bangles) wearing the stylish Classic Designer Women Dresses in premium Lycra. Facial Expression: dreamy soft romantic expression, eyes catching bright natural catchlights, gentle feminine chin angle. Pose & Camera: Saree Pallu Flaunt — holding pleated pallu delicately with manicured fingers, shoulder drape highlighted with glistening stacked silver bangles in a chic studio setting with natural golden hour lighting. Lighting: Sunset warm golden hour backlight creating subtle hair rim glow. Shot on Hasselblad 50mm / iPhone 16 Pro, authentic 35mm film grain, hyper-realistic fabric drape and texture, 8K ultra-detailed, zero CGI smooth plastic skin.",SUCCESS
173,Classic Designer Women Dresses,₹464,🌟 High-Fashion Statement Outfit,Confident GenZ Creator,https://images.meesho.com/images/products/633758433/jf3pe_512.webp?width=512,D:\affi;ate\trend-earning-system\photoshoot_pinterest_engine\rendered_posts\PIN_173_classic_designer_w.jpg,"Authentic raw 8K photoshoot of the exact same 21-year-old young Indian creator (youthful soft-oval face shape with delicate jawline, smooth glowing warm honey skin, expressive almond honey-brown eyes with tightline, delicate straight nose, plump soft rose-pink lips, signature crisp round black bindi centered precisely above eyebrows, voluminous dark espresso black wavy hair with wispy curtain strands, traditional silver oxidised bell-shaped jhumkas and stacked silver bangles) wearing the stylish Classic Designer Women Dresses in premium Lycra. Facial Expression: modern cool girl creator expression, direct charismatic gaze, confident radiant smile with flawless natural skin texture. Pose & Camera: Medium Close-Up Detail — medium 85mm portrait shot, one hand casually touching collarbone/neckline, focusing on fabric texture and earring sparkle in a chic studio setting with natural golden hour lighting. Lighting: Clean crisp ring-light fill mixed with natural soft room daylight. Shot on Hasselblad 50mm / iPhone 16 Pro, authentic 35mm film grain, hyper-realistic fabric drape and texture, 8K ultra-detailed, zero CGI smooth plastic skin.",SUCCESS
174,Classic Designer Women Dresses,₹464,🌟 High-Fashion Statement Outfit,Fierce Editorial Stare,https://images.meesho.com/images/products/1108293019/bbjql_512.webp?width=512,D:\affi;ate\trend-earning-system\photoshoot_pinterest_engine\rendered_posts\PIN_174_classic_designer_w.jpg,"Authentic raw 8K photoshoot of the exact same 21-year-old young Indian creator (youthful soft-oval face shape with delicate jawline, smooth glowing warm honey skin, expressive almond honey-brown eyes with tightline, delicate straight nose, plump soft rose-pink lips, signature crisp round black bindi centered precisely above eyebrows, voluminous dark espresso black wavy hair with wispy curtain strands, traditional silver oxidised bell-shaped jhumkas and stacked silver bangles) wearing the stylish Classic Designer Women Dresses in premium Lycra. Facial Expression: intense high-fashion editorial eye contact, relaxed lips with effortless confidence, sharp defined jawline angle. Pose & Camera: Full-Length Runway Strut — full-body walking perspective, one foot forward showing garment movement and flow, hands casually grazing outfit hem in a chic studio setting with natural golden hour lighting. Lighting: Dramatic directional studio key light with subtle shadow contouring. Shot on Hasselblad 50mm / iPhone 16 Pro, authentic 35mm film grain, hyper-realistic fabric drape and texture, 8K ultra-detailed, zero CGI smooth plastic skin.",SUCCESS
175,Classic Designer Women Dresses,₹464,🌟 High-Fashion Statement Outfit,Sultry Aesthetic Mirror Glance,https://images.meesho.com/images/products/1073447354/2jydy_512.webp?width=512,D:\affi;ate\trend-earning-system\photoshoot_pinterest_engine\rendered_posts\PIN_175_classic_designer_w.jpg,"Authentic raw 8K photoshoot of the exact same 21-year-old young Indian creator (youthful soft-oval face shape with delicate jawline, smooth glowing warm honey skin, expressive almond honey-brown eyes with tightline, delicate straight nose, plump soft rose-pink lips, signature crisp round black bindi centered precisely above eyebrows, voluminous dark espresso black wavy hair with wispy curtain strands, traditional silver oxidised bell-shaped jhumkas and stacked silver bangles) wearing the stylish Classic Designer Women Dresses in premium Lycra. Facial Expression: sultry relaxed gaze looking into mirror reflection through long dark eyelashes, subtle parted lips with natural rose sheen. Pose & Camera: Mirror Selfie Outfit Check — full-length iPhone mirror selfie holding phone in front with aesthetic case, slight hip pop showcasing body contour and waist fit in a chic studio setting with natural golden hour lighting. Lighting: Warm ambient bedroom glow with soft mirror flash highlights. Shot on Hasselblad 50mm / iPhone 16 Pro, authentic 35mm film grain, hyper-realistic fabric drape and texture, 8K ultra-detailed, zero CGI smooth plastic skin.",SUCCESS
176,Pretty Sensational Women Dresses,₹322,🌟 High-Fashion Statement Outfit,Regal Ethnic Grace,https://images.meesho.com/images/products/1108359936/3yfah_512.webp?width=512,D:\affi;ate\trend-earning-system\photoshoot_pinterest_engine\rendered_posts\PIN_176_pretty_sensational.jpg,"Authentic raw 8K photoshoot of the exact same 21-year-old young Indian creator (youthful soft-oval face shape with delicate jawline, smooth glowing warm honey skin, expressive almond honey-brown eyes with tightline, delicate straight nose, plump soft rose-pink lips, signature crisp round black bindi centered precisely above eyebrows, voluminous dark espresso black wavy hair with wispy curtain strands, traditional silver oxidised bell-shaped jhumkas and stacked silver bangles) wearing the stylish Pretty Sensational Women Dresses in premium Rayon. Facial Expression: poised regal expression with soft dignified eyes, gentle serene half-smile accentuating her signature centered black bindi. Pose & Camera: Over-The-Shoulder Turn — turning back over shoulder towards camera, highlighting back cut, halter ties, and side silhouette curvature in a chic studio setting with natural golden hour lighting. Lighting: Golden hour sunlight streaming through traditional jharokha courtyard. Shot on Hasselblad 50mm / iPhone 16 Pro, authentic 35mm film grain, hyper-realistic fabric drape and texture, 8K ultra-detailed, zero CGI smooth plastic skin.",SUCCESS
177,Pretty Sensational Women Dresses,₹322,🌟 High-Fashion Statement Outfit,Playful Candid Smirk,https://images.meesho.com/images/products/1108359936/oopix_512.webp?width=512,D:\affi;ate\trend-earning-system\photoshoot_pinterest_engine\rendered_posts\PIN_177_pretty_sensational.jpg,"Authentic raw 8K photoshoot of the exact same 21-year-old young Indian creator (youthful soft-oval face shape with delicate jawline, smooth glowing warm honey skin, expressive almond honey-brown eyes with tightline, delicate straight nose, plump soft rose-pink lips, signature crisp round black bindi centered precisely above eyebrows, voluminous dark espresso black wavy hair with wispy curtain strands, traditional silver oxidised bell-shaped jhumkas and stacked silver bangles) wearing the stylish Pretty Sensational Women Dresses in premium Rayon. Facial Expression: playful flirtatious smirk with raised eyebrow, cute head-tilt making silver jhumkas sway naturally. Pose & Camera: Seated Luxury Lounge — seated casually on modern velvet armchair, legs crossed elegantly, fabric draping gracefully across the frame in a chic studio setting with natural golden hour lighting. Lighting: Bright natural high-key window daylight. Shot on Hasselblad 50mm / iPhone 16 Pro, authentic 35mm film grain, hyper-realistic fabric drape and texture, 8K ultra-detailed, zero CGI smooth plastic skin.",SUCCESS
178,Pretty Sensational Women Dresses,₹322,🌟 High-Fashion Statement Outfit,Romantic Nostalgic Gaze,https://images.meesho.com/images/products/1108359936/d1xsv_512.webp?width=512,D:\affi;ate\trend-earning-system\photoshoot_pinterest_engine\rendered_posts\PIN_178_pretty_sensational.jpg,"Authentic raw 8K photoshoot of the exact same 21-year-old young Indian creator (youthful soft-oval face shape with delicate jawline, smooth glowing warm honey skin, expressive almond honey-brown eyes with tightline, delicate straight nose, plump soft rose-pink lips, signature crisp round black bindi centered precisely above eyebrows, voluminous dark espresso black wavy hair with wispy curtain strands, traditional silver oxidised bell-shaped jhumkas and stacked silver bangles) wearing the stylish Pretty Sensational Women Dresses in premium Rayon. Facial Expression: dreamy soft romantic expression, eyes catching bright natural catchlights, gentle feminine chin angle. Pose & Camera: Saree Pallu Flaunt — holding pleated pallu delicately with manicured fingers, shoulder drape highlighted with glistening stacked silver bangles in a chic studio setting with natural golden hour lighting. Lighting: Sunset warm golden hour backlight creating subtle hair rim glow. Shot on Hasselblad 50mm / iPhone 16 Pro, authentic 35mm film grain, hyper-realistic fabric drape and texture, 8K ultra-detailed, zero CGI smooth plastic skin.",SUCCESS
179,Pretty Sensational Women Dresses,₹322,🌟 High-Fashion Statement Outfit,Confident GenZ Creator,https://images.meesho.com/images/products/1108359936/dxoo3_512.webp?width=512,D:\affi;ate\trend-earning-system\photoshoot_pinterest_engine\rendered_posts\PIN_179_pretty_sensational.jpg,"Authentic raw 8K photoshoot of the exact same 21-year-old young Indian creator (youthful soft-oval face shape with delicate jawline, smooth glowing warm honey skin, expressive almond honey-brown eyes with tightline, delicate straight nose, plump soft rose-pink lips, signature crisp round black bindi centered precisely above eyebrows, voluminous dark espresso black wavy hair with wispy curtain strands, traditional silver oxidised bell-shaped jhumkas and stacked silver bangles) wearing the stylish Pretty Sensational Women Dresses in premium Rayon. Facial Expression: modern cool girl creator expression, direct charismatic gaze, confident radiant smile with flawless natural skin texture. Pose & Camera: Medium Close-Up Detail — medium 85mm portrait shot, one hand casually touching collarbone/neckline, focusing on fabric texture and earring sparkle in a chic studio setting with natural golden hour lighting. Lighting: Clean crisp ring-light fill mixed with natural soft room daylight. Shot on Hasselblad 50mm / iPhone 16 Pro, authentic 35mm film grain, hyper-realistic fabric drape and texture, 8K ultra-detailed, zero CGI smooth plastic skin.",SUCCESS
180,Pretty Sensational Women Dresses,₹322,🌟 High-Fashion Statement Outfit,Fierce Editorial Stare,https://images.meesho.com/images/products/1108359936/3yfah_128.webp?width=512,D:\affi;ate\trend-earning-system\photoshoot_pinterest_engine\rendered_posts\PIN_180_pretty_sensational.jpg,"Authentic raw 8K photoshoot of the exact same 21-year-old young Indian creator (youthful soft-oval face shape with delicate jawline, smooth glowing warm honey skin, expressive almond honey-brown eyes with tightline, delicate straight nose, plump soft rose-pink lips, signature crisp round black bindi centered precisely above eyebrows, voluminous dark espresso black wavy hair with wispy curtain strands, traditional silver oxidised bell-shaped jhumkas and stacked silver bangles) wearing the stylish Pretty Sensational Women Dresses in premium Rayon. Facial Expression: intense high-fashion editorial eye contact, relaxed lips with effortless confidence, sharp defined jawline angle. Pose & Camera: Full-Length Runway Strut — full-body walking perspective, one foot forward showing garment movement and flow, hands casually grazing outfit hem in a chic studio setting with natural golden hour lighting. Lighting: Dramatic directional studio key light with subtle shadow contouring. Shot on Hasselblad 50mm / iPhone 16 Pro, authentic 35mm film grain, hyper-realistic fabric drape and texture, 8K ultra-detailed, zero CGI smooth plastic skin.",SUCCESS
181,Pretty Sensational Women Dresses,₹322,🌟 High-Fashion Statement Outfit,Sultry Aesthetic Mirror Glance,https://images.meesho.com/images/products/1063123446/i6joc_512.webp?width=512,D:\affi;ate\trend-earning-system\photoshoot_pinterest_engine\rendered_posts\PIN_181_pretty_sensational.jpg,"Authentic raw 8K photoshoot of the exact same 21-year-old young Indian creator (youthful soft-oval face shape with delicate jawline, smooth glowing warm honey skin, expressive almond honey-brown eyes with tightline, delicate straight nose, plump soft rose-pink lips, signature crisp round black bindi centered precisely above eyebrows, voluminous dark espresso black wavy hair with wispy curtain strands, traditional silver oxidised bell-shaped jhumkas and stacked silver bangles) wearing the stylish Pretty Sensational Women Dresses in premium Rayon. Facial Expression: sultry relaxed gaze looking into mirror reflection through long dark eyelashes, subtle parted lips with natural rose sheen. Pose & Camera: Mirror Selfie Outfit Check — full-length iPhone mirror selfie holding phone in front with aesthetic case, slight hip pop showcasing body contour and waist fit in a chic studio setting with natural golden hour lighting. Lighting: Warm ambient bedroom glow with soft mirror flash highlights. Shot on Hasselblad 50mm / iPhone 16 Pro, authentic 35mm film grain, hyper-realistic fabric drape and texture, 8K ultra-detailed, zero CGI smooth plastic skin.",SUCCESS
182,Pretty Sensational Women Dresses,₹322,🌟 High-Fashion Statement Outfit,Regal Ethnic Grace,https://images.meesho.com/images/products/951387106/dw6tl_512.webp?width=512,D:\affi;ate\trend-earning-system\photoshoot_pinterest_engine\rendered_posts\PIN_182_pretty_sensational.jpg,"Authentic raw 8K photoshoot of the exact same 21-year-old young Indian creator (youthful soft-oval face shape with delicate jawline, smooth glowing warm honey skin, expressive almond honey-brown eyes with tightline, delicate straight nose, plump soft rose-pink lips, signature crisp round black bindi centered precisely above eyebrows, voluminous dark espresso black wavy hair with wispy curtain strands, traditional silver oxidised bell-shaped jhumkas and stacked silver bangles) wearing the stylish Pretty Sensational Women Dresses in premium Rayon. Facial Expression: poised regal expression with soft dignified eyes, gentle serene half-smile accentuating her signature centered black bindi. Pose & Camera: Over-The-Shoulder Turn — turning back over shoulder towards camera, highlighting back cut, halter ties, and side silhouette curvature in a chic studio setting with natural golden hour lighting. Lighting: Golden hour sunlight streaming through traditional jharokha courtyard. Shot on Hasselblad 50mm / iPhone 16 Pro, authentic 35mm film grain, hyper-realistic fabric drape and texture, 8K ultra-detailed, zero CGI smooth plastic skin.",SUCCESS
183,Pretty Sensational Women Dresses,₹322,🌟 High-Fashion Statement Outfit,Playful Candid Smirk,https://images.meesho.com/images/products/1092345833/ujeoq_512.webp?width=512,D:\affi;ate\trend-earning-system\photoshoot_pinterest_engine\rendered_posts\PIN_183_pretty_sensational.jpg,"Authentic raw 8K photoshoot of the exact same 21-year-old young Indian creator (youthful soft-oval face shape with delicate jawline, smooth glowing warm honey skin, expressive almond honey-brown eyes with tightline, delicate straight nose, plump soft rose-pink lips, signature crisp round black bindi centered precisely above eyebrows, voluminous dark espresso black wavy hair with wispy curtain strands, traditional silver oxidised bell-shaped jhumkas and stacked silver bangles) wearing the stylish Pretty Sensational Women Dresses in premium Rayon. Facial Expression: playful flirtatious smirk with raised eyebrow, cute head-tilt making silver jhumkas sway naturally. Pose & Camera: Seated Luxury Lounge — seated casually on modern velvet armchair, legs crossed elegantly, fabric draping gracefully across the frame in a chic studio setting with natural golden hour lighting. Lighting: Bright natural high-key window daylight. Shot on Hasselblad 50mm / iPhone 16 Pro, authentic 35mm film grain, hyper-realistic fabric drape and texture, 8K ultra-detailed, zero CGI smooth plastic skin.",SUCCESS
184,Pretty Sensational Women Dresses,₹322,🌟 High-Fashion Statement Outfit,Romantic Nostalgic Gaze,https://images.meesho.com/images/products/1108285909/qqxta_512.webp?width=512,D:\affi;ate\trend-earning-system\photoshoot_pinterest_engine\rendered_posts\PIN_184_pretty_sensational.jpg,"Authentic raw 8K photoshoot of the exact same 21-year-old young Indian creator (youthful soft-oval face shape with delicate jawline, smooth glowing warm honey skin, expressive almond honey-brown eyes with tightline, delicate straight nose, plump soft rose-pink lips, signature crisp round black bindi centered precisely above eyebrows, voluminous dark espresso black wavy hair with wispy curtain strands, traditional silver oxidised bell-shaped jhumkas and stacked silver bangles) wearing the stylish Pretty Sensational Women Dresses in premium Rayon. Facial Expression: dreamy soft romantic expression, eyes catching bright natural catchlights, gentle feminine chin angle. Pose & Camera: Saree Pallu Flaunt — holding pleated pallu delicately with manicured fingers, shoulder drape highlighted with glistening stacked silver bangles in a chic studio setting with natural golden hour lighting. Lighting: Sunset warm golden hour backlight creating subtle hair rim glow. Shot on Hasselblad 50mm / iPhone 16 Pro, authentic 35mm film grain, hyper-realistic fabric drape and texture, 8K ultra-detailed, zero CGI smooth plastic skin.",SUCCESS
185,Pretty Sensational Women Dresses,₹322,🌟 High-Fashion Statement Outfit,Confident GenZ Creator,https://images.meesho.com/images/products/1111173887/wuugp_512.webp?width=512,D:\affi;ate\trend-earning-system\photoshoot_pinterest_engine\rendered_posts\PIN_185_pretty_sensational.jpg,"Authentic raw 8K photoshoot of the exact same 21-year-old young Indian creator (youthful soft-oval face shape with delicate jawline, smooth glowing warm honey skin, expressive almond honey-brown eyes with tightline, delicate straight nose, plump soft rose-pink lips, signature crisp round black bindi centered precisely above eyebrows, voluminous dark espresso black wavy hair with wispy curtain strands, traditional silver oxidised bell-shaped jhumkas and stacked silver bangles) wearing the stylish Pretty Sensational Women Dresses in premium Rayon. Facial Expression: modern cool girl creator expression, direct charismatic gaze, confident radiant smile with flawless natural skin texture. Pose & Camera: Medium Close-Up Detail — medium 85mm portrait shot, one hand casually touching collarbone/neckline, focusing on fabric texture and earring sparkle in a chic studio setting with natural golden hour lighting. Lighting: Clean crisp ring-light fill mixed with natural soft room daylight. Shot on Hasselblad 50mm / iPhone 16 Pro, authentic 35mm film grain, hyper-realistic fabric drape and texture, 8K ultra-detailed, zero CGI smooth plastic skin.",SUCCESS
186,Pretty Sensational Women Dresses,₹322,🌟 High-Fashion Statement Outfit,Fierce Editorial Stare,https://images.meesho.com/images/products/578645702/mui4o_512.webp?width=512,D:\affi;ate\trend-earning-system\photoshoot_pinterest_engine\rendered_posts\PIN_186_pretty_sensational.jpg,"Authentic raw 8K photoshoot of the exact same 21-year-old young Indian creator (youthful soft-oval face shape with delicate jawline, smooth glowing warm honey skin, expressive almond honey-brown eyes with tightline, delicate straight nose, plump soft rose-pink lips, signature crisp round black bindi centered precisely above eyebrows, voluminous dark espresso black wavy hair with wispy curtain strands, traditional silver oxidised bell-shaped jhumkas and stacked silver bangles) wearing the stylish Pretty Sensational Women Dresses in premium Rayon. Facial Expression: intense high-fashion editorial eye contact, relaxed lips with effortless confidence, sharp defined jawline angle. Pose & Camera: Full-Length Runway Strut — full-body walking perspective, one foot forward showing garment movement and flow, hands casually grazing outfit hem in a chic studio setting with natural golden hour lighting. Lighting: Dramatic directional studio key light with subtle shadow contouring. Shot on Hasselblad 50mm / iPhone 16 Pro, authentic 35mm film grain, hyper-realistic fabric drape and texture, 8K ultra-detailed, zero CGI smooth plastic skin.",SUCCESS
187,Pretty Sensational Women Dresses,₹322,🌟 High-Fashion Statement Outfit,Sultry Aesthetic Mirror Glance,https://images.meesho.com/images/products/1025747058/1pnuf_512.webp?width=512,D:\affi;ate\trend-earning-system\photoshoot_pinterest_engine\rendered_posts\PIN_187_pretty_sensational.jpg,"Authentic raw 8K photoshoot of the exact same 21-year-old young Indian creator (youthful soft-oval face shape with delicate jawline, smooth glowing warm honey skin, expressive almond honey-brown eyes with tightline, delicate straight nose, plump soft rose-pink lips, signature crisp round black bindi centered precisely above eyebrows, voluminous dark espresso black wavy hair with wispy curtain strands, traditional silver oxidised bell-shaped jhumkas and stacked silver bangles) wearing the stylish Pretty Sensational Women Dresses in premium Rayon. Facial Expression: sultry relaxed gaze looking into mirror reflection through long dark eyelashes, subtle parted lips with natural rose sheen. Pose & Camera: Mirror Selfie Outfit Check — full-length iPhone mirror selfie holding phone in front with aesthetic case, slight hip pop showcasing body contour and waist fit in a chic studio setting with natural golden hour lighting. Lighting: Warm ambient bedroom glow with soft mirror flash highlights. Shot on Hasselblad 50mm / iPhone 16 Pro, authentic 35mm film grain, hyper-realistic fabric drape and texture, 8K ultra-detailed, zero CGI smooth plastic skin.",SUCCESS
188,Pretty Sensational Women Dresses,₹322,🌟 High-Fashion Statement Outfit,Regal Ethnic Grace,https://images.meesho.com/images/products/1111174598/fed0d_512.webp?width=512,D:\affi;ate\trend-earning-system\photoshoot_pinterest_engine\rendered_posts\PIN_188_pretty_sensational.jpg,"Authentic raw 8K photoshoot of the exact same 21-year-old young Indian creator (youthful soft-oval face shape with delicate jawline, smooth glowing warm honey skin, expressive almond honey-brown eyes with tightline, delicate straight nose, plump soft rose-pink lips, signature crisp round black bindi centered precisely above eyebrows, voluminous dark espresso black wavy hair with wispy curtain strands, traditional silver oxidised bell-shaped jhumkas and stacked silver bangles) wearing the stylish Pretty Sensational Women Dresses in premium Rayon. Facial Expression: poised regal expression with soft dignified eyes, gentle serene half-smile accentuating her signature centered black bindi. Pose & Camera: Over-The-Shoulder Turn — turning back over shoulder towards camera, highlighting back cut, halter ties, and side silhouette curvature in a chic studio setting with natural golden hour lighting. Lighting: Golden hour sunlight streaming through traditional jharokha courtyard. Shot on Hasselblad 50mm / iPhone 16 Pro, authentic 35mm film grain, hyper-realistic fabric drape and texture, 8K ultra-detailed, zero CGI smooth plastic skin.",SUCCESS
189,Pretty Sensational Women Dresses,₹322,🌟 High-Fashion Statement Outfit,Playful Candid Smirk,https://images.meesho.com/images/products/584476046/id6c1_512.webp?width=512,D:\affi;ate\trend-earning-system\photoshoot_pinterest_engine\rendered_posts\PIN_189_pretty_sensational.jpg,"Authentic raw 8K photoshoot of the exact same 21-year-old young Indian creator (youthful soft-oval face shape with delicate jawline, smooth glowing warm honey skin, expressive almond honey-brown eyes with tightline, delicate straight nose, plump soft rose-pink lips, signature crisp round black bindi centered precisely above eyebrows, voluminous dark espresso black wavy hair with wispy curtain strands, traditional silver oxidised bell-shaped jhumkas and stacked silver bangles) wearing the stylish Pretty Sensational Women Dresses in premium Rayon. Facial Expression: playful flirtatious smirk with raised eyebrow, cute head-tilt making silver jhumkas sway naturally. Pose & Camera: Seated Luxury Lounge — seated casually on modern velvet armchair, legs crossed elegantly, fabric draping gracefully across the frame in a chic studio setting with natural golden hour lighting. Lighting: Bright natural high-key window daylight. Shot on Hasselblad 50mm / iPhone 16 Pro, authentic 35mm film grain, hyper-realistic fabric drape and texture, 8K ultra-detailed, zero CGI smooth plastic skin.",SUCCESS
190,Pretty Sensational Women Dresses,₹322,🌟 High-Fashion Statement Outfit,Romantic Nostalgic Gaze,https://images.meesho.com/images/products/1090676495/obbkn_512.webp?width=512,D:\affi;ate\trend-earning-system\photoshoot_pinterest_engine\rendered_posts\PIN_190_pretty_sensational.jpg,"Authentic raw 8K photoshoot of the exact same 21-year-old young Indian creator (youthful soft-oval face shape with delicate jawline, smooth glowing warm honey skin, expressive almond honey-brown eyes with tightline, delicate straight nose, plump soft rose-pink lips, signature crisp round black bindi centered precisely above eyebrows, voluminous dark espresso black wavy hair with wispy curtain strands, traditional silver oxidised bell-shaped jhumkas and stacked silver bangles) wearing the stylish Pretty Sensational Women Dresses in premium Rayon. Facial Expression: dreamy soft romantic expression, eyes catching bright natural catchlights, gentle feminine chin angle. Pose & Camera: Saree Pallu Flaunt — holding pleated pallu delicately with manicured fingers, shoulder drape highlighted with glistening stacked silver bangles in a chic studio setting with natural golden hour lighting. Lighting: Sunset warm golden hour backlight creating subtle hair rim glow. Shot on Hasselblad 50mm / iPhone 16 Pro, authentic 35mm film grain, hyper-realistic fabric drape and texture, 8K ultra-detailed, zero CGI smooth plastic skin.",SUCCESS
191,Pretty Sensational Women Dresses,₹322,🌟 High-Fashion Statement Outfit,Confident GenZ Creator,https://images.meesho.com/images/products/586838376/lk4in_512.webp?width=512,D:\affi;ate\trend-earning-system\photoshoot_pinterest_engine\rendered_posts\PIN_191_pretty_sensational.jpg,"Authentic raw 8K photoshoot of the exact same 21-year-old young Indian creator (youthful soft-oval face shape with delicate jawline, smooth glowing warm honey skin, expressive almond honey-brown eyes with tightline, delicate straight nose, plump soft rose-pink lips, signature crisp round black bindi centered precisely above eyebrows, voluminous dark espresso black wavy hair with wispy curtain strands, traditional silver oxidised bell-shaped jhumkas and stacked silver bangles) wearing the stylish Pretty Sensational Women Dresses in premium Rayon. Facial Expression: modern cool girl creator expression, direct charismatic gaze, confident radiant smile with flawless natural skin texture. Pose & Camera: Medium Close-Up Detail — medium 85mm portrait shot, one hand casually touching collarbone/neckline, focusing on fabric texture and earring sparkle in a chic studio setting with natural golden hour lighting. Lighting: Clean crisp ring-light fill mixed with natural soft room daylight. Shot on Hasselblad 50mm / iPhone 16 Pro, authentic 35mm film grain, hyper-realistic fabric drape and texture, 8K ultra-detailed, zero CGI smooth plastic skin.",SUCCESS
192,Pretty Sensational Women Dresses,₹322,🌟 High-Fashion Statement Outfit,Fierce Editorial Stare,https://images.meesho.com/images/products/1070516239/iqjcf_512.webp?width=512,D:\affi;ate\trend-earning-system\photoshoot_pinterest_engine\rendered_posts\PIN_192_pretty_sensational.jpg,"Authentic raw 8K photoshoot of the exact same 21-year-old young Indian creator (youthful soft-oval face shape with delicate jawline, smooth glowing warm honey skin, expressive almond honey-brown eyes with tightline, delicate straight nose, plump soft rose-pink lips, signature crisp round black bindi centered precisely above eyebrows, voluminous dark espresso black wavy hair with wispy curtain strands, traditional silver oxidised bell-shaped jhumkas and stacked silver bangles) wearing the stylish Pretty Sensational Women Dresses in premium Rayon. Facial Expression: intense high-fashion editorial eye contact, relaxed lips with effortless confidence, sharp defined jawline angle. Pose & Camera: Full-Length Runway Strut — full-body walking perspective, one foot forward showing garment movement and flow, hands casually grazing outfit hem in a chic studio setting with natural golden hour lighting. Lighting: Dramatic directional studio key light with subtle shadow contouring. Shot on Hasselblad 50mm / iPhone 16 Pro, authentic 35mm film grain, hyper-realistic fabric drape and texture, 8K ultra-detailed, zero CGI smooth plastic skin.",SUCCESS
193,Classic Partywear Women Dresses,₹342,🌟 High-Fashion Statement Outfit,Sultry Aesthetic Mirror Glance,https://images.meesho.com/images/products/1107795088/skkcb_512.webp?width=512,D:\affi;ate\trend-earning-system\photoshoot_pinterest_engine\rendered_posts\PIN_193_classic_partywear_.jpg,"Authentic raw 8K photoshoot of the exact same 21-year-old young Indian creator (youthful soft-oval face shape with delicate jawline, smooth glowing warm honey skin, expressive almond honey-brown eyes with tightline, delicate straight nose, plump soft rose-pink lips, signature crisp round black bindi centered precisely above eyebrows, voluminous dark espresso black wavy hair with wispy curtain strands, traditional silver oxidised bell-shaped jhumkas and stacked silver bangles) wearing the stylish Classic Partywear Women Dresses in premium Lycra. Facial Expression: sultry relaxed gaze looking into mirror reflection through long dark eyelashes, subtle parted lips with natural rose sheen. Pose & Camera: Mirror Selfie Outfit Check — full-length iPhone mirror selfie holding phone in front with aesthetic case, slight hip pop showcasing body contour and waist fit in a chic studio setting with natural golden hour lighting. Lighting: Warm ambient bedroom glow with soft mirror flash highlights. Shot on Hasselblad 50mm / iPhone 16 Pro, authentic 35mm film grain, hyper-realistic fabric drape and texture, 8K ultra-detailed, zero CGI smooth plastic skin.",SUCCESS
194,Classic Partywear Women Dresses,₹342,🌟 High-Fashion Statement Outfit,Regal Ethnic Grace,https://images.meesho.com/images/products/1077371275/g7oyz_512.webp?width=512,D:\affi;ate\trend-earning-system\photoshoot_pinterest_engine\rendered_posts\PIN_194_classic_partywear_.jpg,"Authentic raw 8K photoshoot of the exact same 21-year-old young Indian creator (youthful soft-oval face shape with delicate jawline, smooth glowing warm honey skin, expressive almond honey-brown eyes with tightline, delicate straight nose, plump soft rose-pink lips, signature crisp round black bindi centered precisely above eyebrows, voluminous dark espresso black wavy hair with wispy curtain strands, traditional silver oxidised bell-shaped jhumkas and stacked silver bangles) wearing the stylish Classic Partywear Women Dresses in premium Lycra. Facial Expression: poised regal expression with soft dignified eyes, gentle serene half-smile accentuating her signature centered black bindi. Pose & Camera: Over-The-Shoulder Turn — turning back over shoulder towards camera, highlighting back cut, halter ties, and side silhouette curvature in a chic studio setting with natural golden hour lighting. Lighting: Golden hour sunlight streaming through traditional jharokha courtyard. Shot on Hasselblad 50mm / iPhone 16 Pro, authentic 35mm film grain, hyper-realistic fabric drape and texture, 8K ultra-detailed, zero CGI smooth plastic skin.",SUCCESS
195,Classic Partywear Women Dresses,₹342,🌟 High-Fashion Statement Outfit,Playful Candid Smirk,https://images.meesho.com/images/products/1077371275/dyajq_512.webp?width=512,D:\affi;ate\trend-earning-system\photoshoot_pinterest_engine\rendered_posts\PIN_195_classic_partywear_.jpg,"Authentic raw 8K photoshoot of the exact same 21-year-old young Indian creator (youthful soft-oval face shape with delicate jawline, smooth glowing warm honey skin, expressive almond honey-brown eyes with tightline, delicate straight nose, plump soft rose-pink lips, signature crisp round black bindi centered precisely above eyebrows, voluminous dark espresso black wavy hair with wispy curtain strands, traditional silver oxidised bell-shaped jhumkas and stacked silver bangles) wearing the stylish Classic Partywear Women Dresses in premium Lycra. Facial Expression: playful flirtatious smirk with raised eyebrow, cute head-tilt making silver jhumkas sway naturally. Pose & Camera: Seated Luxury Lounge — seated casually on modern velvet armchair, legs crossed elegantly, fabric draping gracefully across the frame in a chic studio setting with natural golden hour lighting. Lighting: Bright natural high-key window daylight. Shot on Hasselblad 50mm / iPhone 16 Pro, authentic 35mm film grain, hyper-realistic fabric drape and texture, 8K ultra-detailed, zero CGI smooth plastic skin.",SUCCESS
196,Classic Partywear Women Dresses,₹342,🌟 High-Fashion Statement Outfit,Romantic Nostalgic Gaze,https://images.meesho.com/images/products/1077371275/eqbtf_512.webp?width=512,D:\affi;ate\trend-earning-system\photoshoot_pinterest_engine\rendered_posts\PIN_196_classic_partywear_.jpg,"Authentic raw 8K photoshoot of the exact same 21-year-old young Indian creator (youthful soft-oval face shape with delicate jawline, smooth glowing warm honey skin, expressive almond honey-brown eyes with tightline, delicate straight nose, plump soft rose-pink lips, signature crisp round black bindi centered precisely above eyebrows, voluminous dark espresso black wavy hair with wispy curtain strands, traditional silver oxidised bell-shaped jhumkas and stacked silver bangles) wearing the stylish Classic Partywear Women Dresses in premium Lycra. Facial Expression: dreamy soft romantic expression, eyes catching bright natural catchlights, gentle feminine chin angle. Pose & Camera: Saree Pallu Flaunt — holding pleated pallu delicately with manicured fingers, shoulder drape highlighted with glistening stacked silver bangles in a chic studio setting with natural golden hour lighting. Lighting: Sunset warm golden hour backlight creating subtle hair rim glow. Shot on Hasselblad 50mm / iPhone 16 Pro, authentic 35mm film grain, hyper-realistic fabric drape and texture, 8K ultra-detailed, zero CGI smooth plastic skin.",SUCCESS
197,Classic Partywear Women Dresses,₹342,🌟 High-Fashion Statement Outfit,Confident GenZ Creator,https://images.meesho.com/images/products/1077371275/nh5co_128.webp?width=512,D:\affi;ate\trend-earning-system\photoshoot_pinterest_engine\rendered_posts\PIN_197_classic_partywear_.jpg,"Authentic raw 8K photoshoot of the exact same 21-year-old young Indian creator (youthful soft-oval face shape with delicate jawline, smooth glowing warm honey skin, expressive almond honey-brown eyes with tightline, delicate straight nose, plump soft rose-pink lips, signature crisp round black bindi centered precisely above eyebrows, voluminous dark espresso black wavy hair with wispy curtain strands, traditional silver oxidised bell-shaped jhumkas and stacked silver bangles) wearing the stylish Classic Partywear Women Dresses in premium Lycra. Facial Expression: modern cool girl creator expression, direct charismatic gaze, confident radiant smile with flawless natural skin texture. Pose & Camera: Medium Close-Up Detail — medium 85mm portrait shot, one hand casually touching collarbone/neckline, focusing on fabric texture and earring sparkle in a chic studio setting with natural golden hour lighting. Lighting: Clean crisp ring-light fill mixed with natural soft room daylight. Shot on Hasselblad 50mm / iPhone 16 Pro, authentic 35mm film grain, hyper-realistic fabric drape and texture, 8K ultra-detailed, zero CGI smooth plastic skin.",SUCCESS
198,Classic Partywear Women Dresses,₹342,🌟 High-Fashion Statement Outfit,Fierce Editorial Stare,https://images.meesho.com/images/products/1077090248/dalsx_512.webp?width=512,D:\affi;ate\trend-earning-system\photoshoot_pinterest_engine\rendered_posts\PIN_198_classic_partywear_.jpg,"Authentic raw 8K photoshoot of the exact same 21-year-old young Indian creator (youthful soft-oval face shape with delicate jawline, smooth glowing warm honey skin, expressive almond honey-brown eyes with tightline, delicate straight nose, plump soft rose-pink lips, signature crisp round black bindi centered precisely above eyebrows, voluminous dark espresso black wavy hair with wispy curtain strands, traditional silver oxidised bell-shaped jhumkas and stacked silver bangles) wearing the stylish Classic Partywear Women Dresses in premium Lycra. Facial Expression: intense high-fashion editorial eye contact, relaxed lips with effortless confidence, sharp defined jawline angle. Pose & Camera: Full-Length Runway Strut — full-body walking perspective, one foot forward showing garment movement and flow, hands casually grazing outfit hem in a chic studio setting with natural golden hour lighting. Lighting: Dramatic directional studio key light with subtle shadow contouring. Shot on Hasselblad 50mm / iPhone 16 Pro, authentic 35mm film grain, hyper-realistic fabric drape and texture, 8K ultra-detailed, zero CGI smooth plastic skin.",SUCCESS
199,Classic Partywear Women Dresses,₹342,🌟 High-Fashion Statement Outfit,Sultry Aesthetic Mirror Glance,https://images.meesho.com/images/products/1042435920/k6ayt_512.webp?width=512,D:\affi;ate\trend-earning-system\photoshoot_pinterest_engine\rendered_posts\PIN_199_classic_partywear_.jpg,"Authentic raw 8K photoshoot of the exact same 21-year-old young Indian creator (youthful soft-oval face shape with delicate jawline, smooth glowing warm honey skin, expressive almond honey-brown eyes with tightline, delicate straight nose, plump soft rose-pink lips, signature crisp round black bindi centered precisely above eyebrows, voluminous dark espresso black wavy hair with wispy curtain strands, traditional silver oxidised bell-shaped jhumkas and stacked silver bangles) wearing the stylish Classic Partywear Women Dresses in premium Lycra. Facial Expression: sultry relaxed gaze looking into mirror reflection through long dark eyelashes, subtle parted lips with natural rose sheen. Pose & Camera: Mirror Selfie Outfit Check — full-length iPhone mirror selfie holding phone in front with aesthetic case, slight hip pop showcasing body contour and waist fit in a chic studio setting with natural golden hour lighting. Lighting: Warm ambient bedroom glow with soft mirror flash highlights. Shot on Hasselblad 50mm / iPhone 16 Pro, authentic 35mm film grain, hyper-realistic fabric drape and texture, 8K ultra-detailed, zero CGI smooth plastic skin.",SUCCESS
200,Classic Partywear Women Dresses,₹342,🌟 High-Fashion Statement Outfit,Regal Ethnic Grace,https://images.meesho.com/images/products/324343287/twseg_512.webp?width=512,D:\affi;ate\trend-earning-system\photoshoot_pinterest_engine\rendered_posts\PIN_200_classic_partywear_.jpg,"Authentic raw 8K photoshoot of the exact same 21-year-old young Indian creator (youthful soft-oval face shape with delicate jawline, smooth glowing warm honey skin, expressive almond honey-brown eyes with tightline, delicate straight nose, plump soft rose-pink lips, signature crisp round black bindi centered precisely above eyebrows, voluminous dark espresso black wavy hair with wispy curtain strands, traditional silver oxidised bell-shaped jhumkas and stacked silver bangles) wearing the stylish Classic Partywear Women Dresses in premium Lycra. Facial Expression: poised regal expression with soft dignified eyes, gentle serene half-smile accentuating her signature centered black bindi. Pose & Camera: Over-The-Shoulder Turn — turning back over shoulder towards camera, highlighting back cut, halter ties, and side silhouette curvature in a chic studio setting with natural golden hour lighting. Lighting: Golden hour sunlight streaming through traditional jharokha courtyard. Shot on Hasselblad 50mm / iPhone 16 Pro, authentic 35mm film grain, hyper-realistic fabric drape and texture, 8K ultra-detailed, zero CGI smooth plastic skin.",SUCCESS
201,Classic Partywear Women Dresses,₹342,🌟 High-Fashion Statement Outfit,Playful Candid Smirk,https://images.meesho.com/images/products/1094010751/obeer_512.webp?width=512,D:\affi;ate\trend-earning-system\photoshoot_pinterest_engine\rendered_posts\PIN_201_classic_partywear_.jpg,"Authentic raw 8K photoshoot of the exact same 21-year-old young Indian creator (youthful soft-oval face shape with delicate jawline, smooth glowing warm honey skin, expressive almond honey-brown eyes with tightline, delicate straight nose, plump soft rose-pink lips, signature crisp round black bindi centered precisely above eyebrows, voluminous dark espresso black wavy hair with wispy curtain strands, traditional silver oxidised bell-shaped jhumkas and stacked silver bangles) wearing the stylish Classic Partywear Women Dresses in premium Lycra. Facial Expression: playful flirtatious smirk with raised eyebrow, cute head-tilt making silver jhumkas sway naturally. Pose & Camera: Seated Luxury Lounge — seated casually on modern velvet armchair, legs crossed elegantly, fabric draping gracefully across the frame in a chic studio setting with natural golden hour lighting. Lighting: Bright natural high-key window daylight. Shot on Hasselblad 50mm / iPhone 16 Pro, authentic 35mm film grain, hyper-realistic fabric drape and texture, 8K ultra-detailed, zero CGI smooth plastic skin.",SUCCESS
202,Classic Partywear Women Dresses,₹342,🌟 High-Fashion Statement Outfit,Romantic Nostalgic Gaze,https://images.meesho.com/images/products/1088175008/ljfne_512.webp?width=512,D:\affi;ate\trend-earning-system\photoshoot_pinterest_engine\rendered_posts\PIN_202_classic_partywear_.jpg,"Authentic raw 8K photoshoot of the exact same 21-year-old young Indian creator (youthful soft-oval face shape with delicate jawline, smooth glowing warm honey skin, expressive almond honey-brown eyes with tightline, delicate straight nose, plump soft rose-pink lips, signature crisp round black bindi centered precisely above eyebrows, voluminous dark espresso black wavy hair with wispy curtain strands, traditional silver oxidised bell-shaped jhumkas and stacked silver bangles) wearing the stylish Classic Partywear Women Dresses in premium Lycra. Facial Expression: dreamy soft romantic expression, eyes catching bright natural catchlights, gentle feminine chin angle. Pose & Camera: Saree Pallu Flaunt — holding pleated pallu delicately with manicured fingers, shoulder drape highlighted with glistening stacked silver bangles in a chic studio setting with natural golden hour lighting. Lighting: Sunset warm golden hour backlight creating subtle hair rim glow. Shot on Hasselblad 50mm / iPhone 16 Pro, authentic 35mm film grain, hyper-realistic fabric drape and texture, 8K ultra-detailed, zero CGI smooth plastic skin.",SUCCESS
203,Classic Partywear Women Dresses,₹342,🌟 High-Fashion Statement Outfit,Confident GenZ Creator,https://images.meesho.com/images/products/1042021427/2pn4o_512.webp?width=512,D:\affi;ate\trend-earning-system\photoshoot_pinterest_engine\rendered_posts\PIN_203_classic_partywear_.jpg,"Authentic raw 8K photoshoot of the exact same 21-year-old young Indian creator (youthful soft-oval face shape with delicate jawline, smooth glowing warm honey skin, expressive almond honey-brown eyes with tightline, delicate straight nose, plump soft rose-pink lips, signature crisp round black bindi centered precisely above eyebrows, voluminous dark espresso black wavy hair with wispy curtain strands, traditional silver oxidised bell-shaped jhumkas and stacked silver bangles) wearing the stylish Classic Partywear Women Dresses in premium Lycra. Facial Expression: modern cool girl creator expression, direct charismatic gaze, confident radiant smile with flawless natural skin texture. Pose & Camera: Medium Close-Up Detail — medium 85mm portrait shot, one hand casually touching collarbone/neckline, focusing on fabric texture and earring sparkle in a chic studio setting with natural golden hour lighting. Lighting: Clean crisp ring-light fill mixed with natural soft room daylight. Shot on Hasselblad 50mm / iPhone 16 Pro, authentic 35mm film grain, hyper-realistic fabric drape and texture, 8K ultra-detailed, zero CGI smooth plastic skin.",SUCCESS
204,Classic Partywear Women Dresses,₹342,🌟 High-Fashion Statement Outfit,Fierce Editorial Stare,https://images.meesho.com/images/products/1077426385/zyvve_512.webp?width=512,D:\affi;ate\trend-earning-system\photoshoot_pinterest_engine\rendered_posts\PIN_204_classic_partywear_.jpg,"Authentic raw 8K photoshoot of the exact same 21-year-old young Indian creator (youthful soft-oval face shape with delicate jawline, smooth glowing warm honey skin, expressive almond honey-brown eyes with tightline, delicate straight nose, plump soft rose-pink lips, signature crisp round black bindi centered precisely above eyebrows, voluminous dark espresso black wavy hair with wispy curtain strands, traditional silver oxidised bell-shaped jhumkas and stacked silver bangles) wearing the stylish Classic Partywear Women Dresses in premium Lycra. Facial Expression: intense high-fashion editorial eye contact, relaxed lips with effortless confidence, sharp defined jawline angle. Pose & Camera: Full-Length Runway Strut — full-body walking perspective, one foot forward showing garment movement and flow, hands casually grazing outfit hem in a chic studio setting with natural golden hour lighting. Lighting: Dramatic directional studio key light with subtle shadow contouring. Shot on Hasselblad 50mm / iPhone 16 Pro, authentic 35mm film grain, hyper-realistic fabric drape and texture, 8K ultra-detailed, zero CGI smooth plastic skin.",SUCCESS
205,Classic Partywear Women Dresses,₹342,🌟 High-Fashion Statement Outfit,Sultry Aesthetic Mirror Glance,https://images.meesho.com/images/products/1084635201/afiue_512.webp?width=512,D:\affi;ate\trend-earning-system\photoshoot_pinterest_engine\rendered_posts\PIN_205_classic_partywear_.jpg,"Authentic raw 8K photoshoot of the exact same 21-year-old young Indian creator (youthful soft-oval face shape with delicate jawline, smooth glowing warm honey skin, expressive almond honey-brown eyes with tightline, delicate straight nose, plump soft rose-pink lips, signature crisp round black bindi centered precisely above eyebrows, voluminous dark espresso black wavy hair with wispy curtain strands, traditional silver oxidised bell-shaped jhumkas and stacked silver bangles) wearing the stylish Classic Partywear Women Dresses in premium Lycra. Facial Expression: sultry relaxed gaze looking into mirror reflection through long dark eyelashes, subtle parted lips with natural rose sheen. Pose & Camera: Mirror Selfie Outfit Check — full-length iPhone mirror selfie holding phone in front with aesthetic case, slight hip pop showcasing body contour and waist fit in a chic studio setting with natural golden hour lighting. Lighting: Warm ambient bedroom glow with soft mirror flash highlights. Shot on Hasselblad 50mm / iPhone 16 Pro, authentic 35mm film grain, hyper-realistic fabric drape and texture, 8K ultra-detailed, zero CGI smooth plastic skin.",SUCCESS
206,Classic Partywear Women Dresses,₹342,🌟 High-Fashion Statement Outfit,Regal Ethnic Grace,https://images.meesho.com/images/products/1090241867/7cbgp_512.webp?width=512,D:\affi;ate\trend-earning-system\photoshoot_pinterest_engine\rendered_posts\PIN_206_classic_partywear_.jpg,"Authentic raw 8K photoshoot of the exact same 21-year-old young Indian creator (youthful soft-oval face shape with delicate jawline, smooth glowing warm honey skin, expressive almond honey-brown eyes with tightline, delicate straight nose, plump soft rose-pink lips, signature crisp round black bindi centered precisely above eyebrows, voluminous dark espresso black wavy hair with wispy curtain strands, traditional silver oxidised bell-shaped jhumkas and stacked silver bangles) wearing the stylish Classic Partywear Women Dresses in premium Lycra. Facial Expression: poised regal expression with soft dignified eyes, gentle serene half-smile accentuating her signature centered black bindi. Pose & Camera: Over-The-Shoulder Turn — turning back over shoulder towards camera, highlighting back cut, halter ties, and side silhouette curvature in a chic studio setting with natural golden hour lighting. Lighting: Golden hour sunlight streaming through traditional jharokha courtyard. Shot on Hasselblad 50mm / iPhone 16 Pro, authentic 35mm film grain, hyper-realistic fabric drape and texture, 8K ultra-detailed, zero CGI smooth plastic skin.",SUCCESS
207,Trendy Feminine Women Dresses,₹384,🌟 High-Fashion Statement Outfit,Playful Candid Smirk,https://images.meesho.com/images/products/642565629/mfhl7_512.webp?width=512,D:\affi;ate\trend-earning-system\photoshoot_pinterest_engine\rendered_posts\PIN_207_trendy_feminine_wo.jpg,"Authentic raw 8K photoshoot of the exact same 21-year-old young Indian creator (youthful soft-oval face shape with delicate jawline, smooth glowing warm honey skin, expressive almond honey-brown eyes with tightline, delicate straight nose, plump soft rose-pink lips, signature crisp round black bindi centered precisely above eyebrows, voluminous dark espresso black wavy hair with wispy curtain strands, traditional silver oxidised bell-shaped jhumkas and stacked silver bangles) wearing the stylish Trendy Feminine Women Dresses in premium Lycra. Facial Expression: playful flirtatious smirk with raised eyebrow, cute head-tilt making silver jhumkas sway naturally. Pose & Camera: Seated Luxury Lounge — seated casually on modern velvet armchair, legs crossed elegantly, fabric draping gracefully across the frame in a chic studio setting with natural golden hour lighting. Lighting: Bright natural high-key window daylight. Shot on Hasselblad 50mm / iPhone 16 Pro, authentic 35mm film grain, hyper-realistic fabric drape and texture, 8K ultra-detailed, zero CGI smooth plastic skin.",SUCCESS
208,Trendy Feminine Women Dresses,₹384,🌟 High-Fashion Statement Outfit,Romantic Nostalgic Gaze,https://images.meesho.com/images/products/642565629/4jckg_512.webp?width=512,D:\affi;ate\trend-earning-system\photoshoot_pinterest_engine\rendered_posts\PIN_208_trendy_feminine_wo.jpg,"Authentic raw 8K photoshoot of the exact same 21-year-old young Indian creator (youthful soft-oval face shape with delicate jawline, smooth glowing warm honey skin, expressive almond honey-brown eyes with tightline, delicate straight nose, plump soft rose-pink lips, signature crisp round black bindi centered precisely above eyebrows, voluminous dark espresso black wavy hair with wispy curtain strands, traditional silver oxidised bell-shaped jhumkas and stacked silver bangles) wearing the stylish Trendy Feminine Women Dresses in premium Lycra. Facial Expression: dreamy soft romantic expression, eyes catching bright natural catchlights, gentle feminine chin angle. Pose & Camera: Saree Pallu Flaunt — holding pleated pallu delicately with manicured fingers, shoulder drape highlighted with glistening stacked silver bangles in a chic studio setting with natural golden hour lighting. Lighting: Sunset warm golden hour backlight creating subtle hair rim glow. Shot on Hasselblad 50mm / iPhone 16 Pro, authentic 35mm film grain, hyper-realistic fabric drape and texture, 8K ultra-detailed, zero CGI smooth plastic skin.",SUCCESS
209,Trendy Feminine Women Dresses,₹384,🌟 High-Fashion Statement Outfit,Confident GenZ Creator,https://images.meesho.com/images/products/642565629/3ufbg_512.webp?width=512,D:\affi;ate\trend-earning-system\photoshoot_pinterest_engine\rendered_posts\PIN_209_trendy_feminine_wo.jpg,"Authentic raw 8K photoshoot of the exact same 21-year-old young Indian creator (youthful soft-oval face shape with delicate jawline, smooth glowing warm honey skin, expressive almond honey-brown eyes with tightline, delicate straight nose, plump soft rose-pink lips, signature crisp round black bindi centered precisely above eyebrows, voluminous dark espresso black wavy hair with wispy curtain strands, traditional silver oxidised bell-shaped jhumkas and stacked silver bangles) wearing the stylish Trendy Feminine Women Dresses in premium Lycra. Facial Expression: modern cool girl creator expression, direct charismatic gaze, confident radiant smile with flawless natural skin texture. Pose & Camera: Medium Close-Up Detail — medium 85mm portrait shot, one hand casually touching collarbone/neckline, focusing on fabric texture and earring sparkle in a chic studio setting with natural golden hour lighting. Lighting: Clean crisp ring-light fill mixed with natural soft room daylight. Shot on Hasselblad 50mm / iPhone 16 Pro, authentic 35mm film grain, hyper-realistic fabric drape and texture, 8K ultra-detailed, zero CGI smooth plastic skin.",SUCCESS
210,Trendy Feminine Women Dresses,₹384,🌟 High-Fashion Statement Outfit,Fierce Editorial Stare,https://images.meesho.com/images/products/642565629/7omhc_128.webp?width=512,D:\affi;ate\trend-earning-system\photoshoot_pinterest_engine\rendered_posts\PIN_210_trendy_feminine_wo.jpg,"Authentic raw 8K photoshoot of the exact same 21-year-old young Indian creator (youthful soft-oval face shape with delicate jawline, smooth glowing warm honey skin, expressive almond honey-brown eyes with tightline, delicate straight nose, plump soft rose-pink lips, signature crisp round black bindi centered precisely above eyebrows, voluminous dark espresso black wavy hair with wispy curtain strands, traditional silver oxidised bell-shaped jhumkas and stacked silver bangles) wearing the stylish Trendy Feminine Women Dresses in premium Lycra. Facial Expression: intense high-fashion editorial eye contact, relaxed lips with effortless confidence, sharp defined jawline angle. Pose & Camera: Full-Length Runway Strut — full-body walking perspective, one foot forward showing garment movement and flow, hands casually grazing outfit hem in a chic studio setting with natural golden hour lighting. Lighting: Dramatic directional studio key light with subtle shadow contouring. Shot on Hasselblad 50mm / iPhone 16 Pro, authentic 35mm film grain, hyper-realistic fabric drape and texture, 8K ultra-detailed, zero CGI smooth plastic skin.",SUCCESS
211,Trendy Feminine Women Dresses,₹384,🌟 High-Fashion Statement Outfit,Sultry Aesthetic Mirror Glance,https://images.meesho.com/images/products/658096764/pbq6b_512.webp?width=512,D:\affi;ate\trend-earning-system\photoshoot_pinterest_engine\rendered_posts\PIN_211_trendy_feminine_wo.jpg,"Authentic raw 8K photoshoot of the exact same 21-year-old young Indian creator (youthful soft-oval face shape with delicate jawline, smooth glowing warm honey skin, expressive almond honey-brown eyes with tightline, delicate straight nose, plump soft rose-pink lips, signature crisp round black bindi centered precisely above eyebrows, voluminous dark espresso black wavy hair with wispy curtain strands, traditional silver oxidised bell-shaped jhumkas and stacked silver bangles) wearing the stylish Trendy Feminine Women Dresses in premium Lycra. Facial Expression: sultry relaxed gaze looking into mirror reflection through long dark eyelashes, subtle parted lips with natural rose sheen. Pose & Camera: Mirror Selfie Outfit Check — full-length iPhone mirror selfie holding phone in front with aesthetic case, slight hip pop showcasing body contour and waist fit in a chic studio setting with natural golden hour lighting. Lighting: Warm ambient bedroom glow with soft mirror flash highlights. Shot on Hasselblad 50mm / iPhone 16 Pro, authentic 35mm film grain, hyper-realistic fabric drape and texture, 8K ultra-detailed, zero CGI smooth plastic skin.",SUCCESS
212,Trendy Feminine Women Dresses,₹384,🌟 High-Fashion Statement Outfit,Regal Ethnic Grace,https://images.meesho.com/images/products/676820607/qg5kb_512.webp?width=512,D:\affi;ate\trend-earning-system\photoshoot_pinterest_engine\rendered_posts\PIN_212_trendy_feminine_wo.jpg,"Authentic raw 8K photoshoot of the exact same 21-year-old young Indian creator (youthful soft-oval face shape with delicate jawline, smooth glowing warm honey skin, expressive almond honey-brown eyes with tightline, delicate straight nose, plump soft rose-pink lips, signature crisp round black bindi centered precisely above eyebrows, voluminous dark espresso black wavy hair with wispy curtain strands, traditional silver oxidised bell-shaped jhumkas and stacked silver bangles) wearing the stylish Trendy Feminine Women Dresses in premium Lycra. Facial Expression: poised regal expression with soft dignified eyes, gentle serene half-smile accentuating her signature centered black bindi. Pose & Camera: Over-The-Shoulder Turn — turning back over shoulder towards camera, highlighting back cut, halter ties, and side silhouette curvature in a chic studio setting with natural golden hour lighting. Lighting: Golden hour sunlight streaming through traditional jharokha courtyard. Shot on Hasselblad 50mm / iPhone 16 Pro, authentic 35mm film grain, hyper-realistic fabric drape and texture, 8K ultra-detailed, zero CGI smooth plastic skin.",SUCCESS
213,Trendy Feminine Women Dresses,₹384,🌟 High-Fashion Statement Outfit,Playful Candid Smirk,https://images.meesho.com/images/products/1094987371/rzpts_512.webp?width=512,D:\affi;ate\trend-earning-system\photoshoot_pinterest_engine\rendered_posts\PIN_213_trendy_feminine_wo.jpg,"Authentic raw 8K photoshoot of the exact same 21-year-old young Indian creator (youthful soft-oval face shape with delicate jawline, smooth glowing warm honey skin, expressive almond honey-brown eyes with tightline, delicate straight nose, plump soft rose-pink lips, signature crisp round black bindi centered precisely above eyebrows, voluminous dark espresso black wavy hair with wispy curtain strands, traditional silver oxidised bell-shaped jhumkas and stacked silver bangles) wearing the stylish Trendy Feminine Women Dresses in premium Lycra. Facial Expression: playful flirtatious smirk with raised eyebrow, cute head-tilt making silver jhumkas sway naturally. Pose & Camera: Seated Luxury Lounge — seated casually on modern velvet armchair, legs crossed elegantly, fabric draping gracefully across the frame in a chic studio setting with natural golden hour lighting. Lighting: Bright natural high-key window daylight. Shot on Hasselblad 50mm / iPhone 16 Pro, authentic 35mm film grain, hyper-realistic fabric drape and texture, 8K ultra-detailed, zero CGI smooth plastic skin.",SUCCESS
214,Trendy Feminine Women Dresses,₹384,🌟 High-Fashion Statement Outfit,Romantic Nostalgic Gaze,https://images.meesho.com/images/products/788920545/9udz9_512.webp?width=512,D:\affi;ate\trend-earning-system\photoshoot_pinterest_engine\rendered_posts\PIN_214_trendy_feminine_wo.jpg,"Authentic raw 8K photoshoot of the exact same 21-year-old young Indian creator (youthful soft-oval face shape with delicate jawline, smooth glowing warm honey skin, expressive almond honey-brown eyes with tightline, delicate straight nose, plump soft rose-pink lips, signature crisp round black bindi centered precisely above eyebrows, voluminous dark espresso black wavy hair with wispy curtain strands, traditional silver oxidised bell-shaped jhumkas and stacked silver bangles) wearing the stylish Trendy Feminine Women Dresses in premium Lycra. Facial Expression: dreamy soft romantic expression, eyes catching bright natural catchlights, gentle feminine chin angle. Pose & Camera: Saree Pallu Flaunt — holding pleated pallu delicately with manicured fingers, shoulder drape highlighted with glistening stacked silver bangles in a chic studio setting with natural golden hour lighting. Lighting: Sunset warm golden hour backlight creating subtle hair rim glow. Shot on Hasselblad 50mm / iPhone 16 Pro, authentic 35mm film grain, hyper-realistic fabric drape and texture, 8K ultra-detailed, zero CGI smooth plastic skin.",SUCCESS
215,Trendy Feminine Women Dresses,₹384,🌟 High-Fashion Statement Outfit,Confident GenZ Creator,https://images.meesho.com/images/products/646368491/evogw_512.webp?width=512,D:\affi;ate\trend-earning-system\photoshoot_pinterest_engine\rendered_posts\PIN_215_trendy_feminine_wo.jpg,"Authentic raw 8K photoshoot of the exact same 21-year-old young Indian creator (youthful soft-oval face shape with delicate jawline, smooth glowing warm honey skin, expressive almond honey-brown eyes with tightline, delicate straight nose, plump soft rose-pink lips, signature crisp round black bindi centered precisely above eyebrows, voluminous dark espresso black wavy hair with wispy curtain strands, traditional silver oxidised bell-shaped jhumkas and stacked silver bangles) wearing the stylish Trendy Feminine Women Dresses in premium Lycra. Facial Expression: modern cool girl creator expression, direct charismatic gaze, confident radiant smile with flawless natural skin texture. Pose & Camera: Medium Close-Up Detail — medium 85mm portrait shot, one hand casually touching collarbone/neckline, focusing on fabric texture and earring sparkle in a chic studio setting with natural golden hour lighting. Lighting: Clean crisp ring-light fill mixed with natural soft room daylight. Shot on Hasselblad 50mm / iPhone 16 Pro, authentic 35mm film grain, hyper-realistic fabric drape and texture, 8K ultra-detailed, zero CGI smooth plastic skin.",SUCCESS
216,Trendy Feminine Women Dresses,₹384,🌟 High-Fashion Statement Outfit,Fierce Editorial Stare,https://images.meesho.com/images/products/631725611/k0bmb_512.webp?width=512,D:\affi;ate\trend-earning-system\photoshoot_pinterest_engine\rendered_posts\PIN_216_trendy_feminine_wo.jpg,"Authentic raw 8K photoshoot of the exact same 21-year-old young Indian creator (youthful soft-oval face shape with delicate jawline, smooth glowing warm honey skin, expressive almond honey-brown eyes with tightline, delicate straight nose, plump soft rose-pink lips, signature crisp round black bindi centered precisely above eyebrows, voluminous dark espresso black wavy hair with wispy curtain strands, traditional silver oxidised bell-shaped jhumkas and stacked silver bangles) wearing the stylish Trendy Feminine Women Dresses in premium Lycra. Facial Expression: intense high-fashion editorial eye contact, relaxed lips with effortless confidence, sharp defined jawline angle. Pose & Camera: Full-Length Runway Strut — full-body walking perspective, one foot forward showing garment movement and flow, hands casually grazing outfit hem in a chic studio setting with natural golden hour lighting. Lighting: Dramatic directional studio key light with subtle shadow contouring. Shot on Hasselblad 50mm / iPhone 16 Pro, authentic 35mm film grain, hyper-realistic fabric drape and texture, 8K ultra-detailed, zero CGI smooth plastic skin.",SUCCESS
